# ************************************************************
# Sequel Pro SQL dump
# Version 4096
#
# http://www.sequelpro.com/
# http://code.google.com/p/sequel-pro/
#
# Host: 123.59.59.233 (MySQL 5.6.26-log)
# Database: phalcon
# Generation Time: 2015-09-22 12:27:06 +0000
# ************************************************************


/*!40101 SET @OLD_CHARACTER_SET_CLIENT=@@CHARACTER_SET_CLIENT */;
/*!40101 SET @OLD_CHARACTER_SET_RESULTS=@@CHARACTER_SET_RESULTS */;
/*!40101 SET @OLD_COLLATION_CONNECTION=@@COLLATION_CONNECTION */;
/*!40101 SET NAMES utf8 */;
/*!40014 SET @OLD_FOREIGN_KEY_CHECKS=@@FOREIGN_KEY_CHECKS, FOREIGN_KEY_CHECKS=0 */;
/*!40101 SET @OLD_SQL_MODE=@@SQL_MODE, SQL_MODE='NO_AUTO_VALUE_ON_ZERO' */;
/*!40111 SET @OLD_SQL_NOTES=@@SQL_NOTES, SQL_NOTES=0 */;


# Dump of table activity_log
# ------------------------------------------------------------

DROP TABLE IF EXISTS `activity_log`;

CREATE TABLE `activity_log` (
  `id` int(10) unsigned NOT NULL AUTO_INCREMENT,
  `created_at` timestamp NOT NULL DEFAULT CURRENT_TIMESTAMP,
  `updated_at` timestamp NOT NULL DEFAULT CURRENT_TIMESTAMP ON UPDATE CURRENT_TIMESTAMP,
  `action_type` int(11) NOT NULL DEFAULT '0',
  `child_action_type` int(11) NOT NULL DEFAULT '0',
  `ip` varchar(24) COLLATE utf8_unicode_ci NOT NULL DEFAULT '',
  `reamId` varchar(64) COLLATE utf8_unicode_ci DEFAULT '',
  `reamType` int(11) DEFAULT NULL,
  `targetReamId` varchar(64) COLLATE utf8_unicode_ci DEFAULT '',
  `targetReamType` int(11) DEFAULT NULL,
  `platform` tinyint(4) DEFAULT '0',
  `version` varchar(24) COLLATE utf8_unicode_ci DEFAULT '',
  `deviceId` varchar(256) COLLATE utf8_unicode_ci DEFAULT '',
  `jsonContent` varchar(1024) COLLATE utf8_unicode_ci DEFAULT '',
  PRIMARY KEY (`id`)
) ENGINE=InnoDB DEFAULT CHARSET=utf8 COLLATE=utf8_unicode_ci;

LOCK TABLES `activity_log` WRITE;
/*!40000 ALTER TABLE `activity_log` DISABLE KEYS */;

INSERT INTO `activity_log` (`id`, `created_at`, `updated_at`, `action_type`, `child_action_type`, `ip`, `reamId`, `reamType`, `targetReamId`, `targetReamType`, `platform`, `version`, `deviceId`, `jsonContent`)
VALUES
	(2644,'2015-09-22 19:29:44','2015-09-22 19:29:44',0,0,'221.221.177.0','237',1,'0',0,0,'1.0','','{\"success\":true,\"userid\":\"237\",\"mobile\":\"13661101935\"}'),
	(2645,'2015-09-22 19:34:47','2015-09-22 19:34:47',0,0,'221.221.177.0','238',1,'0',0,0,'1.0','','{\"success\":true,\"userid\":\"238\",\"mobile\":\"18611768663\"}'),
	(2646,'2015-09-22 19:41:27','2015-09-22 19:41:27',0,0,'221.221.177.0','239',1,'0',0,0,'1.0','','{\"success\":true,\"userid\":\"239\",\"mobile\":\"18633795181\"}'),
	(2647,'2015-09-22 19:42:23','2015-09-22 19:42:23',0,0,'221.221.177.0','240',2,'0',0,0,'1.0','','{\"success\":true,\"userid\":\"240\",\"mobile\":\"13661101933\"}'),
	(2648,'2015-09-22 19:44:37','2015-09-22 19:44:37',0,0,'221.221.177.0','241',2,'0',0,0,'1.0','','{\"success\":true,\"userid\":\"241\",\"mobile\":\"15133612381\"}'),
	(2649,'2015-09-22 19:45:10','2015-09-22 19:45:10',0,0,'221.221.177.0','242',1,'0',0,0,'1.0','','{\"success\":true,\"userid\":\"242\",\"mobile\":\"18610794321\"}'),
	(2650,'2015-09-22 19:45:17','2015-09-22 19:45:17',16,0,'221.221.177.0','240',2,'237',1,0,'1.0','','{\"success\":true,\"dockCityCode\":\"tianjin\"}'),
	(2651,'2015-09-22 19:52:49','2015-09-22 19:52:49',0,0,'no_ip','243',0,'0',0,0,'1.0','','{\"success\":true,\"userid\":\"243\",\"mobile\":18611768664}'),
	(2652,'2015-09-22 19:52:49','2015-09-22 19:52:49',0,0,'no_ip','244',0,'0',0,0,'1.0','','{\"success\":true,\"userid\":\"244\",\"mobile\":13910531861}'),
	(2653,'2015-09-22 19:52:49','2015-09-22 19:52:49',0,0,'no_ip','245',0,'0',0,0,'1.0','','{\"success\":true,\"userid\":\"245\",\"mobile\":15010447505}'),
	(2654,'2015-09-22 19:56:31','2015-09-22 19:56:31',0,0,'221.221.177.0','246',1,'0',0,0,'1.0','','{\"success\":true,\"userid\":\"246\",\"mobile\":\"13641069324\"}'),
	(2655,'2015-09-22 19:57:52','2015-09-22 19:57:52',0,0,'221.221.177.0','247',2,'0',0,0,'1.0','','{\"success\":true,\"userid\":\"247\",\"mobile\":\"18233565928\"}'),
	(2656,'2015-09-22 20:01:38','2015-09-22 20:01:38',16,0,'221.221.177.0','247',2,'246',1,0,'1.0','','{\"success\":true,\"dockCityCode\":\"tianjin\"}'),
	(2657,'2015-09-22 20:01:40','2015-09-22 20:01:40',0,0,'221.221.177.0','248',2,'0',0,0,'1.0','','{\"success\":true,\"userid\":\"248\",\"mobile\":\"18611768665\"}'),
	(2658,'2015-09-22 20:03:33','2015-09-22 20:03:33',17,7,'221.221.177.0','237',1,'187',9,0,'','','{\"orderid\":\"187\",\"product_supply_time\":\"2015-09-22 20:00:00\",\"product_supply_time_id\":\"333\",\"product_address_id\":\"230\"}'),
	(2659,'2015-09-22 20:03:33','2015-09-22 20:03:33',17,7,'221.221.177.0','237',1,'187',9,0,'','','{\"orderid\":\"187\",\"product_supply_time\":\"2015-09-10 05:00:00\",\"product_supply_time_id\":\"334\",\"product_address_id\":\"230\"}'),
	(2660,'2015-09-22 20:03:33','2015-09-22 20:03:33',17,7,'221.221.177.0','237',1,'187',9,0,'','','{\"orderid\":\"187\",\"product_supply_time\":\"2015-09-19 06:30:00\",\"product_supply_time_id\":\"335\",\"product_address_id\":\"230\"}'),
	(2661,'2015-09-22 20:03:33','2015-09-22 20:03:33',17,1,'221.221.177.0','237',1,'187',8,0,'','','{\"provinceid\":\"3520\",\"product_address_id\":\"230\",\"cityid\":\"3521\",\"townid\":\"3523\",\"address\":\"\\u957f\\u5b89\\u8857\\u5929\\u5b89\\u95e8\",\"orderid\":\"187\",\"contact_name\":\"\\u718a\\u732b\",\"contact_mobile\":\"\\u5fae\\u4fe1\"}'),
	(2662,'2015-09-22 20:03:33','2015-09-22 20:03:33',18,0,'221.221.177.0','237',1,'240',2,0,'1.0','','{\"result\":{\"error_code\":0,\"error_msg\":\"\\u786e\\u8ba4\\u63a5\\u5355\\u6210\\u529f\\u3002\",\"data\":[]}}'),
	(2663,'2015-09-22 20:04:01','2015-09-22 20:04:01',17,3,'221.221.177.0','237',1,'187',7,0,'','','{\"box_id\":\"495102\",\"box_code\":\"123\",\"box_ensupe\":\"234\",\"orderid\":\"187\"}'),
	(2664,'2015-09-22 20:04:10','2015-09-22 20:04:10',17,3,'221.221.177.0','237',1,'187',7,0,'','','{\"box_id\":\"495103\",\"box_code\":\"234\",\"box_ensupe\":\"345\",\"orderid\":\"187\"}'),
	(2665,'2015-09-22 20:04:19','2015-09-22 20:04:19',17,3,'221.221.177.0','237',1,'187',7,0,'','','{\"box_id\":\"495104\",\"box_code\":\"345\",\"box_ensupe\":\"456\",\"orderid\":\"187\"}'),
	(2666,'2015-09-22 20:04:25','2015-09-22 20:04:25',16,0,'221.221.177.0','248',2,'238',1,0,'1.0','','{\"success\":true,\"dockCityCode\":\"tianjin\"}'),
	(2667,'2015-09-22 20:04:27','2015-09-22 20:04:27',17,3,'221.221.177.0','237',1,'187',7,0,'','','{\"box_id\":\"495105\",\"box_code\":\"456\",\"box_ensupe\":\"567\",\"orderid\":\"187\"}'),
	(2668,'2015-09-22 20:04:35','2015-09-22 20:04:35',17,3,'221.221.177.0','237',1,'187',7,0,'','','{\"box_id\":\"495106\",\"box_code\":\"567\",\"box_ensupe\":\"678\",\"orderid\":\"187\"}'),
	(2669,'2015-09-22 20:04:42','2015-09-22 20:04:42',17,3,'221.221.177.0','237',1,'187',7,0,'','','{\"box_id\":\"495107\",\"box_code\":\"678\",\"box_ensupe\":\"789\",\"orderid\":\"187\"}'),
	(2670,'2015-09-22 20:08:07','2015-09-22 20:08:07',0,0,'221.221.177.0','249',2,'0',0,0,'1.0','','{\"success\":true,\"userid\":\"249\",\"mobile\":\"18210286771\"}'),
	(2671,'2015-09-22 20:10:55','2015-09-22 20:10:55',0,0,'221.221.177.0','250',1,'0',0,0,'1.0','','{\"success\":true,\"userid\":\"250\",\"mobile\":\"18210286772\"}'),
	(2672,'2015-09-22 20:11:00','2015-09-22 20:11:00',17,7,'221.221.177.0','246',1,'188',9,0,'','','{\"orderid\":\"188\",\"product_supply_time\":\"2015-09-22 20:00:00\",\"product_supply_time_id\":\"336\",\"product_address_id\":\"231\"}'),
	(2673,'2015-09-22 20:11:00','2015-09-22 20:11:00',17,1,'221.221.177.0','246',1,'188',8,0,'','','{\"provinceid\":\"4546\",\"product_address_id\":\"231\",\"cityid\":\"4598\",\"townid\":\"4605\",\"address\":\"\\u592a\\u6e56\\u4e2d\\u5b66\",\"orderid\":\"188\",\"contact_name\":\"\\u8f89\\u54e5\",\"contact_mobile\":\"13641069324\"}'),
	(2674,'2015-09-22 20:11:00','2015-09-22 20:11:00',18,0,'221.221.177.0','246',1,'247',2,0,'1.0','','{\"result\":{\"error_code\":0,\"error_msg\":\"\\u786e\\u8ba4\\u63a5\\u5355\\u6210\\u529f\\u3002\",\"data\":[]}}'),
	(2675,'2015-09-22 20:13:42','2015-09-22 20:13:42',17,7,'221.221.177.0','238',1,'189',9,0,'','','{\"orderid\":\"189\",\"product_supply_time\":\"2015-09-22 22:00:00\",\"product_supply_time_id\":\"337\",\"product_address_id\":\"232\"}'),
	(2676,'2015-09-22 20:13:42','2015-09-22 20:13:42',17,1,'221.221.177.0','238',1,'189',8,0,'','','{\"provinceid\":\"3520\",\"product_address_id\":\"232\",\"cityid\":\"3521\",\"townid\":\"3530\",\"address\":\"\\u679c\\u56ed\\u5730\\u94c1\",\"orderid\":\"189\",\"contact_name\":\"burt3\",\"contact_mobile\":\"140\"}'),
	(2677,'2015-09-22 20:13:42','2015-09-22 20:13:42',17,7,'221.221.177.0','238',1,'189',9,0,'','','{\"orderid\":\"189\",\"product_supply_time\":\"2015-09-22 21:00:00\",\"product_supply_time_id\":\"338\",\"product_address_id\":\"233\"}'),
	(2678,'2015-09-22 20:13:42','2015-09-22 20:13:42',17,1,'221.221.177.0','238',1,'189',8,0,'','','{\"provinceid\":\"3520\",\"product_address_id\":\"233\",\"cityid\":\"3521\",\"townid\":\"3524\",\"address\":\"\\u53cc\\u6865\\u5730\\u94c1\",\"orderid\":\"189\",\"contact_name\":\"burt2\",\"contact_mobile\":\"130\"}'),
	(2679,'2015-09-22 20:13:42','2015-09-22 20:13:42',17,7,'221.221.177.0','238',1,'189',9,0,'','','{\"orderid\":\"189\",\"product_supply_time\":\"2015-09-22 21:00:00\",\"product_supply_time_id\":\"339\",\"product_address_id\":\"234\"}'),
	(2680,'2015-09-22 20:13:42','2015-09-22 20:13:42',17,1,'221.221.177.0','238',1,'189',8,0,'','','{\"provinceid\":\"3520\",\"product_address_id\":\"234\",\"cityid\":\"3521\",\"townid\":\"3524\",\"address\":\"\\u56db\\u60e0\\u5730\\u94c1\",\"orderid\":\"189\",\"contact_name\":\"burt1\",\"contact_mobile\":\"120\"}'),
	(2681,'2015-09-22 20:13:42','2015-09-22 20:13:42',17,7,'221.221.177.0','238',1,'189',9,0,'','','{\"orderid\":\"189\",\"product_supply_time\":\"2015-09-22 20:00:00\",\"product_supply_time_id\":\"340\",\"product_address_id\":\"235\"}'),
	(2682,'2015-09-22 20:13:42','2015-09-22 20:13:42',17,1,'221.221.177.0','238',1,'189',8,0,'','','{\"provinceid\":\"3520\",\"product_address_id\":\"235\",\"cityid\":\"3521\",\"townid\":\"3524\",\"address\":\"\\u5927\\u671b\\u8def\",\"orderid\":\"189\",\"contact_name\":\"burt\",\"contact_mobile\":\"110\"}'),
	(2683,'2015-09-22 20:13:42','2015-09-22 20:13:42',18,0,'221.221.177.0','238',1,'248',2,0,'1.0','','{\"result\":{\"error_code\":0,\"error_msg\":\"\\u786e\\u8ba4\\u63a5\\u5355\\u6210\\u529f\\u3002\",\"data\":[]}}'),
	(2684,'2015-09-22 20:14:23','2015-09-22 20:14:23',17,2,'221.221.177.0','238',1,'189',3,0,'','','{\"assign_id\":\"343\",\"box_id\":\"495111\",\"driver_id\":\"243\",\"product_supply_time_id\":\"340\",\"address_id\":\"235\",\"orderid\":\"189\"}'),
	(2685,'2015-09-22 20:14:23','2015-09-22 20:14:23',17,2,'221.221.177.0','238',1,'189',3,0,'','','{\"assign_id\":\"344\",\"box_id\":\"495111\",\"driver_id\":\"243\",\"product_supply_time_id\":\"339\",\"address_id\":\"234\",\"orderid\":\"189\"}'),
	(2686,'2015-09-22 20:14:23','2015-09-22 20:14:23',17,2,'221.221.177.0','238',1,'189',3,0,'','','{\"assign_id\":\"345\",\"box_id\":\"495111\",\"driver_id\":\"243\",\"product_supply_time_id\":\"338\",\"address_id\":\"233\",\"orderid\":\"189\"}'),
	(2687,'2015-09-22 20:14:23','2015-09-22 20:14:23',17,2,'221.221.177.0','238',1,'189',3,0,'','','{\"assign_id\":\"346\",\"box_id\":\"495111\",\"driver_id\":\"243\",\"product_supply_time_id\":\"337\",\"address_id\":\"232\",\"orderid\":\"189\"}'),
	(2688,'2015-09-22 20:14:24','2015-09-22 20:14:24',25,0,'221.221.177.0','jpush',5,'243',0,2,'1.0','','{\"platform\":\"android\",\"alert\":\"\\u60a8\\u8fd0\\u9001\\u7684\\u96c6\\u88c5\\u7bb1\\u6709\\u53d8\\u5316\\uff0c\\u8bf7\\u67e5\\u770b\",\"title\":\"\",\"builder_id\":0,\"extras\":{\"action_type\":\"app\",\"data\":{\"towhere\":\"detail\",\"params\":{\"driver_id\":\"243\",\"assign_id\":\"346\",\"order_id\":\"189\",\"box_id\":\"495111\",\"weburl\":\"\"}}}}'),
	(2689,'2015-09-22 20:18:42','2015-09-22 20:18:42',16,0,'221.221.177.0','249',2,'250',1,0,'1.0','','{\"success\":true,\"dockCityCode\":\"tianjin\"}');

/*!40000 ALTER TABLE `activity_log` ENABLE KEYS */;
UNLOCK TABLES;


# Dump of table admin_access
# ------------------------------------------------------------

DROP TABLE IF EXISTS `admin_access`;

CREATE TABLE `admin_access` (
  `id` int(11) NOT NULL AUTO_INCREMENT,
  `group_id` int(11) NOT NULL DEFAULT '0' COMMENT '的ID',
  `fid` int(11) NOT NULL DEFAULT '0' COMMENT '功能的ID',
  `type` tinyint(1) NOT NULL DEFAULT '1' COMMENT '标识是用户组还是用户1为用户组2为用户,默认为用户组',
  PRIMARY KEY (`id`)
) ENGINE=InnoDB DEFAULT CHARSET=utf8 COMMENT='权限表';

LOCK TABLES `admin_access` WRITE;
/*!40000 ALTER TABLE `admin_access` DISABLE KEYS */;

INSERT INTO `admin_access` (`id`, `group_id`, `fid`, `type`)
VALUES
	(419,15,3,1),
	(420,15,5,1),
	(422,15,514,1),
	(424,15,34,1),
	(425,15,51,1),
	(426,15,61,1),
	(427,15,62,1),
	(428,15,6,1);

/*!40000 ALTER TABLE `admin_access` ENABLE KEYS */;
UNLOCK TABLES;


# Dump of table admin_function
# ------------------------------------------------------------

DROP TABLE IF EXISTS `admin_function`;

CREATE TABLE `admin_function` (
  `id` int(11) NOT NULL AUTO_INCREMENT,
  `url` varchar(200) NOT NULL DEFAULT '' COMMENT '功能的路由',
  `name` varchar(255) NOT NULL DEFAULT '' COMMENT '节点的名字',
  `pid` int(11) NOT NULL DEFAULT '0' COMMENT '节点的父节点，此值一般用于输出树形结构，0则为顶级',
  `sort` int(11) NOT NULL DEFAULT '0' COMMENT '排序',
  `public` tinyint(1) NOT NULL DEFAULT '1' COMMENT '功能的可见性。 0:私有 1:公有',
  `display` tinyint(1) NOT NULL DEFAULT '0' COMMENT '1为显示为菜单，0则不显示',
  `level` tinyint(2) NOT NULL DEFAULT '1' COMMENT '第几级菜单',
  `mark` varchar(255) NOT NULL DEFAULT '' COMMENT '备注',
  `created_at` timestamp NOT NULL DEFAULT CURRENT_TIMESTAMP COMMENT '生成时间',
  PRIMARY KEY (`id`)
) ENGINE=InnoDB DEFAULT CHARSET=utf8 COMMENT='权限节点表';

LOCK TABLES `admin_function` WRITE;
/*!40000 ALTER TABLE `admin_function` DISABLE KEYS */;

INSERT INTO `admin_function` (`id`, `url`, `name`, `pid`, `sort`, `public`, `display`, `level`, `mark`, `created_at`)
VALUES
	(1,'/','Dashboard',0,0,1,0,0,'主页','0000-00-00 00:00:00'),
	(2,'dashboard','Dashboard',1,0,1,1,1,'主页','0000-00-00 00:00:00'),
	(3,'basicStatics','基础统计',0,0,0,0,1,'功能管理页面','0000-00-00 00:00:00'),
	(4,'bizStatics','业务统计',0,0,0,0,1,'用户组删除、批量删除','0000-00-00 00:00:00'),
	(5,'bizManagement','业务管理',0,0,0,0,1,'用户删除','0000-00-00 00:00:00'),
	(6,'car','用户管理',0,0,0,0,1,'增加功能菜单','0000-00-00 00:00:00'),
	(7,'cmsManagement','CMS',0,0,0,0,1,'功能菜单排序','0000-00-00 00:00:00'),
	(8,'appManagement','APP管理',0,0,0,0,1,'文章列表','0000-00-00 00:00:00'),
	(9,'powerManagement','权限管理',0,0,0,1,1,'mark','0000-00-00 00:00:00'),
	(10,'powerManagement/listMenu','权限定制菜单',0,0,1,1,1,'mark','0000-00-00 00:00:00'),
	(31,'basicStatics/page','页面数据统计',3,0,0,1,2,'','0000-00-00 00:00:00'),
	(32,'basicStatics/user','用户数据统计',3,0,0,1,2,'增加一个用户','0000-00-00 00:00:00'),
	(33,'basicStatics/sendMsgStat','短信发送量统计',3,0,0,1,2,'增加用户组','0000-00-00 00:00:00'),
	(34,'basicStatics/picVerifyStat','验证码触发统计',3,0,1,0,2,'用户组编辑','0000-00-00 00:00:00'),
	(41,'bizStatics/priceStat','报价统计',4,0,0,1,2,'用户组权限管理','0000-00-00 00:00:00'),
	(42,'bizStatics/queryStat','查价统计',4,0,0,1,2,'用户编辑','0000-00-00 00:00:00'),
	(51,'bizManagement/priceManagement','报价管理',5,0,0,1,2,'用户权限管理、设置用户权限','0000-00-00 00:00:00'),
	(61,'cargoerManagement/cargoes','货代用户管理',6,0,0,1,2,'功能菜单编辑','0000-00-00 00:00:00'),
	(62,'carTeamManagement/carTeams','车队用户管理',6,0,0,1,2,'功能菜单删除','0000-00-00 00:00:00'),
	(71,'cmsManagement/spread','推广位设置',7,0,0,1,2,'内容管理','0000-00-00 00:00:00'),
	(72,'cmsManagement/bannerSetting','banner设置',7,0,0,1,2,'发表文章','0000-00-00 00:00:00'),
	(81,'appManagement/listApp','APP下载',8,0,0,1,2,'文章分类管理','0000-00-00 00:00:00'),
	(82,'appManagement/addApp','APP-增加app',8,0,0,0,2,'0','0000-00-00 00:00:00'),
	(83,'appManagement/delApp','APP-删除app',8,0,0,0,2,'0','0000-00-00 00:00:00'),
	(341,'cmsManagement/delSpread','推广位-删除推广',34,0,0,0,3,'0','0000-00-00 00:00:00'),
	(511,'bizManagement/enablePrice','报价管理-上架',51,0,0,0,3,'sss','0000-00-00 00:00:00'),
	(512,'bizManagement/disablePrice','报价管理-下架',51,0,0,0,3,'sss','0000-00-00 00:00:00'),
	(513,'bizManagement/deletePrice','报价管理-删除',51,0,0,0,3,'xdd','0000-00-00 00:00:00'),
	(514,'cmsManagement/spread','报价管理-首页推广',51,0,0,0,3,'xss','0000-00-00 00:00:00'),
	(611,'cargoerManagement/lockCargo','货代管理-锁定用户',61,0,0,0,3,'xss','0000-00-00 00:00:00'),
	(612,'cargoerManagement/unlockCargo','货代管理-解锁用户',61,0,0,0,3,'cdd','0000-00-00 00:00:00'),
	(613,'cargoerManagement/deleteCargo','货代管理-删除用户',61,0,0,0,3,'0','0000-00-00 00:00:00'),
	(621,'carTeamManagement/auditSuccess','车队管理-通过审核',62,0,0,0,3,'0','0000-00-00 00:00:00'),
	(622,'carTeamManagement/deleteCarTeam','车队管理-删除用户',62,0,0,0,3,'0','0000-00-00 00:00:00'),
	(623,'carTeamManagement/auditLook','车队管理-查看审核',62,0,0,0,3,'0','0000-00-00 00:00:00'),
	(624,'carTeamManagement/auditFail','车队管理-驳回审核',62,0,0,0,3,'0','0000-00-00 00:00:00'),
	(625,'carTeamManagement/lockCarTeam','车队管理-锁定用户',62,0,0,0,3,'0','0000-00-00 00:00:00'),
	(626,'carTeamManagement/unlockCarTeam','车队管理-解锁用户',62,0,0,0,3,'0','0000-00-00 00:00:00');

/*!40000 ALTER TABLE `admin_function` ENABLE KEYS */;
UNLOCK TABLES;


# Dump of table admin_group
# ------------------------------------------------------------

DROP TABLE IF EXISTS `admin_group`;

CREATE TABLE `admin_group` (
  `id` int(11) NOT NULL AUTO_INCREMENT,
  `group_name` varchar(255) NOT NULL COMMENT '用户组名',
  `mark` varchar(255) NOT NULL COMMENT '备注',
  `status` tinyint(1) NOT NULL DEFAULT '1' COMMENT '是否禁用',
  `level` int(11) NOT NULL DEFAULT '0' COMMENT '用户组等级，预留字段',
  `created_at` timestamp NOT NULL DEFAULT CURRENT_TIMESTAMP COMMENT '生成时间',
  `updated_at` timestamp NOT NULL DEFAULT CURRENT_TIMESTAMP ON UPDATE CURRENT_TIMESTAMP COMMENT 'update time',
  PRIMARY KEY (`id`),
  UNIQUE KEY `group_name_unique` (`group_name`)
) ENGINE=InnoDB DEFAULT CHARSET=utf8 COMMENT='用户组表';

LOCK TABLES `admin_group` WRITE;
/*!40000 ALTER TABLE `admin_group` DISABLE KEYS */;

INSERT INTO `admin_group` (`id`, `group_name`, `mark`, `status`, `level`, `created_at`, `updated_at`)
VALUES
	(14,'跟单组','',1,6,'2015-09-15 11:19:53','2015-09-15 11:19:53'),
	(15,'用户组进化','级别：A',1,2,'0000-00-00 00:00:00','2015-09-15 16:49:20'),
	(16,'跟单组权限模板','系统内置请勿删除',2,2,'0000-00-00 00:00:00','2015-09-15 16:49:15'),
	(17,'管理员组模板','系统内置请勿删除',2,2,'0000-00-00 00:00:00','2015-09-15 16:49:08'),
	(18,'用户分组5','级别：A',1,2,'0000-00-00 00:00:00','0000-00-00 00:00:00');

/*!40000 ALTER TABLE `admin_group` ENABLE KEYS */;
UNLOCK TABLES;


# Dump of table admin_log
# ------------------------------------------------------------

DROP TABLE IF EXISTS `admin_log`;

CREATE TABLE `admin_log` (
  `id` int(11) NOT NULL AUTO_INCREMENT,
  `username` varchar(50) NOT NULL DEFAULT '' COMMENT '登录的用户名',
  `admin_user_id` int(11) NOT NULL DEFAULT '0' COMMENT '登录的用户ID',
  `ip` varchar(20) NOT NULL COMMENT 'ip地址',
  `action_type` tinyint(4) NOT NULL DEFAULT '0' COMMENT '后台事件类型',
  `json_content` varchar(1000) NOT NULL DEFAULT '' COMMENT '事件的结构化数据',
  `log_msg` varchar(600) NOT NULL DEFAULT '' COMMENT 'log_msg',
  `targetReamId` int(11) NOT NULL DEFAULT '0',
  `targetReamType` int(4) NOT NULL DEFAULT '0',
  `created_at` timestamp NOT NULL DEFAULT CURRENT_TIMESTAMP COMMENT '生成时间',
  PRIMARY KEY (`id`)
) ENGINE=InnoDB DEFAULT CHARSET=utf8;

LOCK TABLES `admin_log` WRITE;
/*!40000 ALTER TABLE `admin_log` DISABLE KEYS */;

INSERT INTO `admin_log` (`id`, `username`, `admin_user_id`, `ip`, `action_type`, `json_content`, `log_msg`, `targetReamId`, `targetReamType`, `created_at`)
VALUES
	(386,'admin',0,'123.113.150.91',5,'{\"old_admin_userid\":\"\",\"orderid\":\"14\",\"admin_userid\":\"7\"}','',14,1,'2015-09-15 17:21:30'),
	(387,'admin',0,'123.113.150.91',5,'{\"old_admin_userid\":\"\",\"orderid\":\"14\",\"admin_userid\":\"1\"}','',14,1,'2015-09-15 17:22:32'),
	(388,'yanpeng',0,'123.113.150.91',5,'{\"old_admin_userid\":\"\",\"orderid\":\"28\",\"admin_userid\":\"9\"}','',28,1,'2015-09-15 20:08:17'),
	(389,'yanpeng',0,'123.113.150.91',5,'{\"old_admin_userid\":\"\",\"orderid\":\"28\",\"admin_userid\":\"9\"}','',28,1,'2015-09-15 20:08:20'),
	(390,'weizongqi',0,'123.113.150.91',5,'{\"old_admin_userid\":\"\",\"orderid\":\"30\",\"admin_userid\":\"7\"}','',30,1,'2015-09-15 21:05:03'),
	(391,'huihui',0,'127.0.0.1',5,'{\"old_admin_userid\":\"\",\"orderid\":\"33\",\"admin_userid\":\"6\"}','',33,1,'0000-00-00 00:00:00'),
	(392,'huihui',0,'127.0.0.1',5,'{\"old_admin_userid\":\"\",\"orderid\":\"29\",\"admin_userid\":\"11\"}','',29,1,'0000-00-00 00:00:00'),
	(393,'huihui',0,'127.0.0.1',5,'{\"old_admin_userid\":\"\",\"orderid\":\"39\",\"admin_userid\":\"8\"}','',39,1,'0000-00-00 00:00:00'),
	(394,'huihui',0,'127.0.0.1',5,'{\"old_admin_userid\":\"\",\"orderid\":\"41\",\"admin_userid\":\"4\"}','',41,1,'0000-00-00 00:00:00'),
	(395,'haibo',0,'123.113.150.91',5,'{\"old_admin_userid\":\"\",\"orderid\":\"43\",\"admin_userid\":\"15\"}','',43,1,'2015-09-16 15:06:35'),
	(396,'huihui',0,'127.0.0.1',5,'{\"old_admin_userid\":\"\",\"orderid\":\"48\",\"admin_userid\":\"13\"}','',48,1,'0000-00-00 00:00:00'),
	(397,'huihui',0,'127.0.0.1',5,'{\"old_admin_userid\":\"\",\"orderid\":\"48\",\"admin_userid\":\"5\"}','',48,1,'0000-00-00 00:00:00'),
	(398,'huihui',0,'127.0.0.1',5,'{\"old_admin_userid\":\"\",\"orderid\":\"48\",\"admin_userid\":\"7\"}','',48,1,'0000-00-00 00:00:00'),
	(399,'huihui',0,'127.0.0.1',5,'{\"old_admin_userid\":\"\",\"orderid\":\"48\",\"admin_userid\":\"5\"}','',48,1,'0000-00-00 00:00:00'),
	(400,'yanpeng',0,'123.113.150.91',5,'{\"old_admin_userid\":\"\",\"orderid\":\"33\",\"admin_userid\":\"9\"}','',33,1,'2015-09-16 16:35:07'),
	(401,'yanpeng',0,'123.113.150.91',5,'{\"old_admin_userid\":\"\",\"orderid\":\"33\",\"admin_userid\":\"9\"}','',33,1,'2015-09-16 16:35:09'),
	(402,'kenny',0,'123.113.150.91',5,'{\"old_admin_userid\":\"\",\"orderid\":\"71\",\"admin_userid\":\"13\"}','',71,1,'2015-09-17 11:19:58'),
	(403,'kenny',0,'114.250.253.232',5,'{\"old_admin_userid\":\"\",\"orderid\":\"74\",\"admin_userid\":\"13\"}','',74,1,'2015-09-17 15:16:06'),
	(404,'huihui',0,'127.0.0.1',5,'{\"old_admin_userid\":\"\",\"orderid\":\"123\",\"admin_userid\":\"11\"}','',123,1,'0000-00-00 00:00:00'),
	(405,'huihui',0,'127.0.0.1',5,'{\"old_admin_userid\":\"\",\"orderid\":\"123\",\"admin_userid\":\"11\"}','',123,1,'0000-00-00 00:00:00'),
	(406,'huihui',0,'127.0.0.1',5,'{\"old_admin_userid\":\"\",\"orderid\":\"124\",\"admin_userid\":\"6\"}','',124,1,'0000-00-00 00:00:00'),
	(407,'huihui',0,'127.0.0.1',5,'{\"old_admin_userid\":\"\",\"orderid\":\"124\",\"admin_userid\":\"6\"}','',124,1,'0000-00-00 00:00:00'),
	(408,'huihui',0,'114.250.253.232',5,'{\"old_admin_userid\":\"\",\"orderid\":\"125\",\"admin_userid\":\"15\"}','',125,1,'2015-09-18 19:27:57'),
	(409,'huihui',0,'127.0.0.1',5,'{\"old_admin_userid\":\"\",\"orderid\":\"125\",\"admin_userid\":\"3\"}','',125,1,'0000-00-00 00:00:00'),
	(410,'weizongqi',0,'114.250.253.232',5,'{\"old_admin_userid\":\"\",\"orderid\":\"112\",\"admin_userid\":\"7\"}','',112,1,'2015-09-18 19:55:18'),
	(411,'weizongqi',0,'114.250.253.232',5,'{\"old_admin_userid\":\"\",\"orderid\":\"33\",\"admin_userid\":\"7\"}','',33,1,'2015-09-18 19:59:27'),
	(412,'admin',2,'127.0.0.1',7,'Array','',0,0,'0000-00-00 00:00:00'),
	(416,'huihui',3,'221.221.177.0',7,'Array','',0,0,'2015-09-22 19:59:59'),
	(417,'',0,'221.221.177.0',1,'{\"admin_userid\":\"4\"}','admin登录了',0,0,'2015-09-22 20:00:48'),
	(418,'huihui',4,'127.0.0.1',5,'{\"old_admin_userid\":\"\",\"orderid\":\"189\",\"admin_userid\":\"16\"}','',189,1,'0000-00-00 00:00:00'),
	(419,'huihui',4,'127.0.0.1',5,'{\"old_admin_userid\":\"\",\"orderid\":\"190\",\"admin_userid\":\"8\"}','',190,1,'0000-00-00 00:00:00');

/*!40000 ALTER TABLE `admin_log` ENABLE KEYS */;
UNLOCK TABLES;


# Dump of table admin_order
# ------------------------------------------------------------

DROP TABLE IF EXISTS `admin_order`;

CREATE TABLE `admin_order` (
  `id` int(10) unsigned NOT NULL AUTO_INCREMENT,
  `admin_id` int(10) unsigned NOT NULL DEFAULT '0',
  `order_id` int(10) NOT NULL DEFAULT '0',
  `status` int(6) NOT NULL DEFAULT '1' COMMENT '1普通跟单2转交跟单',
  `created_at` timestamp NOT NULL DEFAULT CURRENT_TIMESTAMP COMMENT '生成时间',
  `updated_at` timestamp NOT NULL DEFAULT CURRENT_TIMESTAMP ON UPDATE CURRENT_TIMESTAMP COMMENT 'update time',
  PRIMARY KEY (`id`),
  UNIQUE KEY `order_id_unique` (`order_id`),
  UNIQUE KEY `order_userid_uniq` (`admin_id`,`order_id`)
) ENGINE=InnoDB DEFAULT CHARSET=utf8;

LOCK TABLES `admin_order` WRITE;
/*!40000 ALTER TABLE `admin_order` DISABLE KEYS */;

INSERT INTO `admin_order` (`id`, `admin_id`, `order_id`, `status`, `created_at`, `updated_at`)
VALUES
	(158,3,187,1,'2015-09-22 19:45:17','2015-09-22 19:45:17'),
	(159,5,188,1,'2015-09-22 20:01:38','2015-09-22 20:01:38'),
	(160,16,189,1,'2015-09-22 20:04:25','2015-09-22 20:04:25'),
	(161,8,190,2,'2015-09-22 20:18:42','2015-09-22 20:18:42');

/*!40000 ALTER TABLE `admin_order` ENABLE KEYS */;
UNLOCK TABLES;


# Dump of table admin_user_group
# ------------------------------------------------------------

DROP TABLE IF EXISTS `admin_user_group`;

CREATE TABLE `admin_user_group` (
  `id` int(11) unsigned NOT NULL AUTO_INCREMENT,
  `group_id` int(11) unsigned NOT NULL DEFAULT '0',
  `user_id` int(11) unsigned NOT NULL DEFAULT '0',
  `enable` tinyint(1) unsigned NOT NULL DEFAULT '1',
  `created_at` timestamp NOT NULL DEFAULT CURRENT_TIMESTAMP COMMENT '生成时间',
  `updated_at` timestamp NOT NULL DEFAULT CURRENT_TIMESTAMP,
  PRIMARY KEY (`id`),
  UNIQUE KEY `user_group_uniq` (`group_id`,`user_id`)
) ENGINE=InnoDB DEFAULT CHARSET=utf8;

LOCK TABLES `admin_user_group` WRITE;
/*!40000 ALTER TABLE `admin_user_group` DISABLE KEYS */;

INSERT INTO `admin_user_group` (`id`, `group_id`, `user_id`, `enable`, `created_at`, `updated_at`)
VALUES
	(1,14,1,0,'0000-00-00 00:00:00','2015-09-21 16:48:14'),
	(2,15,1,0,'0000-00-00 00:00:00','2015-09-21 16:48:14'),
	(4,14,4,0,'0000-00-00 00:00:00','2015-09-21 16:48:14'),
	(7,14,7,1,'0000-00-00 00:00:00','2015-09-21 16:48:14'),
	(8,15,5,1,'0000-00-00 00:00:00','2015-09-21 16:48:14'),
	(9,14,8,1,'0000-00-00 00:00:00','2015-09-21 16:48:14'),
	(10,14,10,1,'0000-00-00 00:00:00','2015-09-21 16:48:14'),
	(11,14,11,1,'0000-00-00 00:00:00','2015-09-21 16:48:14'),
	(23,15,13,1,'2015-09-15 17:20:31','2015-09-21 16:48:14'),
	(27,17,7,1,'2015-09-15 19:43:47','2015-09-21 16:48:14'),
	(29,15,7,1,'2015-09-15 19:44:30','2015-09-21 16:48:14'),
	(30,16,7,1,'2015-09-15 19:45:41','2015-09-21 16:48:14'),
	(31,14,3,1,'0000-00-00 00:00:00','2015-09-21 16:48:14'),
	(32,14,15,1,'0000-00-00 00:00:00','2015-09-21 16:48:14'),
	(34,14,17,1,'2015-09-18 10:18:08','2015-09-21 16:48:14'),
	(35,14,9,1,'2015-09-18 10:18:13','2015-09-21 16:48:14'),
	(36,14,13,1,'2015-09-21 16:26:07','2015-09-21 16:48:14'),
	(37,14,5,1,'2015-09-21 16:26:24','2015-09-21 16:48:14'),
	(38,14,16,1,'2015-09-21 16:26:38','2015-09-21 16:48:14');

/*!40000 ALTER TABLE `admin_user_group` ENABLE KEYS */;
UNLOCK TABLES;


# Dump of table admin_users
# ------------------------------------------------------------

DROP TABLE IF EXISTS `admin_users`;

CREATE TABLE `admin_users` (
  `id` int(10) unsigned NOT NULL AUTO_INCREMENT,
  `username` varchar(32) COLLATE utf8_unicode_ci NOT NULL DEFAULT '',
  `password` varchar(64) COLLATE utf8_unicode_ci NOT NULL DEFAULT '',
  `salt` char(30) COLLATE utf8_unicode_ci NOT NULL DEFAULT '',
  `real_name` varchar(32) COLLATE utf8_unicode_ci NOT NULL DEFAULT '' COMMENT '真实姓名',
  `phone_number` char(16) COLLATE utf8_unicode_ci NOT NULL DEFAULT '' COMMENT '联系电话',
  `email` varchar(32) COLLATE utf8_unicode_ci DEFAULT NULL COMMENT '邮箱',
  `avatarpicurl` varchar(128) COLLATE utf8_unicode_ci DEFAULT NULL COMMENT '头像',
  `user_status` tinyint(4) NOT NULL DEFAULT '1',
  `created_at` timestamp NOT NULL DEFAULT CURRENT_TIMESTAMP COMMENT '生成时间',
  `updated_at` timestamp NOT NULL DEFAULT CURRENT_TIMESTAMP ON UPDATE CURRENT_TIMESTAMP COMMENT 'update time',
  PRIMARY KEY (`id`)
) ENGINE=InnoDB DEFAULT CHARSET=utf8 COLLATE=utf8_unicode_ci;

LOCK TABLES `admin_users` WRITE;
/*!40000 ALTER TABLE `admin_users` DISABLE KEYS */;

INSERT INTO `admin_users` (`id`, `username`, `password`, `salt`, `real_name`, `phone_number`, `email`, `avatarpicurl`, `user_status`, `created_at`, `updated_at`)
VALUES
	(1,'haibo','3F77D1568B3AA420044F696355C61EEB','','王海波','',NULL,NULL,3,'2015-09-15 11:21:56','2015-09-15 11:21:56'),
	(2,'bowen','F59BD65F7EDAFB087A81D4DCA06C4910','','陈博文','','',NULL,1,'0000-00-00 00:00:00','0000-00-00 00:00:00'),
	(3,'huihui','F59BD65F7EDAFB087A81D4DCA06C4910','','wanghui','','',NULL,1,'0000-00-00 00:00:00','0000-00-00 00:00:00'),
	(4,'admin','3F77D1568B3AA420044F696355C61EEB','','admin','','',NULL,1,'0000-00-00 00:00:00','0000-00-00 00:00:00'),
	(5,'chao','F59BD65F7EDAFB087A81D4DCA06C4910','','chao','','',NULL,1,'2015-09-15 12:46:58','2015-09-22 20:09:10'),
	(7,'weizongqi','16B0133C0C1252F04E8969FEC73B993D','','韦宗圻','13720044402','',NULL,1,'2015-09-15 15:12:07','2015-09-15 15:12:07'),
	(8,'liuhan','F59BD65F7EDAFB087A81D4DCA06C4910','','刘晗','','',NULL,1,'0000-00-00 00:00:00','0000-00-00 00:00:00'),
	(9,'yanpeng','F59BD65F7EDAFB087A81D4DCA06C4910','','阎鹏','','',NULL,1,'0000-00-00 00:00:00','0000-00-00 00:00:00'),
	(10,'qinna','F59BD65F7EDAFB087A81D4DCA06C4910','','琴那','','',NULL,1,'0000-00-00 00:00:00','0000-00-00 00:00:00'),
	(11,'zhilei','F59BD65F7EDAFB087A81D4DCA06C4910','','志磊','','',NULL,1,'0000-00-00 00:00:00','0000-00-00 00:00:00'),
	(13,'kenny','ADC1E2D75C9CDF696C9957449B6AFA9E','','姚恺','18500606404','k@kenny.cc',NULL,1,'2015-09-15 17:20:20','2015-09-15 17:20:20'),
	(15,'wanghui','F59BD65F7EDAFB087A81D4DCA06C4910','','王辉','','',NULL,1,'2015-09-15 18:03:45','2015-09-15 18:03:45'),
	(16,'kenny1','ADC1E2D75C9CDF696C9957449B6AFA9E','','kenny','','',NULL,1,'2015-09-17 02:09:33','2015-09-17 02:09:33'),
	(17,'chelme','ADC1E2D75C9CDF696C9957449B6AFA9E','','赵嘉莹','','',NULL,1,'2015-09-17 02:39:59','2015-09-17 02:39:59');

/*!40000 ALTER TABLE `admin_users` ENABLE KEYS */;
UNLOCK TABLES;


# Dump of table app_driver_feedback
# ------------------------------------------------------------

DROP TABLE IF EXISTS `app_driver_feedback`;

CREATE TABLE `app_driver_feedback` (
  `id` int(11) NOT NULL AUTO_INCREMENT COMMENT '主键',
  `driver_id` int(11) NOT NULL DEFAULT '0' COMMENT '司机id',
  `driver_mobile` varchar(50) COLLATE utf8_bin NOT NULL DEFAULT '' COMMENT '司机手机',
  `content` varchar(500) COLLATE utf8_bin NOT NULL DEFAULT '' COMMENT '反馈内容',
  `status` tinyint(4) NOT NULL DEFAULT '1' COMMENT '0隐藏，1展示',
  `create_time` datetime NOT NULL DEFAULT CURRENT_TIMESTAMP COMMENT '创建时间',
  `update_time` datetime NOT NULL DEFAULT CURRENT_TIMESTAMP COMMENT '更新时间',
  PRIMARY KEY (`id`),
  KEY `driver_id` (`driver_id`)
) ENGINE=InnoDB DEFAULT CHARSET=utf8 COLLATE=utf8_bin COMMENT='司机app反馈表';



# Dump of table app_versions
# ------------------------------------------------------------

DROP TABLE IF EXISTS `app_versions`;

CREATE TABLE `app_versions` (
  `id` int(10) unsigned NOT NULL AUTO_INCREMENT,
  `created_at` timestamp NOT NULL DEFAULT CURRENT_TIMESTAMP,
  `updated_at` timestamp NOT NULL DEFAULT CURRENT_TIMESTAMP ON UPDATE CURRENT_TIMESTAMP,
  `app_url` varchar(256) COLLATE utf8_unicode_ci NOT NULL,
  `platform` tinyint(4) NOT NULL,
  `version` varchar(16) COLLATE utf8_unicode_ci NOT NULL DEFAULT '',
  `enable` tinyint(1) NOT NULL DEFAULT '1',
  PRIMARY KEY (`id`)
) ENGINE=InnoDB DEFAULT CHARSET=utf8 COLLATE=utf8_unicode_ci;



# Dump of table apply_admin
# ------------------------------------------------------------

DROP TABLE IF EXISTS `apply_admin`;

CREATE TABLE `apply_admin` (
  `id` int(11) unsigned NOT NULL AUTO_INCREMENT,
  `userid` int(11) unsigned NOT NULL,
  `status` int(11) NOT NULL,
  `enterprise_name` varchar(128) CHARACTER SET utf8 COLLATE utf8_unicode_ci DEFAULT '' COMMENT '企业名字',
  `enterprise_licence` varchar(64) CHARACTER SET utf8 COLLATE utf8_unicode_ci DEFAULT '' COMMENT '企业执照注册号',
  `cargo_pic` varchar(128) NOT NULL DEFAULT '' COMMENT '营业执照',
  `official_letter` varchar(128) NOT NULL DEFAULT '' COMMENT '企业账户管理公函',
  `contactNumber` varchar(32) CHARACTER SET utf8 COLLATE utf8_unicode_ci NOT NULL DEFAULT '' COMMENT '企业联系电话',
  `ownerName` varchar(64) CHARACTER SET utf8 COLLATE utf8_unicode_ci NOT NULL DEFAULT '',
  `ownerIdentityCardId` varchar(32) CHARACTER SET utf8 COLLATE utf8_unicode_ci NOT NULL DEFAULT '' COMMENT '车队负责人身份证号',
  `account_type` int(11) NOT NULL COMMENT '类型（货代 车队）',
  `city_id` int(11) DEFAULT NULL COMMENT '所在的城市',
  `established_date` timestamp NOT NULL DEFAULT CURRENT_TIMESTAMP COMMENT '公司的成立时间',
  `updated_at` timestamp NOT NULL DEFAULT CURRENT_TIMESTAMP ON UPDATE CURRENT_TIMESTAMP,
  PRIMARY KEY (`id`)
) ENGINE=InnoDB DEFAULT CHARSET=utf8;

LOCK TABLES `apply_admin` WRITE;
/*!40000 ALTER TABLE `apply_admin` DISABLE KEYS */;

INSERT INTO `apply_admin` (`id`, `userid`, `status`, `enterprise_name`, `enterprise_licence`, `cargo_pic`, `official_letter`, `contactNumber`, `ownerName`, `ownerIdentityCardId`, `account_type`, `city_id`, `established_date`, `updated_at`)
VALUES
	(39,237,4,'王松林车队','123456789','http://7xjljc.com2.z0.glb.qiniucdn.com/237-1442921571-2844.jpg','','','','010-12345678-1234',1,33,'2015-09-22 19:32:56','2015-09-22 19:32:56'),
	(40,238,4,'北京burt测试车队','8182384629464','http://7xjljc.com2.z0.glb.qiniucdn.com/238-1442921789-2411.png','','','','086-01010086',1,3521,'2015-09-22 19:37:54','2015-09-22 19:37:54'),
	(41,239,4,'韦其车队','123891273981723','http://7xjljc.com2.z0.glb.qiniucdn.com/239-1442922124-1268.GIF','','','','010-23909090-300',1,3521,'2015-09-22 19:42:08','2015-09-22 19:42:08'),
	(42,240,4,'王松林货代','987654321','http://7xjljc.com2.z0.glb.qiniucdn.com/240-1442922186-3452.jpg','','','','010-12345678-1234',2,33,'2015-09-22 19:43:10','2015-09-22 19:43:10'),
	(43,242,4,'蛋蛋车队','7618281','http://7xjljc.com2.z0.glb.qiniucdn.com/242-1442922475-7703.jpg','','','','0354-8231728',1,3798,'2015-09-22 19:48:37','2015-09-22 19:48:37'),
	(44,247,4,'蛋蛋货代','1324256378171178273321','http://7xjljc.com2.z0.glb.qiniucdn.com/247-1442923133-9706.jpg','','','','020-8129233',2,3539,'2015-09-22 19:58:57','2015-09-22 19:58:57'),
	(45,246,4,'辉哥车队','1111','http://7xjljc.com2.z0.glb.qiniucdn.com/246-1442923160-7787.txt','','','','010-8678433',1,4598,'2015-09-22 19:59:52','2015-09-22 19:59:52'),
	(46,241,4,'韦其货代','12903819287398','http://7xjljc.com2.z0.glb.qiniucdn.com/241-1442923284-3283.PDF','','','','010-37483294-823',2,3521,'2015-09-22 20:01:50','2015-09-22 20:01:50'),
	(47,248,4,'北京burt货代','123123123','http://7xjljc.com2.z0.glb.qiniucdn.com/248-1442923331-7570.doc','','','','010-01010086',2,3521,'2015-09-22 20:03:27','2015-09-22 20:03:27'),
	(48,249,4,'啟志货代','288002','http://7xjljc.com2.z0.glb.qiniucdn.com/249-1442923758-4425.jpg','','','','010-82807867-111',2,33,'2015-09-22 20:09:26','2015-09-22 20:09:26'),
	(49,250,4,'啟志车队','3266533','http://7xjljc.com2.z0.glb.qiniucdn.com/250-1442923894-4579.jpeg','','','','010-78907060-211',1,34,'2015-09-22 20:11:38','2015-09-22 20:11:38');

/*!40000 ALTER TABLE `apply_admin` ENABLE KEYS */;
UNLOCK TABLES;


# Dump of table car_team_user
# ------------------------------------------------------------

DROP TABLE IF EXISTS `car_team_user`;

CREATE TABLE `car_team_user` (
  `id` int(10) unsigned NOT NULL AUTO_INCREMENT,
  `created_at` timestamp NOT NULL DEFAULT CURRENT_TIMESTAMP,
  `updated_at` timestamp NOT NULL DEFAULT CURRENT_TIMESTAMP ON UPDATE CURRENT_TIMESTAMP,
  `userid` int(11) unsigned NOT NULL,
  `teamName` varchar(64) COLLATE utf8_unicode_ci NOT NULL DEFAULT '' COMMENT '车队名',
  `teamPic` varchar(256) COLLATE utf8_unicode_ci NOT NULL DEFAULT '' COMMENT '营业执照',
  `ownerName` varchar(64) COLLATE utf8_unicode_ci NOT NULL DEFAULT '',
  `ownerIdentityCardId` varchar(32) COLLATE utf8_unicode_ci NOT NULL DEFAULT '' COMMENT '车队负责人身份证号',
  `status` int(11) NOT NULL,
  `audit_status` int(11) NOT NULL,
  `idcard_pic` varchar(64) COLLATE utf8_unicode_ci NOT NULL DEFAULT '' COMMENT '身份证图片',
  PRIMARY KEY (`id`),
  UNIQUE KEY `userid` (`userid`)
) ENGINE=InnoDB DEFAULT CHARSET=utf8 COLLATE=utf8_unicode_ci;

LOCK TABLES `car_team_user` WRITE;
/*!40000 ALTER TABLE `car_team_user` DISABLE KEYS */;

INSERT INTO `car_team_user` (`id`, `created_at`, `updated_at`, `userid`, `teamName`, `teamPic`, `ownerName`, `ownerIdentityCardId`, `status`, `audit_status`, `idcard_pic`)
VALUES
	(33,'2015-09-22 19:29:44','2015-09-22 19:29:44',237,'王松林车队','','','',1,4,''),
	(34,'2015-09-22 19:34:47','2015-09-22 19:34:47',238,'北京burt测试车队','','','',1,4,''),
	(35,'2015-09-22 19:41:27','2015-09-22 19:41:27',239,'韦其车队','','','',1,4,''),
	(36,'2015-09-22 19:45:10','2015-09-22 19:45:10',242,'蛋蛋车队','','','',1,4,''),
	(37,'2015-09-22 19:56:31','2015-09-22 19:56:31',246,'辉哥车队','','','',1,4,''),
	(38,'2015-09-22 20:10:55','2015-09-22 20:10:55',250,'啟志车队','','','',1,4,'');

/*!40000 ALTER TABLE `car_team_user` ENABLE KEYS */;
UNLOCK TABLES;


# Dump of table cms_content
# ------------------------------------------------------------

DROP TABLE IF EXISTS `cms_content`;

CREATE TABLE `cms_content` (
  `id` int(10) unsigned NOT NULL AUTO_INCREMENT,
  `created_at` timestamp NOT NULL DEFAULT CURRENT_TIMESTAMP,
  `updated_at` timestamp NOT NULL DEFAULT CURRENT_TIMESTAMP ON UPDATE CURRENT_TIMESTAMP,
  `content` varchar(256) COLLATE utf8_unicode_ci NOT NULL DEFAULT '',
  `cms_type` int(11) NOT NULL,
  `platform` tinyint(4) DEFAULT NULL,
  `version` varchar(16) COLLATE utf8_unicode_ci NOT NULL DEFAULT '',
  `enable` tinyint(1) NOT NULL DEFAULT '1',
  PRIMARY KEY (`id`)
) ENGINE=InnoDB DEFAULT CHARSET=utf8 COLLATE=utf8_unicode_ci;



# Dump of table enterprise_group
# ------------------------------------------------------------

DROP TABLE IF EXISTS `enterprise_group`;

CREATE TABLE `enterprise_group` (
  `id` int(11) unsigned NOT NULL AUTO_INCREMENT,
  `enterprise_id` varchar(64) CHARACTER SET utf8 COLLATE utf8_unicode_ci NOT NULL DEFAULT '' COMMENT '企业id',
  `group_name` varchar(32) NOT NULL DEFAULT '',
  `description` varchar(500) DEFAULT '',
  `updated_at` timestamp NOT NULL DEFAULT CURRENT_TIMESTAMP ON UPDATE CURRENT_TIMESTAMP,
  `created_at` timestamp NOT NULL DEFAULT CURRENT_TIMESTAMP,
  PRIMARY KEY (`id`)
) ENGINE=InnoDB DEFAULT CHARSET=utf8 COMMENT='企业分组表';



# Dump of table event_daily_statistic
# ------------------------------------------------------------

DROP TABLE IF EXISTS `event_daily_statistic`;

CREATE TABLE `event_daily_statistic` (
  `id` int(10) unsigned NOT NULL AUTO_INCREMENT,
  `year_int` int(8) unsigned NOT NULL DEFAULT '0',
  `month_int` tinyint(4) unsigned NOT NULL DEFAULT '0',
  `day_int` tinyint(4) unsigned NOT NULL DEFAULT '0',
  `static_event_type` tinyint(4) unsigned NOT NULL DEFAULT '0',
  `child_action_type` tinyint(4) unsigned NOT NULL DEFAULT '0',
  `times_int` int(10) NOT NULL DEFAULT '0',
  `platform_type` int(6) unsigned NOT NULL DEFAULT '1' COMMENT '1数据来自activilog 2数据来自adminlog',
  `record_time` timestamp NOT NULL DEFAULT CURRENT_TIMESTAMP COMMENT '统计时间',
  `created_at` timestamp NOT NULL DEFAULT CURRENT_TIMESTAMP COMMENT '生成时间',
  PRIMARY KEY (`id`)
) ENGINE=InnoDB DEFAULT CHARSET=utf8;



# Dump of table event_hourly_statistic
# ------------------------------------------------------------

DROP TABLE IF EXISTS `event_hourly_statistic`;

CREATE TABLE `event_hourly_statistic` (
  `id` int(10) unsigned NOT NULL AUTO_INCREMENT,
  `year_int` int(8) unsigned NOT NULL DEFAULT '0',
  `month_int` tinyint(4) unsigned NOT NULL DEFAULT '0',
  `day_int` tinyint(4) unsigned NOT NULL DEFAULT '0',
  `hour_int` tinyint(4) unsigned NOT NULL DEFAULT '0',
  `static_event_type` tinyint(4) unsigned NOT NULL DEFAULT '0',
  `child_action_type` tinyint(4) unsigned NOT NULL DEFAULT '0',
  `times_int` int(10) NOT NULL DEFAULT '0',
  `platform_type` int(6) unsigned NOT NULL DEFAULT '1' COMMENT '1数据来自activilog 2数据来自adminlog',
  `record_time` timestamp NOT NULL DEFAULT CURRENT_TIMESTAMP COMMENT '统计时间',
  `created_at` timestamp NOT NULL DEFAULT CURRENT_TIMESTAMP COMMENT '生成时间',
  PRIMARY KEY (`id`)
) ENGINE=InnoDB DEFAULT CHARSET=utf8;



# Dump of table freightagent_user
# ------------------------------------------------------------

DROP TABLE IF EXISTS `freightagent_user`;

CREATE TABLE `freightagent_user` (
  `id` int(10) unsigned NOT NULL AUTO_INCREMENT,
  `created_at` timestamp NOT NULL DEFAULT CURRENT_TIMESTAMP,
  `updated_at` timestamp NOT NULL DEFAULT CURRENT_TIMESTAMP ON UPDATE CURRENT_TIMESTAMP,
  `userid` int(11) unsigned NOT NULL,
  `status` int(11) NOT NULL,
  `audit_status` int(11) NOT NULL,
  `avartar_idcard_pic` varchar(64) COLLATE utf8_unicode_ci NOT NULL DEFAULT '' COMMENT '持证照片',
  `idcard_back_pic` varchar(64) COLLATE utf8_unicode_ci NOT NULL DEFAULT '' COMMENT '身份证照片',
  `cargo_pic` varchar(64) COLLATE utf8_unicode_ci NOT NULL DEFAULT '' COMMENT '营业执照',
  PRIMARY KEY (`id`),
  UNIQUE KEY `userid` (`userid`)
) ENGINE=InnoDB DEFAULT CHARSET=utf8 COLLATE=utf8_unicode_ci COMMENT='货代信息表';

LOCK TABLES `freightagent_user` WRITE;
/*!40000 ALTER TABLE `freightagent_user` DISABLE KEYS */;

INSERT INTO `freightagent_user` (`id`, `created_at`, `updated_at`, `userid`, `status`, `audit_status`, `avartar_idcard_pic`, `idcard_back_pic`, `cargo_pic`)
VALUES
	(44,'2015-09-22 19:42:23','2015-09-22 19:42:23',240,1,4,'','',''),
	(45,'2015-09-22 19:44:37','2015-09-22 19:44:37',241,1,4,'','',''),
	(46,'2015-09-22 19:57:52','2015-09-22 19:57:52',247,1,4,'','',''),
	(47,'2015-09-22 20:01:40','2015-09-22 20:01:40',248,1,4,'','',''),
	(48,'2015-09-22 20:08:07','2015-09-22 20:08:07',249,1,4,'','','');

/*!40000 ALTER TABLE `freightagent_user` ENABLE KEYS */;
UNLOCK TABLES;


# Dump of table group_function
# ------------------------------------------------------------

DROP TABLE IF EXISTS `group_function`;

CREATE TABLE `group_function` (
  `id` int(11) unsigned NOT NULL AUTO_INCREMENT,
  `groupid` int(11) NOT NULL,
  `functionid` int(11) NOT NULL,
  PRIMARY KEY (`id`)
) ENGINE=InnoDB DEFAULT CHARSET=utf8 COMMENT='组权限关联表';



# Dump of table input_sms
# ------------------------------------------------------------

DROP TABLE IF EXISTS `input_sms`;

CREATE TABLE `input_sms` (
  `id` int(11) unsigned NOT NULL AUTO_INCREMENT,
  `mobileNumber` varchar(30) NOT NULL COMMENT '发短信mobile',
  `channelnumber` varchar(30) NOT NULL COMMENT 'channelnumber',
  `addSerialRev` varchar(30) DEFAULT '' COMMENT 'addSerialRev',
  `addSerial` varchar(30) DEFAULT '' COMMENT 'addSerial',
  `smsContent` varchar(150) NOT NULL COMMENT '预计的发短信内容',
  `sentTime` timestamp NOT NULL DEFAULT CURRENT_TIMESTAMP COMMENT '生成时间',
  `receive_time` timestamp NOT NULL DEFAULT CURRENT_TIMESTAMP ON UPDATE CURRENT_TIMESTAMP COMMENT 'update时间',
  PRIMARY KEY (`id`)
) ENGINE=InnoDB DEFAULT CHARSET=utf8;



# Dump of table invite_record
# ------------------------------------------------------------

DROP TABLE IF EXISTS `invite_record`;

CREATE TABLE `invite_record` (
  `id` int(11) unsigned NOT NULL AUTO_INCREMENT,
  `inviter_userid` int(11) unsigned NOT NULL COMMENT '邀请人',
  `invitee_userid` int(11) unsigned NOT NULL COMMENT '被邀请人',
  `inviteer_enterpriseid` varchar(64) DEFAULT '' COMMENT '邀请人的企业id',
  `invite_type` tinyint(4) NOT NULL DEFAULT '1' COMMENT '1，搜索邀请加入公司，2，通过链接申请加入公司',
  `status` tinyint(4) NOT NULL DEFAULT '1' COMMENT '1，邀请中，2，成功,3,失败',
  `updated_at` timestamp NOT NULL DEFAULT CURRENT_TIMESTAMP ON UPDATE CURRENT_TIMESTAMP,
  `created_at` timestamp NOT NULL DEFAULT CURRENT_TIMESTAMP,
  PRIMARY KEY (`id`),
  UNIQUE KEY `invite_relation_uniq` (`inviter_userid`,`invitee_userid`)
) ENGINE=InnoDB DEFAULT CHARSET=utf8 COMMENT='邀请记录表';



# Dump of table login_record
# ------------------------------------------------------------

DROP TABLE IF EXISTS `login_record`;

CREATE TABLE `login_record` (
  `id` int(10) unsigned NOT NULL AUTO_INCREMENT,
  `created_at` timestamp NOT NULL DEFAULT CURRENT_TIMESTAMP,
  `updated_at` timestamp NOT NULL DEFAULT CURRENT_TIMESTAMP ON UPDATE CURRENT_TIMESTAMP,
  `user_id` int(11) unsigned NOT NULL,
  `token` varchar(256) COLLATE utf8_unicode_ci NOT NULL DEFAULT '',
  `status` tinyint(4) NOT NULL,
  `expire_date` datetime NOT NULL,
  PRIMARY KEY (`id`),
  KEY `user_id` (`user_id`)
) ENGINE=InnoDB DEFAULT CHARSET=utf8 COLLATE=utf8_unicode_ci COMMENT='登陆日志表';

LOCK TABLES `login_record` WRITE;
/*!40000 ALTER TABLE `login_record` DISABLE KEYS */;

INSERT INTO `login_record` (`id`, `created_at`, `updated_at`, `user_id`, `token`, `status`, `expire_date`)
VALUES
	(1472,'2015-09-22 19:29:44','2015-09-22 19:29:44',237,'237-1443007784',1,'2015-09-23 19:29:44'),
	(1473,'2015-09-22 19:34:47','2015-09-22 19:34:47',238,'238-1443008087',1,'2015-09-23 19:34:47'),
	(1474,'2015-09-22 19:41:27','2015-09-22 19:41:27',239,'239-1443008487',1,'2015-09-23 19:41:27'),
	(1475,'2015-09-22 19:42:23','2015-09-22 19:42:23',240,'240-1443008543',2,'2015-09-23 19:42:23'),
	(1476,'2015-09-22 19:44:37','2015-09-22 19:44:37',241,'241-1443008677',2,'2015-09-23 19:44:37'),
	(1477,'2015-09-22 19:45:10','2015-09-22 19:45:10',242,'242-1443008710',2,'2015-09-23 19:45:10'),
	(1478,'2015-09-22 19:46:25','2015-09-22 19:46:25',241,'241-1443008785',2,'2015-09-23 19:46:25'),
	(1479,'2015-09-22 19:46:25','2015-09-22 19:46:25',241,'241-1443008785',2,'2015-09-23 19:46:25'),
	(1480,'2015-09-22 19:53:05','2015-09-22 19:53:05',243,'243-1443009185',2,'2015-09-23 19:53:05'),
	(1481,'2015-09-22 19:56:31','2015-09-22 19:56:31',246,'246-1443009391',1,'2015-09-23 19:56:31'),
	(1482,'2015-09-22 19:57:52','2015-09-22 19:57:52',247,'247-1443009472',1,'2015-09-23 19:57:52'),
	(1483,'2015-09-22 20:00:40','2015-09-22 20:00:40',241,'241-1443009640',2,'2015-09-23 20:00:40'),
	(1484,'2015-09-22 20:00:40','2015-09-22 20:00:40',241,'241-1443009640',1,'2015-09-23 20:00:40'),
	(1485,'2015-09-22 20:01:40','2015-09-22 20:01:40',248,'248-1443009700',1,'2015-09-23 20:01:40'),
	(1486,'2015-09-22 20:08:07','2015-09-22 20:08:07',249,'249-1443010087',2,'2015-09-23 20:08:07'),
	(1487,'2015-09-22 20:10:55','2015-09-22 20:10:55',250,'250-1443010255',1,'2015-09-23 20:10:55'),
	(1488,'2015-09-22 20:15:06','2015-09-22 20:15:06',240,'240-1443010506',1,'2015-09-23 20:15:06'),
	(1489,'2015-09-22 20:15:26','2015-09-22 20:15:26',249,'249-1443010526',1,'2015-09-23 20:15:26'),
	(1490,'2015-09-22 20:16:30','2015-09-22 20:16:30',242,'242-1443010590',1,'2015-09-23 20:16:30'),
	(1491,'2015-09-22 20:17:58','2015-09-22 20:17:58',243,'243-1443010678',2,'2015-09-23 20:17:58'),
	(1492,'2015-09-22 20:21:17','2015-09-22 20:21:17',243,'243-1443010877',1,'2015-09-23 20:21:17');

/*!40000 ALTER TABLE `login_record` ENABLE KEYS */;
UNLOCK TABLES;


# Dump of table msg_p2p
# ------------------------------------------------------------

DROP TABLE IF EXISTS `msg_p2p`;

CREATE TABLE `msg_p2p` (
  `id` int(11) unsigned NOT NULL AUTO_INCREMENT,
  `sender_id` varchar(128) DEFAULT '' COMMENT '发信人',
  `rec_id` varchar(128) DEFAULT '' COMMENT '收信人',
  `msg_type` tinyint(4) NOT NULL COMMENT '消息类型',
  `msg_status` tinyint(4) DEFAULT NULL COMMENT '信息状态',
  `msg_title` varchar(128) NOT NULL DEFAULT '' COMMENT '站内信title',
  `msg_content` varchar(1000) NOT NULL DEFAULT '' COMMENT '内容',
  `create_time` timestamp NOT NULL DEFAULT CURRENT_TIMESTAMP COMMENT '生成时间',
  `read_time` timestamp NOT NULL DEFAULT CURRENT_TIMESTAMP COMMENT '阅读时间',
  `exp_time` timestamp NOT NULL DEFAULT CURRENT_TIMESTAMP COMMENT '过期时间',
  `deal_url` varchar(300) NOT NULL DEFAULT '' COMMENT '操作url',
  PRIMARY KEY (`id`)
) ENGINE=InnoDB DEFAULT CHARSET=utf8 COMMENT='站内信';



# Dump of table order_assign_driver
# ------------------------------------------------------------

DROP TABLE IF EXISTS `order_assign_driver`;

CREATE TABLE `order_assign_driver` (
  `id` int(11) unsigned NOT NULL AUTO_INCREMENT COMMENT 'id',
  `order_freight_id` int(11) unsigned NOT NULL DEFAULT '0' COMMENT 'order_freight_id',
  `order_freight_boxid` int(11) unsigned NOT NULL DEFAULT '0' COMMENT 'order_freight_boxid',
  `order_product_addressid` int(11) unsigned NOT NULL DEFAULT '0' COMMENT 'order_product_addressid',
  `order_product_timeid` int(11) unsigned NOT NULL DEFAULT '0' COMMENT 'order_product_timeid',
  `driver_user_id` int(11) unsigned NOT NULL DEFAULT '0' COMMENT '司机userid',
  `current_latitude` decimal(20,10) NOT NULL DEFAULT '0.0000000000' COMMENT '当前纬度',
  `current_longitude` decimal(20,10) NOT NULL DEFAULT '0.0000000000' COMMENT '当前经度',
  `assign_status` tinyint(4) NOT NULL DEFAULT '0' COMMENT '当前派单的状态',
  `address_status` tinyint(4) NOT NULL DEFAULT '0' COMMENT '产装地跟踪状态',
  `drop_box_status` tinyint(4) NOT NULL DEFAULT '0' COMMENT '落箱地跟踪状态',
  `enable` tinyint(1) NOT NULL DEFAULT '1' COMMENT '0删除，1有效',
  `create_time` timestamp NOT NULL DEFAULT CURRENT_TIMESTAMP COMMENT '生成时间',
  `update_time` timestamp NOT NULL DEFAULT CURRENT_TIMESTAMP ON UPDATE CURRENT_TIMESTAMP COMMENT 'update time',
  PRIMARY KEY (`id`),
  UNIQUE KEY `bat_ids` (`order_freight_id`,`order_freight_boxid`,`order_product_addressid`,`order_product_timeid`)
) ENGINE=InnoDB DEFAULT CHARSET=utf8 COMMENT='派单表';

LOCK TABLES `order_assign_driver` WRITE;
/*!40000 ALTER TABLE `order_assign_driver` DISABLE KEYS */;

INSERT INTO `order_assign_driver` (`id`, `order_freight_id`, `order_freight_boxid`, `order_product_addressid`, `order_product_timeid`, `driver_user_id`, `current_latitude`, `current_longitude`, `assign_status`, `address_status`, `drop_box_status`, `enable`, `create_time`, `update_time`)
VALUES
	(343,189,495111,235,340,243,0.0000000000,0.0000000000,1,1,0,1,'2015-09-22 20:14:23','2015-09-22 20:19:25'),
	(344,189,495111,234,339,243,0.0000000000,0.0000000000,1,1,0,1,'2015-09-22 20:14:23','2015-09-22 20:24:25'),
	(345,189,495111,233,338,243,0.0000000000,0.0000000000,1,0,0,1,'2015-09-22 20:14:23','2015-09-22 20:14:23'),
	(346,189,495111,232,337,243,0.0000000000,0.0000000000,1,0,0,1,'2015-09-22 20:14:23','2015-09-22 20:14:23');

/*!40000 ALTER TABLE `order_assign_driver` ENABLE KEYS */;
UNLOCK TABLES;


# Dump of table order_box_location
# ------------------------------------------------------------

DROP TABLE IF EXISTS `order_box_location`;

CREATE TABLE `order_box_location` (
  `id` int(11) unsigned NOT NULL AUTO_INCREMENT COMMENT 'id',
  `order_freight_id` int(11) unsigned NOT NULL COMMENT 'order_freight_id',
  `order_assign_driver` int(11) unsigned NOT NULL COMMENT 'order_assign_driver',
  `order_freight_boxid` int(11) unsigned NOT NULL COMMENT 'order_freight_boxid',
  `box_latitude` decimal(20,10) NOT NULL DEFAULT '0.0000000000' COMMENT '位置纬度',
  `box_longitude` decimal(20,10) NOT NULL DEFAULT '0.0000000000' COMMENT '经度',
  `location_source_type` tinyint(4) DEFAULT '0' COMMENT 'location来源类型:gps 基站等',
  `create_time` timestamp NOT NULL DEFAULT CURRENT_TIMESTAMP COMMENT '生成时间',
  `update_time` timestamp NOT NULL DEFAULT CURRENT_TIMESTAMP ON UPDATE CURRENT_TIMESTAMP COMMENT 'update time',
  PRIMARY KEY (`id`)
) ENGINE=InnoDB DEFAULT CHARSET=utf8 COMMENT='产装联系单-集装箱';

LOCK TABLES `order_box_location` WRITE;
/*!40000 ALTER TABLE `order_box_location` DISABLE KEYS */;

INSERT INTO `order_box_location` (`id`, `order_freight_id`, `order_assign_driver`, `order_freight_boxid`, `box_latitude`, `box_longitude`, `location_source_type`, `create_time`, `update_time`)
VALUES
	(2485,189,243,495111,39.9046430000,116.4778440000,2,'2015-09-22 20:19:24','2015-09-22 20:19:24'),
	(2486,189,243,495111,39.9045170000,116.4774950000,2,'2015-09-22 20:24:25','2015-09-22 20:24:25');

/*!40000 ALTER TABLE `order_box_location` ENABLE KEYS */;
UNLOCK TABLES;


# Dump of table order_box_timeline
# ------------------------------------------------------------

DROP TABLE IF EXISTS `order_box_timeline`;

CREATE TABLE `order_box_timeline` (
  `id` int(11) unsigned NOT NULL AUTO_INCREMENT COMMENT 'id',
  `order_freight_id` int(11) unsigned NOT NULL COMMENT 'order_freight_id',
  `order_freight_boxid` int(11) unsigned NOT NULL COMMENT 'order_freight_boxid',
  `boxline_type` tinyint(4) NOT NULL DEFAULT '0' COMMENT 'boxline_type',
  `verify_ream_type` tinyint(4) NOT NULL DEFAULT '0' COMMENT '确认类型',
  `location_msg` varchar(1024) CHARACTER SET utf8 COLLATE utf8_unicode_ci NOT NULL DEFAULT '',
  `verify_ream_id` varchar(64) CHARACTER SET utf8 COLLATE utf8_unicode_ci NOT NULL DEFAULT '',
  `jsonContent` varchar(1024) CHARACTER SET utf8 COLLATE utf8_unicode_ci NOT NULL DEFAULT '',
  `create_time` timestamp NOT NULL DEFAULT CURRENT_TIMESTAMP COMMENT '生成时间',
  `update_time` timestamp NOT NULL DEFAULT CURRENT_TIMESTAMP ON UPDATE CURRENT_TIMESTAMP COMMENT 'update time',
  PRIMARY KEY (`id`)
) ENGINE=InnoDB DEFAULT CHARSET=utf8 COMMENT='order_box_timeline';

LOCK TABLES `order_box_timeline` WRITE;
/*!40000 ALTER TABLE `order_box_timeline` DISABLE KEYS */;

INSERT INTO `order_box_timeline` (`id`, `order_freight_id`, `order_freight_boxid`, `boxline_type`, `verify_ream_type`, `location_msg`, `verify_ream_id`, `jsonContent`, `create_time`, `update_time`)
VALUES
	(1024,187,495102,0,0,'已确认箱号及铅封号，箱   号：123  铅封号：234','','','2015-09-22 20:04:01','2015-09-22 20:04:01'),
	(1025,187,495103,0,0,'已确认箱号及铅封号，箱   号：234  铅封号：345','','','2015-09-22 20:04:10','2015-09-22 20:04:10'),
	(1026,187,495104,0,0,'已确认箱号及铅封号，箱   号：345  铅封号：456','','','2015-09-22 20:04:19','2015-09-22 20:04:19'),
	(1027,187,495105,0,0,'已确认箱号及铅封号，箱   号：456  铅封号：567','','','2015-09-22 20:04:27','2015-09-22 20:04:27'),
	(1028,187,495106,0,0,'已确认箱号及铅封号，箱   号：567  铅封号：678','','','2015-09-22 20:04:35','2015-09-22 20:04:35'),
	(1029,187,495107,0,0,'已确认箱号及铅封号，箱   号：678  铅封号：789','','','2015-09-22 20:04:42','2015-09-22 20:04:42'),
	(1030,189,495111,0,0,'车辆已经到达北京市朝阳区西大望路靠近光辉桥','243','','2015-09-22 20:19:25','2015-09-22 20:19:25'),
	(1031,189,495111,0,0,'车辆已经到达北京市朝阳区西大望路靠近红辣喜','243','','2015-09-22 20:24:25','2015-09-22 20:24:25');

/*!40000 ALTER TABLE `order_box_timeline` ENABLE KEYS */;
UNLOCK TABLES;


# Dump of table order_freight
# ------------------------------------------------------------

DROP TABLE IF EXISTS `order_freight`;

CREATE TABLE `order_freight` (
  `id` int(11) unsigned NOT NULL AUTO_INCREMENT COMMENT '主键',
  `yundan_code` varchar(20) NOT NULL DEFAULT '' COMMENT '运单号',
  `freightagent_user` int(11) unsigned NOT NULL COMMENT '货代用户id',
  `cock_city_code` varchar(50) NOT NULL COMMENT '港口城市code',
  `import_type` tinyint(4) unsigned NOT NULL COMMENT '进出口类型',
  `carrier_userid` int(11) unsigned NOT NULL COMMENT '承运方用户id',
  `tixiangdan_file_url` varchar(150) DEFAULT NULL COMMENT '提箱单附件url',
  `addresscontact_file_urls` varchar(650) DEFAULT NULL COMMENT '产装联系单附件url',
  `tidan_code` varchar(50) NOT NULL DEFAULT '' COMMENT '提单号',
  `ship_name_id` int(11) NOT NULL DEFAULT '0' COMMENT '船名id',
  `shipping_company_id` int(11) NOT NULL DEFAULT '0' COMMENT '船公司id',
  `ship_ticket` varchar(50) NOT NULL DEFAULT '' COMMENT '船次',
  `ship_ticket_desc` varchar(50) NOT NULL DEFAULT '' COMMENT '船期备注',
  `yard_id` int(11) unsigned NOT NULL DEFAULT '0' COMMENT '指定堆场id',
  `product_name` varchar(50) NOT NULL DEFAULT '' COMMENT '货品名称',
  `product_desc` varchar(150) NOT NULL DEFAULT '' COMMENT '货物信息备注',
  `product_weight` int(11) NOT NULL DEFAULT '0' COMMENT '货品重量',
  `product_box_type` tinyint(4) NOT NULL DEFAULT '0' COMMENT '货物箱型',
  `box_20gp_count` tinyint(4) NOT NULL DEFAULT '0' COMMENT '20GP箱型箱量',
  `box_40gp_count` tinyint(4) NOT NULL DEFAULT '0' COMMENT '40GP箱型箱量',
  `box_40hq_count` tinyint(4) NOT NULL DEFAULT '0' COMMENT '40HQG箱型箱量',
  `box_45hq_count` tinyint(4) NOT NULL DEFAULT '0' COMMENT '45HQG箱型箱量',
  `order_status` tinyint(4) unsigned NOT NULL DEFAULT '0' COMMENT '订单状态',
  `order_total_percent` double NOT NULL DEFAULT '0' COMMENT '订单总体评分',
  `create_time` timestamp NOT NULL DEFAULT CURRENT_TIMESTAMP COMMENT '生成时间',
  `submit_time` timestamp NOT NULL DEFAULT CURRENT_TIMESTAMP COMMENT '货代正式下单时间',
  `update_time` timestamp NOT NULL DEFAULT CURRENT_TIMESTAMP ON UPDATE CURRENT_TIMESTAMP COMMENT 'update time',
  PRIMARY KEY (`id`),
  UNIQUE KEY `yundan_code` (`yundan_code`)
) ENGINE=InnoDB DEFAULT CHARSET=utf8 COMMENT='货代订单表';

LOCK TABLES `order_freight` WRITE;
/*!40000 ALTER TABLE `order_freight` DISABLE KEYS */;

INSERT INTO `order_freight` (`id`, `yundan_code`, `freightagent_user`, `cock_city_code`, `import_type`, `carrier_userid`, `tixiangdan_file_url`, `addresscontact_file_urls`, `tidan_code`, `ship_name_id`, `shipping_company_id`, `ship_ticket`, `ship_ticket_desc`, `yard_id`, `product_name`, `product_desc`, `product_weight`, `product_box_type`, `box_20gp_count`, `box_40gp_count`, `box_40hq_count`, `box_45hq_count`, `order_status`, `order_total_percent`, `create_time`, `submit_time`, `update_time`)
VALUES
	(187,'81146394699',240,'tianjin',1,237,'http://7xjljc.com2.z0.glb.qiniucdn.com/240-1442922314-6565.doc','http://7xjljc.com2.z0.glb.qiniucdn.com/240-1442922262-2909.doc','1a1a1a1a1a1a',77,275,'9999','',59,'东风-31','威力炒鸡大',999999,5,1,2,3,0,2,0,'2015-09-22 19:45:17','2015-09-22 20:03:33','2015-09-22 20:03:33'),
	(188,'81147411875',247,'tianjin',1,246,'http://7xjljc.com2.z0.glb.qiniucdn.com/247-1442923297-4167.doc','http://7xjljc.com2.z0.glb.qiniucdn.com/247-1442923278-7678.doc','777101',40,5,'每个星期4','',59,'猫屎咖啡','备注',16600,3,1,1,1,0,2,0,'2015-09-22 20:01:38','2015-09-22 20:11:00','2015-09-22 20:11:00'),
	(189,'81147590055',248,'tianjin',1,238,'http://7xjljc.com2.z0.glb.qiniucdn.com/248-1442923463-4700.doc','http://7xjljc.com2.z0.glb.qiniucdn.com/248-1442923442-6689.pdf','110120130',16,1,'a112','',3,'苹果','苹果爱坏',110,4,1,0,0,0,2,0,'2015-09-22 20:04:25','2015-09-22 20:13:42','2015-09-22 20:13:42'),
	(190,'81148294765',249,'tianjin',1,250,'http://7xjljc.com2.z0.glb.qiniucdn.com/249-1442924320-5263.doc','http://7xjljc.com2.z0.glb.qiniucdn.com/249-1442924164-3348.doc','177WBBKKXF3904',0,0,'','',0,'','',0,0,0,0,0,0,1,0,'2015-09-22 20:18:42','2015-09-22 20:18:42','2015-09-22 20:18:42');

/*!40000 ALTER TABLE `order_freight` ENABLE KEYS */;
UNLOCK TABLES;


# Dump of table order_freight_box
# ------------------------------------------------------------

DROP TABLE IF EXISTS `order_freight_box`;

CREATE TABLE `order_freight_box` (
  `id` int(11) unsigned NOT NULL AUTO_INCREMENT COMMENT 'id',
  `order_freight_id` int(11) unsigned NOT NULL COMMENT 'order_freight_id',
  `box_ensupe` varchar(50) NOT NULL DEFAULT '' COMMENT '铅封号',
  `box_code` varchar(50) NOT NULL DEFAULT '' COMMENT '箱号',
  `box_size_type` tinyint(4) unsigned NOT NULL DEFAULT '0' COMMENT '箱子大小类型',
  `box_weight` double NOT NULL DEFAULT '0' COMMENT '箱子重量大小',
  `target_latitude` decimal(20,10) NOT NULL DEFAULT '0.0000000000' COMMENT '目标位置纬度',
  `target_longitude` decimal(20,10) NOT NULL DEFAULT '0.0000000000' COMMENT '目标经度',
  `contact_telephone` varchar(50) NOT NULL DEFAULT '' COMMENT '工厂产装联系人座机号',
  `address_provinceid` int(11) unsigned NOT NULL COMMENT '省id',
  `address_cityid` int(11) unsigned NOT NULL COMMENT '市id',
  `address_townid` int(11) unsigned NOT NULL COMMENT '县id',
  `address_detail` varchar(120) DEFAULT NULL COMMENT '详细地址',
  `box_status` tinyint(4) NOT NULL DEFAULT '0' COMMENT '箱子的状态',
  `create_time` timestamp NOT NULL DEFAULT CURRENT_TIMESTAMP COMMENT '生成时间',
  `update_time` timestamp NOT NULL DEFAULT CURRENT_TIMESTAMP ON UPDATE CURRENT_TIMESTAMP COMMENT 'update time',
  PRIMARY KEY (`id`)
) ENGINE=InnoDB DEFAULT CHARSET=utf8 COMMENT='产装联系单-集装箱';

LOCK TABLES `order_freight_box` WRITE;
/*!40000 ALTER TABLE `order_freight_box` DISABLE KEYS */;

INSERT INTO `order_freight_box` (`id`, `order_freight_id`, `box_ensupe`, `box_code`, `box_size_type`, `box_weight`, `target_latitude`, `target_longitude`, `contact_telephone`, `address_provinceid`, `address_cityid`, `address_townid`, `address_detail`, `box_status`, `create_time`, `update_time`)
VALUES
	(495102,187,'234','123',1,71428,0.0000000000,0.0000000000,'',0,0,0,'',1,'2015-09-22 20:03:33','2015-09-22 20:03:33'),
	(495103,187,'345','234',2,142856,0.0000000000,0.0000000000,'',0,0,0,'',1,'2015-09-22 20:03:33','2015-09-22 20:03:33'),
	(495104,187,'456','345',2,142856,0.0000000000,0.0000000000,'',0,0,0,'',1,'2015-09-22 20:03:33','2015-09-22 20:03:33'),
	(495105,187,'567','456',3,214284,0.0000000000,0.0000000000,'',0,0,0,'',1,'2015-09-22 20:03:33','2015-09-22 20:03:33'),
	(495106,187,'678','567',3,214284,0.0000000000,0.0000000000,'',0,0,0,'',1,'2015-09-22 20:03:33','2015-09-22 20:03:33'),
	(495107,187,'789','678',3,214284,0.0000000000,0.0000000000,'',0,0,0,'',1,'2015-09-22 20:03:33','2015-09-22 20:03:33'),
	(495108,188,'','',1,2767,0.0000000000,0.0000000000,'',0,0,0,'',1,'2015-09-22 20:11:00','2015-09-22 20:11:00'),
	(495109,188,'','',2,5534,0.0000000000,0.0000000000,'',0,0,0,'',1,'2015-09-22 20:11:00','2015-09-22 20:11:00'),
	(495110,188,'','',3,8301,0.0000000000,0.0000000000,'',0,0,0,'',1,'2015-09-22 20:11:00','2015-09-22 20:11:00'),
	(495111,189,'','',1,110,0.0000000000,0.0000000000,'',0,0,0,'',1,'2015-09-22 20:13:42','2015-09-22 20:13:42');

/*!40000 ALTER TABLE `order_freight_box` ENABLE KEYS */;
UNLOCK TABLES;


# Dump of table order_freight_comment
# ------------------------------------------------------------

DROP TABLE IF EXISTS `order_freight_comment`;

CREATE TABLE `order_freight_comment` (
  `id` int(11) unsigned NOT NULL AUTO_INCREMENT COMMENT '主键',
  `order_freightid` int(11) unsigned NOT NULL DEFAULT '0' COMMENT '货代订单表id',
  `order_comment_type` tinyint(4) unsigned NOT NULL COMMENT '评分维度类型',
  `order_comment_score` tinyint(4) unsigned NOT NULL DEFAULT '0' COMMENT '评分, 0,1,2,3,4,5分',
  `order_comment_username` varchar(32) CHARACTER SET utf8 COLLATE utf8_unicode_ci DEFAULT '' COMMENT '发表评价的用户名，为空是匿名评价',
  PRIMARY KEY (`id`)
) ENGINE=InnoDB DEFAULT CHARSET=utf8 COMMENT='货代订单细节评价表';



# Dump of table order_freight_timeline
# ------------------------------------------------------------

DROP TABLE IF EXISTS `order_freight_timeline`;

CREATE TABLE `order_freight_timeline` (
  `id` int(11) unsigned NOT NULL AUTO_INCREMENT COMMENT 'id',
  `order_freight_id` int(11) unsigned NOT NULL COMMENT 'order_freight_id',
  `ordertimeline_type` tinyint(4) NOT NULL DEFAULT '0' COMMENT '订单的timeline类型',
  `verify_ream_type` tinyint(4) NOT NULL DEFAULT '0' COMMENT '确认类型',
  `verify_ream_id` varchar(64) NOT NULL DEFAULT '',
  `jsonContent` varchar(1024) CHARACTER SET utf8 COLLATE utf8_unicode_ci NOT NULL DEFAULT '',
  `create_time` timestamp NOT NULL DEFAULT CURRENT_TIMESTAMP COMMENT '生成时间',
  `update_time` timestamp NOT NULL DEFAULT CURRENT_TIMESTAMP ON UPDATE CURRENT_TIMESTAMP COMMENT 'update time',
  PRIMARY KEY (`id`)
) ENGINE=InnoDB DEFAULT CHARSET=utf8 COMMENT='订单timeline';



# Dump of table order_product_address
# ------------------------------------------------------------

DROP TABLE IF EXISTS `order_product_address`;

CREATE TABLE `order_product_address` (
  `id` int(11) unsigned NOT NULL AUTO_INCREMENT COMMENT 'id',
  `order_freight_id` int(11) unsigned NOT NULL COMMENT 'order_freight_id',
  `contact_name` varchar(50) NOT NULL DEFAULT '' COMMENT '工厂产装联系人',
  `contact_number` varchar(50) NOT NULL DEFAULT '' COMMENT '工厂产装联系人手机号或者座机号',
  `address_provinceid` int(10) unsigned NOT NULL DEFAULT '0' COMMENT '省id',
  `address_cityid` int(10) unsigned NOT NULL DEFAULT '0' COMMENT '市id',
  `address_townid` int(10) unsigned NOT NULL DEFAULT '0' COMMENT '县id',
  `address_detail` varchar(120) DEFAULT NULL COMMENT '详细地址',
  `latitude` decimal(20,10) NOT NULL DEFAULT '0.0000000000' COMMENT '纬度',
  `longitude` decimal(20,10) NOT NULL DEFAULT '0.0000000000' COMMENT '经度',
  `enable` tinyint(1) NOT NULL DEFAULT '1' COMMENT '0删除，1有效',
  `create_time` timestamp NOT NULL DEFAULT CURRENT_TIMESTAMP COMMENT '生成时间',
  `update_time` timestamp NOT NULL DEFAULT CURRENT_TIMESTAMP ON UPDATE CURRENT_TIMESTAMP COMMENT 'update time',
  PRIMARY KEY (`id`)
) ENGINE=InnoDB DEFAULT CHARSET=utf8 COMMENT='产装地址';

LOCK TABLES `order_product_address` WRITE;
/*!40000 ALTER TABLE `order_product_address` DISABLE KEYS */;

INSERT INTO `order_product_address` (`id`, `order_freight_id`, `contact_name`, `contact_number`, `address_provinceid`, `address_cityid`, `address_townid`, `address_detail`, `latitude`, `longitude`, `enable`, `create_time`, `update_time`)
VALUES
	(230,187,'熊猫','微信',3520,3521,3523,'长安街天安门',39.8941730000,116.3851170000,1,'2015-09-22 20:03:33','2015-09-22 20:03:33'),
	(231,188,'辉哥','13641069324',4546,4598,4605,'太湖中学',30.4428330000,116.3073880000,1,'2015-09-22 20:11:00','2015-09-22 20:11:00'),
	(232,189,'burt3','140',3520,3521,3530,'果园地铁',39.8937610000,116.6443790000,1,'2015-09-22 20:13:42','2015-09-22 20:13:42'),
	(233,189,'burt2','130',3520,3521,3524,'双桥地铁',39.9214900000,116.4864120000,1,'2015-09-22 20:13:42','2015-09-22 20:13:42'),
	(234,189,'burt1','120',3520,3521,3524,'四惠地铁',39.9214900000,116.4864120000,1,'2015-09-22 20:13:42','2015-09-22 20:13:42'),
	(235,189,'burt','110',3520,3521,3524,'大望路',39.8916210000,116.4774780000,1,'2015-09-22 20:13:42','2015-09-22 20:13:42');

/*!40000 ALTER TABLE `order_product_address` ENABLE KEYS */;
UNLOCK TABLES;


# Dump of table order_product_time
# ------------------------------------------------------------

DROP TABLE IF EXISTS `order_product_time`;

CREATE TABLE `order_product_time` (
  `id` int(11) unsigned NOT NULL AUTO_INCREMENT COMMENT 'id',
  `order_freight_id` int(11) unsigned NOT NULL COMMENT 'order_freight_id',
  `order_product_addressid` int(11) unsigned NOT NULL COMMENT 'order_product_addressid',
  `product_supply_time` timestamp NOT NULL DEFAULT CURRENT_TIMESTAMP COMMENT '生成时间',
  `enable` tinyint(1) NOT NULL DEFAULT '1' COMMENT '0删除，1有效',
  `create_time` timestamp NOT NULL DEFAULT CURRENT_TIMESTAMP COMMENT '生成时间',
  `update_time` timestamp NOT NULL DEFAULT CURRENT_TIMESTAMP ON UPDATE CURRENT_TIMESTAMP COMMENT 'update time',
  PRIMARY KEY (`id`)
) ENGINE=InnoDB DEFAULT CHARSET=utf8 COMMENT='产地产装时间';

LOCK TABLES `order_product_time` WRITE;
/*!40000 ALTER TABLE `order_product_time` DISABLE KEYS */;

INSERT INTO `order_product_time` (`id`, `order_freight_id`, `order_product_addressid`, `product_supply_time`, `enable`, `create_time`, `update_time`)
VALUES
	(333,187,230,'2015-09-22 20:00:00',1,'2015-09-22 20:03:33','2015-09-22 20:03:33'),
	(334,187,230,'2015-09-10 05:00:00',1,'2015-09-22 20:03:33','2015-09-22 20:03:33'),
	(335,187,230,'2015-09-19 06:30:00',1,'2015-09-22 20:03:33','2015-09-22 20:03:33'),
	(336,188,231,'2015-09-22 20:00:00',1,'2015-09-22 20:11:00','2015-09-22 20:11:00'),
	(337,189,232,'2015-09-22 22:00:00',1,'2015-09-22 20:13:42','2015-09-22 20:13:42'),
	(338,189,233,'2015-09-22 21:00:00',1,'2015-09-22 20:13:42','2015-09-22 20:13:42'),
	(339,189,234,'2015-09-22 21:00:00',1,'2015-09-22 20:13:42','2015-09-22 20:13:42'),
	(340,189,235,'2015-09-22 20:00:00',1,'2015-09-22 20:13:42','2015-09-22 20:13:42');

/*!40000 ALTER TABLE `order_product_time` ENABLE KEYS */;
UNLOCK TABLES;


# Dump of table page_views
# ------------------------------------------------------------

DROP TABLE IF EXISTS `page_views`;

CREATE TABLE `page_views` (
  `id` int(10) unsigned NOT NULL AUTO_INCREMENT,
  `created_at` timestamp NOT NULL DEFAULT CURRENT_TIMESTAMP,
  `updated_at` timestamp NOT NULL DEFAULT CURRENT_TIMESTAMP ON UPDATE CURRENT_TIMESTAMP,
  `page_url` varchar(128) COLLATE utf8_unicode_ci NOT NULL DEFAULT '',
  `ip` varchar(32) COLLATE utf8_unicode_ci NOT NULL DEFAULT '',
  `platform` tinyint(4) NOT NULL,
  `version` varchar(16) COLLATE utf8_unicode_ci NOT NULL DEFAULT '',
  PRIMARY KEY (`id`)
) ENGINE=InnoDB DEFAULT CHARSET=utf8 COLLATE=utf8_unicode_ci;



# Dump of table password_resets
# ------------------------------------------------------------

DROP TABLE IF EXISTS `password_resets`;

CREATE TABLE `password_resets` (
  `id` int(10) unsigned NOT NULL AUTO_INCREMENT,
  `created_at` timestamp NOT NULL DEFAULT CURRENT_TIMESTAMP,
  `updated_at` timestamp NOT NULL DEFAULT CURRENT_TIMESTAMP ON UPDATE CURRENT_TIMESTAMP,
  PRIMARY KEY (`id`)
) ENGINE=InnoDB DEFAULT CHARSET=utf8 COLLATE=utf8_unicode_ci;



# Dump of table ship_name
# ------------------------------------------------------------

DROP TABLE IF EXISTS `ship_name`;

CREATE TABLE `ship_name` (
  `id` int(11) unsigned NOT NULL AUTO_INCREMENT,
  `shipping_companyid` int(11) unsigned NOT NULL DEFAULT '0' COMMENT '船公司id',
  `contact_name` varchar(50) NOT NULL DEFAULT '' COMMENT '联系人',
  `com_address` varchar(120) NOT NULL DEFAULT '' COMMENT '联系地址',
  `phone_mobile` varchar(50) NOT NULL DEFAULT '' COMMENT '联系人手机号',
  `shipname_code` varchar(50) NOT NULL DEFAULT '' COMMENT 'code 简写',
  `china_name` varchar(150) NOT NULL DEFAULT '' COMMENT '船全名中文',
  `eng_name` varchar(150) NOT NULL DEFAULT '' COMMENT '船全名英文',
  `create_time` timestamp NOT NULL DEFAULT CURRENT_TIMESTAMP COMMENT '生成时间',
  `type` tinyint(4) DEFAULT '2' COMMENT '1时admin 创建的，2时是 www创建的等待审核',
  `update_time` timestamp NOT NULL DEFAULT CURRENT_TIMESTAMP ON UPDATE CURRENT_TIMESTAMP COMMENT 'update time',
  `pinyin` varchar(100) CHARACTER SET utf8 COLLATE utf8_bin DEFAULT '',
  PRIMARY KEY (`id`)
) ENGINE=InnoDB DEFAULT CHARSET=utf8 COMMENT='船名table';

LOCK TABLES `ship_name` WRITE;
/*!40000 ALTER TABLE `ship_name` DISABLE KEYS */;

INSERT INTO `ship_name` (`id`, `shipping_companyid`, `contact_name`, `com_address`, `phone_mobile`, `shipname_code`, `china_name`, `eng_name`, `create_time`, `type`, `update_time`, `pinyin`)
VALUES
	(2,0,'','','','','','TK280','2015-09-15 11:58:54',1,'2015-09-15 11:58:54',NULL),
	(16,0,'','','','','','MSC BENEDETTA ','2015-09-15 18:13:49',1,'2015-09-15 18:13:49',NULL),
	(18,0,'','','','','郑和号','','2015-09-16 11:46:41',1,'2015-09-16 11:46:41',NULL),
	(21,0,'','','','','永乐号','','2015-09-16 04:09:42',1,'2015-09-16 04:09:42',NULL),
	(25,0,'','','','','泰坦尼克','','2015-09-16 16:32:50',1,'2015-09-16 16:32:50',NULL),
	(30,0,'','','','','迪拜号','','2015-09-16 19:03:05',1,'2015-09-16 19:03:05',NULL),
	(40,0,'','','','','胜利女王','','2015-09-17 16:22:37',1,'2015-09-17 16:22:37',X'7368656E676C696E7577616E67'),
	(41,0,'','','','','','Maski','2015-09-17 16:26:17',1,'2015-09-17 16:26:17',X''),
	(42,0,'','','','','','Masdg','2015-09-17 16:31:13',1,'2015-09-17 16:31:13',X''),
	(43,0,'','','','','','king','2015-09-17 17:40:02',1,'2015-09-17 17:40:02',X''),
	(45,0,'','','','','大西洋','','2015-09-18 10:11:20',1,'2015-09-22 20:08:38',X'64616E64616E68616F'),
	(46,0,'','','','','大地','','2015-09-18 10:58:48',1,'2015-09-18 10:58:48',X'64616469'),
	(47,0,'','','','','','LUCKY GODLINESS','2015-09-18 12:11:33',1,'2015-09-18 12:11:33',X''),
	(48,0,'','','','','公主号','','2015-09-18 12:31:13',1,'2015-09-18 12:31:13',X''),
	(52,0,'','','','','黑洞','','2015-09-18 18:35:55',1,'2015-09-18 18:35:55',X'686569646F6E67'),
	(57,0,'','','','','东方一号','','2015-09-21 15:03:09',1,'2015-09-21 15:03:09',X'646F6E6766616E67796968616F'),
	(58,0,'','','','','太平洋','','2015-09-21 16:03:45',1,'2015-09-21 16:03:45',X'74616970696E6779616E67'),
	(77,0,'','','','','地球1号','','2015-09-22 20:03:33',2,'2015-09-22 20:03:33',X'64697169753168616F');

/*!40000 ALTER TABLE `ship_name` ENABLE KEYS */;
UNLOCK TABLES;


# Dump of table shipping_company
# ------------------------------------------------------------

DROP TABLE IF EXISTS `shipping_company`;

CREATE TABLE `shipping_company` (
  `id` int(11) unsigned NOT NULL AUTO_INCREMENT,
  `company_code` varchar(150) NOT NULL DEFAULT '' COMMENT 'code 简写',
  `china_name` varchar(150) NOT NULL DEFAULT '' COMMENT '船公司全名中文',
  `english_name` varchar(150) NOT NULL DEFAULT '',
  `companny_type` tinyint(4) unsigned NOT NULL DEFAULT '0' COMMENT '船公司类型',
  `phone_mobile` varchar(50) NOT NULL DEFAULT '' COMMENT '手机号',
  `com_adress` varchar(150) NOT NULL DEFAULT '' COMMENT '地址',
  `contact_name` varchar(150) NOT NULL DEFAULT '' COMMENT '联系人',
  `type` tinyint(4) DEFAULT '2' COMMENT '1时admin 创建的，2时是 www创建的等待审核',
  `create_time` timestamp NOT NULL DEFAULT CURRENT_TIMESTAMP COMMENT '生成时间',
  `update_time` timestamp NOT NULL DEFAULT CURRENT_TIMESTAMP COMMENT 'update time',
  `pinyin` varchar(100) CHARACTER SET utf8 COLLATE utf8_bin DEFAULT '',
  PRIMARY KEY (`id`)
) ENGINE=InnoDB DEFAULT CHARSET=utf8 COMMENT='船公司信息';

LOCK TABLES `shipping_company` WRITE;
/*!40000 ALTER TABLE `shipping_company` DISABLE KEYS */;

INSERT INTO `shipping_company` (`id`, `company_code`, `china_name`, `english_name`, `companny_type`, `phone_mobile`, `com_adress`, `contact_name`, `type`, `create_time`, `update_time`, `pinyin`)
VALUES
	(1,'CSCL','中海集装箱运输天津有限公司','CSCL',1,'0','','',1,'0000-00-00 00:00:00','0000-00-00 00:00:00',X'7A686F6E676861696A697A6875616E677869616E6779756E7368757469616E6A696E796F757869616E676F6E677369'),
	(2,'SITC','上海新海丰集装箱运输有限公司天津分公司','SITC',1,'0','','',1,'0000-00-00 00:00:00','0000-00-00 00:00:00',X'7368616E6768616978696E68616966656E676A697A6875616E677869616E6779756E736875796F757869616E676F6E6773697469616E6A696E66656E676F6E677369'),
	(3,'SINOTRANS','中外运集装箱运输有限公司天津分公司（外运箱运）','SINOTRANS',1,'0','','',1,'0000-00-00 00:00:00','0000-00-00 00:00:00',X'7A686F6E6777616979756E6A697A6875616E677869616E6779756E736875796F757869616E676F6E6773697469616E6A696E66656E676F6E677369EFBC8877616979756E7869616E6779756EEFBC89'),
	(4,'JC','津川国际客货航运（天津）有限公司','JC',1,'0','','',1,'0000-00-00 00:00:00','0000-00-00 00:00:00',X'6A696E636875616E67756F6A696B6568756F68616E6779756EEFBC887469616E6A696EEFBC89796F757869616E676F6E677369'),
	(5,'MSK','马士基（中国）航运有限公司天津分公司','MSK',1,'0','','',1,'0000-00-00 00:00:00','0000-00-00 00:00:00',X'6D617368696A69EFBC887A686F6E6767756FEFBC8968616E6779756E796F757869616E676F6E6773697469616E6A696E66656E676F6E677369'),
	(6,'EMC','长荣物流（上海）有限公司天津分公司','EMC',1,'0','','',1,'0000-00-00 00:00:00','0000-00-00 00:00:00',X'6368616E67726F6E6777756C6975EFBC887368616E67686169EFBC89796F757869616E676F6E6773697469616E6A696E66656E676F6E677369'),
	(7,'KMTC','高丽海运株式会社天津分公司','KMTC',1,'0','','',1,'0000-00-00 00:00:00','0000-00-00 00:00:00',X'67616F6C6968616979756E7A68757368696875697368657469616E6A696E66656E676F6E677369'),
	(8,'SINKOR','长锦商船（中国）船务有限公司天津分公司','SINKOR',1,'0','','',1,'0000-00-00 00:00:00','0000-00-00 00:00:00',X'6368616E676A696E7368616E67636875616EEFBC887A686F6E6767756FEFBC89636875616E7775796F757869616E676F6E6773697469616E6A696E66656E676F6E677369'),
	(9,'DONGJIN','韩国东进商船株式会社天津代表处','DONGJIN',1,'0','','',1,'0000-00-00 00:00:00','0000-00-00 00:00:00',X'68616E67756F646F6E676A696E7368616E67636875616E7A68757368696875697368657469616E6A696E6461696269616F636875'),
	(10,'TAIYOUNG','韩国太荣商船株式会社天津代表处','TAIYOUNG',1,'0','','',1,'0000-00-00 00:00:00','0000-00-00 00:00:00',X'68616E67756F746169726F6E677368616E67636875616E7A68757368696875697368657469616E6A696E6461696269616F636875'),
	(11,'HANJIN','韩进海运天津分公司','HANJIN',1,'0','','',1,'0000-00-00 00:00:00','0000-00-00 00:00:00',X'68616E6A696E68616979756E7469616E6A696E66656E676F6E677369'),
	(12,'KLINE','川崎汽船(中国)有限公司','KLINE',1,'0','','',1,'0000-00-00 00:00:00','0000-00-00 00:00:00',X'636875616E71697169636875616E287A686F6E6767756F29796F757869616E676F6E677369'),
	(13,'NAMSUNG','韩国南星海运株式会社天津代理处','NAMSUNG',1,'0','','',1,'0000-00-00 00:00:00','0000-00-00 00:00:00',X'68616E67756F6E616E78696E6768616979756E7A68757368696875697368657469616E6A696E6461696C69636875'),
	(14,'HPL','赫伯罗特船务（中国）有限公司天津分公司','HPL',1,'0','','',1,'0000-00-00 00:00:00','0000-00-00 00:00:00',X'68656261696C756F7465636875616E7775EFBC887A686F6E6767756FEFBC89796F757869616E676F6E6773697469616E6A696E66656E676F6E677369'),
	(15,'TSL','上海德翔船务有限公司天津分公司','TSL',1,'0','','',1,'0000-00-00 00:00:00','0000-00-00 00:00:00',X'7368616E6768616964657869616E67636875616E7775796F757869616E676F6E6773697469616E6A696E66656E676F6E677369'),
	(16,'SDFY','山东泛亚国际货运有限公司','SDFY',1,'0','','',1,'0000-00-00 00:00:00','0000-00-00 00:00:00',X'7368616E646F6E6766616E796167756F6A6968756F79756E796F757869616E676F6E677369'),
	(17,'NYK','日邮物流（中国）有限公司天津分公司','NYK',1,'0','','',1,'0000-00-00 00:00:00','0000-00-00 00:00:00',X'7269796F7577756C6975EFBC887A686F6E6767756FEFBC89796F757869616E676F6E6773697469616E6A696E66656E676F6E677369'),
	(18,'BHCW','滨航船务代理（天津）有限公司','BHCW',1,'0','','',1,'0000-00-00 00:00:00','0000-00-00 00:00:00',X'62696E68616E67636875616E77756461696C69EFBC887469616E6A696EEFBC89796F757869616E676F6E677369'),
	(19,'OOCL','东方海外货柜航运（中国）有限公司天津分公司','OOCL',1,'0','','',1,'0000-00-00 00:00:00','0000-00-00 00:00:00',X'646F6E6766616E6768616977616968756F67756968616E6779756EEFBC887A686F6E6767756FEFBC89796F757869616E676F6E6773697469616E6A696E66656E676F6E677369'),
	(20,'CMA','达飞轮船（中国）有限公司天津分天津','CMA',1,'0','','',1,'0000-00-00 00:00:00','0000-00-00 00:00:00',X'64616665696C756E636875616EEFBC887A686F6E6767756FEFBC89796F757869616E676F6E6773697469616E6A696E66656E7469616E6A696E'),
	(21,'MSC','地中海航运','MSC',1,'0','','',1,'0000-00-00 00:00:00','0000-00-00 00:00:00',X'64697A686F6E6768616968616E6779756E'),
	(22,'AEL','亚洲航运','AEL',1,'0','','',1,'0000-00-00 00:00:00','0000-00-00 00:00:00',X'79617A686F7568616E6779756E'),
	(23,'SMTC','斯马泰克航运','SMTC',1,'0','','',1,'0000-00-00 00:00:00','0000-00-00 00:00:00',X'73696D617461696B6568616E6779756E'),
	(24,'PIL','太平船务（中国）有限公司天津分公司','PIL',1,'0','','',1,'0000-00-00 00:00:00','0000-00-00 00:00:00',X'74616970696E67636875616E7775EFBC887A686F6E6767756FEFBC89796F757869616E676F6E6773697469616E6A696E66656E676F6E677369'),
	(25,'WHL','万海航运股份有限公司','WHL',1,'0','','',1,'0000-00-00 00:00:00','0000-00-00 00:00:00',X'77616E68616968616E6779756E677566656E796F757869616E676F6E677369'),
	(26,'STX','韩国泛洋船务','STX',1,'0','','',1,'0000-00-00 00:00:00','0000-00-00 00:00:00',X'68616E67756F66616E79616E67636875616E7775'),
	(27,'APL','美国总统船务','APL',1,'0','','',1,'0000-00-00 00:00:00','0000-00-00 00:00:00',X'6D656967756F7A6F6E67746F6E67636875616E7775'),
	(28,'NDS','尼罗河航运','NDS',1,'0','','',1,'0000-00-00 00:00:00','0000-00-00 00:00:00',X'6E696C756F686568616E6779756E'),
	(29,'YML','阳明海船','YML',1,'0','','',1,'0000-00-00 00:00:00','0000-00-00 00:00:00',X'79616E676D696E67686169636875616E'),
	(30,'MCC','MCC','MCC',1,'0','','',1,'0000-00-00 00:00:00','0000-00-00 00:00:00',X'4D4343'),
	(31,'DELMAS','达茂船务','DELMAS',1,'0','','',1,'0000-00-00 00:00:00','0000-00-00 00:00:00',X'64616D616F636875616E7775'),
	(32,'HMM','现代船务','HMM',1,'0','','',1,'0000-00-00 00:00:00','0000-00-00 00:00:00',X'7869616E646169636875616E7775'),
	(33,'COSCO','中远船务','COSCO',1,'0','','',1,'0000-00-00 00:00:00','0000-00-00 00:00:00',X'7A686F6E677975616E636875616E7775'),
	(34,'TH','天津海运','TH',1,'0','','',1,'0000-00-00 00:00:00','0000-00-00 00:00:00',X'7469616E6A696E68616979756E'),
	(35,'KAMBARA','神原船务','KAMBARA',1,'0','','',1,'0000-00-00 00:00:00','0000-00-00 00:00:00',X'7368656E7975616E636875616E7775'),
	(36,'HEUNG-A','兴亚船务','HEUNG-A',1,'0','','',1,'0000-00-00 00:00:00','0000-00-00 00:00:00',X'78696E677961636875616E7775'),
	(37,'CKL','天敬船务','CKL',1,'0','','',1,'0000-00-00 00:00:00','0000-00-00 00:00:00',X'7469616E6A696E67636875616E7775'),
	(38,'DONGYOUNG','东映船务','DONGYOUNG',1,'0','','',1,'0000-00-00 00:00:00','0000-00-00 00:00:00',X'646F6E6779696E67636875616E7775'),
	(39,'ANTO','安通船务','ANTO',1,'0','','',1,'0000-00-00 00:00:00','0000-00-00 00:00:00',X'616E746F6E67636875616E7775'),
	(40,'J-CSCL','日本-中海船务','J-CSCL',1,'0','','',1,'0000-00-00 00:00:00','0000-00-00 00:00:00',X'726962656E2D7A686F6E67686169636875616E7775'),
	(41,'Y-CSCL','远洋-中海船务','Y-CSCL',1,'0','','',1,'0000-00-00 00:00:00','0000-00-00 00:00:00',X'7975616E79616E672D7A686F6E67686169636875616E7775'),
	(42,'MG','美国中南美','MG',1,'0','','',1,'0000-00-00 00:00:00','0000-00-00 00:00:00',X'6D656967756F7A686F6E676E616E6D6569'),
	(44,'UASC','阿拉伯航运','UASC',1,'0','','',1,'0000-00-00 00:00:00','0000-00-00 00:00:00',X'616C61626F68616E6779756E'),
	(275,'','宇宙1号','',0,'','','',2,'2015-09-22 20:03:33','2015-09-22 20:03:33',X'79757A686F753168616F');

/*!40000 ALTER TABLE `shipping_company` ENABLE KEYS */;
UNLOCK TABLES;


# Dump of table sms_history
# ------------------------------------------------------------

DROP TABLE IF EXISTS `sms_history`;

CREATE TABLE `sms_history` (
  `id` int(10) unsigned NOT NULL AUTO_INCREMENT,
  `created_at` timestamp NOT NULL DEFAULT CURRENT_TIMESTAMP,
  `updated_at` timestamp NOT NULL DEFAULT CURRENT_TIMESTAMP ON UPDATE CURRENT_TIMESTAMP,
  `objectId` int(11) NOT NULL DEFAULT '0',
  `ip` varchar(32) COLLATE utf8_unicode_ci NOT NULL,
  `platform` varchar(16) COLLATE utf8_unicode_ci NOT NULL,
  `version` varchar(16) COLLATE utf8_unicode_ci NOT NULL,
  `deviceId` varchar(64) COLLATE utf8_unicode_ci NOT NULL,
  `mobile` varchar(16) COLLATE utf8_unicode_ci NOT NULL,
  `msgContent` varchar(128) COLLATE utf8_unicode_ci NOT NULL,
  `channel` int(11) NOT NULL DEFAULT '1',
  PRIMARY KEY (`id`)
) ENGINE=InnoDB DEFAULT CHARSET=utf8 COLLATE=utf8_unicode_ci COMMENT='短信历史';

LOCK TABLES `sms_history` WRITE;
/*!40000 ALTER TABLE `sms_history` DISABLE KEYS */;

INSERT INTO `sms_history` (`id`, `created_at`, `updated_at`, `objectId`, `ip`, `platform`, `version`, `deviceId`, `mobile`, `msgContent`, `channel`)
VALUES
	(272,'2015-09-22 19:29:26','2015-09-22 19:29:26',0,'221.221.177.0','1','1','PC','13661101935','您此次注册的验证码是：1111,十分钟内有效。',1),
	(273,'2015-09-22 19:33:22','2015-09-22 19:33:22',0,'221.221.177.0','1','1','PC','15133612381','您此次注册的验证码是：1111,十分钟内有效。',1),
	(274,'2015-09-22 19:34:44','2015-09-22 19:34:44',0,'221.221.177.0','1','1','PC','18611768663','您此次注册的验证码是：1111,十分钟内有效。',1),
	(275,'2015-09-22 19:40:57','2015-09-22 19:40:57',0,'221.221.177.0','1','1','PC','18633795181','您此次注册的验证码是：1111,十分钟内有效。',1),
	(276,'2015-09-22 19:42:15','2015-09-22 19:42:15',0,'221.221.177.0','1','1','PC','13661101933','您此次注册的验证码是：1111,十分钟内有效。',1),
	(277,'2015-09-22 19:44:13','2015-09-22 19:44:13',0,'221.221.177.0','1','1','PC','15133612381','您此次注册的验证码是：1111,十分钟内有效。',1),
	(278,'2015-09-22 19:44:55','2015-09-22 19:44:55',0,'221.221.177.0','1','1','PC','18610794321','您此次注册的验证码是：1111,十分钟内有效。',1),
	(279,'2015-09-22 19:45:17','2015-09-22 19:45:17',0,'221.221.177.0','1','1','PC','13661101935','您接到一份来自王松林货代的陆运订单，请尽快登录箱典典系统确认',1),
	(280,'2015-09-22 19:53:03','2015-09-22 19:53:03',0,'221.221.177.0','2','1','PC','18611768664','您的验证码是:3963',1),
	(281,'2015-09-22 19:55:51','2015-09-22 19:55:51',0,'221.221.177.0','1','1','PC','13641069324','您此次注册的验证码是：1111,十分钟内有效。',1),
	(282,'2015-09-22 19:57:37','2015-09-22 19:57:37',0,'221.221.177.0','1','1','PC','18233565928','您此次注册的验证码是：1111,十分钟内有效。',1),
	(283,'2015-09-22 20:01:29','2015-09-22 20:01:29',0,'221.221.177.0','1','1','PC','18611768665','您此次注册的验证码是：1111,十分钟内有效。',1),
	(284,'2015-09-22 20:01:38','2015-09-22 20:01:38',0,'221.221.177.0','1','1','PC','13641069324','您接到一份来自蛋蛋货代的陆运订单，请尽快登录箱典典系统确认',1),
	(285,'2015-09-22 20:04:25','2015-09-22 20:04:25',0,'221.221.177.0','1','1','PC','18611768663','您接到一份来自北京burt货代的陆运订单，请尽快登录箱典典系统确认',1),
	(286,'2015-09-22 20:17:55','2015-09-22 20:17:55',0,'221.221.177.0','2','1','PC','18611768664','您的验证码是:6988',1),
	(287,'2015-09-22 20:21:15','2015-09-22 20:21:15',0,'221.221.177.0','2','1','PC','18611768664','您的验证码是:6322',1);

/*!40000 ALTER TABLE `sms_history` ENABLE KEYS */;
UNLOCK TABLES;


# Dump of table spam_username
# ------------------------------------------------------------

DROP TABLE IF EXISTS `spam_username`;

CREATE TABLE `spam_username` (
  `id` int(11) unsigned NOT NULL AUTO_INCREMENT,
  `spamword` varchar(50) NOT NULL COMMENT '敏感词内容',
  `create_time` timestamp NOT NULL DEFAULT CURRENT_TIMESTAMP COMMENT '生成时间',
  PRIMARY KEY (`id`)
) ENGINE=InnoDB DEFAULT CHARSET=utf8 COMMENT='敏感词';



# Dump of table tb_driver
# ------------------------------------------------------------

DROP TABLE IF EXISTS `tb_driver`;

CREATE TABLE `tb_driver` (
  `id` int(11) unsigned NOT NULL AUTO_INCREMENT,
  `userid` int(11) unsigned NOT NULL,
  `status` int(11) NOT NULL DEFAULT '1',
  `work_status` int(11) NOT NULL DEFAULT '1' COMMENT '司机工作状态',
  `team_id` int(11) DEFAULT NULL COMMENT '司机隶属车队id',
  `driver_name` varchar(32) NOT NULL DEFAULT '' COMMENT '司机名字',
  `id_number` varchar(20) NOT NULL DEFAULT '' COMMENT '身份证号',
  `car_number` varchar(64) NOT NULL DEFAULT '' COMMENT '车牌号',
  `Industry_auth` varchar(64) NOT NULL DEFAULT '' COMMENT '从业资格证图片地址',
  `drive_number` varchar(64) NOT NULL DEFAULT '' COMMENT '行驶证号',
  `car_trans_auth` varchar(64) NOT NULL DEFAULT '' COMMENT '车辆运营证照片地址',
  `enable` int(1) unsigned NOT NULL DEFAULT '1',
  `updated_at` timestamp NOT NULL DEFAULT CURRENT_TIMESTAMP ON UPDATE CURRENT_TIMESTAMP,
  `created_at` timestamp NOT NULL DEFAULT CURRENT_TIMESTAMP,
  PRIMARY KEY (`id`),
  UNIQUE KEY `uni_car_number` (`car_number`) USING BTREE
) ENGINE=InnoDB DEFAULT CHARSET=utf8 COMMENT='司机表';

LOCK TABLES `tb_driver` WRITE;
/*!40000 ALTER TABLE `tb_driver` DISABLE KEYS */;

INSERT INTO `tb_driver` (`id`, `userid`, `status`, `work_status`, `team_id`, `driver_name`, `id_number`, `car_number`, `Industry_auth`, `drive_number`, `car_trans_auth`, `enable`, `updated_at`, `created_at`)
VALUES
	(165,243,1,1,34,'博文','','黑PNMSIDA','','E9Q33','55',1,'2015-09-22 19:52:49','2015-09-22 19:52:49'),
	(166,244,1,1,34,'志磊','','黑A333333A','','Z1','DSFD',1,'2015-09-22 19:52:49','2015-09-22 19:52:49'),
	(167,245,1,1,34,'鑫亮','','黑ESSDDA','','XX','SDF',1,'2015-09-22 19:52:49','2015-09-22 19:52:49');

/*!40000 ALTER TABLE `tb_driver` ENABLE KEYS */;
UNLOCK TABLES;


# Dump of table tb_enterprise
# ------------------------------------------------------------

DROP TABLE IF EXISTS `tb_enterprise`;

CREATE TABLE `tb_enterprise` (
  `id` int(11) unsigned NOT NULL AUTO_INCREMENT,
  `enterprise_name` varchar(64) NOT NULL DEFAULT '' COMMENT '企业名字',
  `status` tinyint(4) NOT NULL,
  `admin_userid` int(11) unsigned NOT NULL COMMENT '管理员userid',
  `enterprise_type` tinyint(4) NOT NULL COMMENT '类型(货代 车队)',
  `invite_token` varchar(64) NOT NULL DEFAULT '' COMMENT '企业邀请码',
  `city_id` int(11) DEFAULT NULL COMMENT '所在的城市',
  `established_date` timestamp NOT NULL DEFAULT CURRENT_TIMESTAMP COMMENT '公司的成立时间',
  `updated_at` timestamp NOT NULL DEFAULT CURRENT_TIMESTAMP ON UPDATE CURRENT_TIMESTAMP,
  `created_at` timestamp NOT NULL DEFAULT CURRENT_TIMESTAMP,
  PRIMARY KEY (`id`)
) ENGINE=InnoDB DEFAULT CHARSET=utf8 COMMENT='企业机构表';

LOCK TABLES `tb_enterprise` WRITE;
/*!40000 ALTER TABLE `tb_enterprise` DISABLE KEYS */;

INSERT INTO `tb_enterprise` (`id`, `enterprise_name`, `status`, `admin_userid`, `enterprise_type`, `invite_token`, `city_id`, `established_date`, `updated_at`, `created_at`)
VALUES
	(34,'北京burt测试车队',1,238,1,'65764E2B@B732@C078@726B@5F1D376D1117',3521,'2015-09-22 07:37:54','2015-09-22 19:39:43','2015-09-22 19:39:43'),
	(35,'王松林车队',1,237,1,'D24CDA7B@B153@4D59@F8D7@8A7BD35AE664',33,'2015-09-22 07:32:56','2015-09-22 19:39:47','2015-09-22 19:39:47'),
	(36,'韦其车队',1,239,1,'5977A925@1731@90B3@83A5@049E82B0DFCB',3521,'2015-09-22 07:42:08','2015-09-22 19:43:14','2015-09-22 19:43:14'),
	(37,'王松林货代',1,240,2,'BC8A3FB9@A729@BC3E@9A5F@C132A5B24372',33,'2015-09-22 07:43:10','2015-09-22 19:43:19','2015-09-22 19:43:19'),
	(38,'蛋蛋车队',1,242,1,'077F9F70@579F@10F6@C67B@690348D00820',3798,'2015-09-22 07:48:37','2015-09-22 19:55:46','2015-09-22 19:55:46'),
	(39,'蛋蛋货代',1,247,2,'1E0EF1D2@6C28@A705@1187@5043DEFEB434',3539,'2015-09-22 07:58:57','2015-09-22 20:00:29','2015-09-22 20:00:29'),
	(40,'辉哥车队',1,246,1,'93EB3F4F@C1CA@A21E@F381@3D0011DFF9B5',4598,'2015-09-22 07:59:52','2015-09-22 20:01:02','2015-09-22 20:01:02'),
	(41,'北京burt货代',1,248,2,'D238EFC0@6A74@9ED6@F6EE@7BBE510D9C06',3521,'2015-09-22 08:03:27','2015-09-22 20:03:35','2015-09-22 20:03:35'),
	(42,'韦其货代',1,241,2,'D4CA1882@19F8@0C0E@AC6D@784EBF6F4EA8',3521,'2015-09-22 08:01:50','2015-09-22 20:03:40','2015-09-22 20:03:40'),
	(43,'啟志货代',1,249,2,'608251A2@D5C0@4FCC@242B@4F4705288057',33,'2015-09-22 08:09:26','2015-09-22 20:09:52','2015-09-22 20:09:52'),
	(44,'啟志车队',1,250,1,'88998995@C7AD@EA87@81FA@63E55BA532EB',34,'2015-09-22 08:11:38','2015-09-22 20:13:35','2015-09-22 20:13:35');

/*!40000 ALTER TABLE `tb_enterprise` ENABLE KEYS */;
UNLOCK TABLES;


# Dump of table tb_function
# ------------------------------------------------------------

DROP TABLE IF EXISTS `tb_function`;

CREATE TABLE `tb_function` (
  `id` int(11) unsigned NOT NULL AUTO_INCREMENT,
  `function_code` varchar(64) NOT NULL DEFAULT '' COMMENT '功能code',
  `function_name` varchar(64) NOT NULL DEFAULT '' COMMENT '功能名字',
  `function_url` varchar(64) NOT NULL DEFAULT '' COMMENT '功能url入口',
  `description` varchar(1024) NOT NULL DEFAULT '',
  `enterprise_type` tinyint(4) NOT NULL COMMENT '企业类型',
  `created_at` timestamp NOT NULL DEFAULT CURRENT_TIMESTAMP,
  `updated_at` timestamp NOT NULL DEFAULT CURRENT_TIMESTAMP ON UPDATE CURRENT_TIMESTAMP,
  PRIMARY KEY (`id`)
) ENGINE=InnoDB DEFAULT CHARSET=utf8 COMMENT='企业权限表';



# Dump of table tb_tickets
# ------------------------------------------------------------

DROP TABLE IF EXISTS `tb_tickets`;

CREATE TABLE `tb_tickets` (
  `id` int(11) unsigned NOT NULL AUTO_INCREMENT,
  `sender_id` varchar(128) NOT NULL DEFAULT '' COMMENT '工单发起人',
  `target_type` tinyint(4) NOT NULL DEFAULT '0' COMMENT '工单目标类型',
  `target_id` varchar(128) NOT NULL DEFAULT '' COMMENT '工单目标id',
  `employee_id` varchar(128) NOT NULL DEFAULT '' COMMENT '受理的员工id',
  `ticket_type` tinyint(4) NOT NULL DEFAULT '0' COMMENT '工单类型',
  `ticket_title` varchar(128) NOT NULL DEFAULT '' COMMENT 'title',
  `ticket_text_content` varchar(1000) NOT NULL DEFAULT '' COMMENT 'ticket_content',
  `ticket_attach_content_url` varchar(128) NOT NULL DEFAULT '' COMMENT '工单申诉提交的附件',
  `ticket_status` tinyint(4) DEFAULT '0' COMMENT '状态',
  `ticket_result` tinyint(4) NOT NULL DEFAULT '0' COMMENT '工单处理结果',
  `ticket_result_info` varchar(1000) NOT NULL DEFAULT '' COMMENT '工单处理结果内容描述',
  `create_time` timestamp NOT NULL DEFAULT CURRENT_TIMESTAMP COMMENT '生成时间',
  `update_time` timestamp NOT NULL DEFAULT CURRENT_TIMESTAMP ON UPDATE CURRENT_TIMESTAMP COMMENT 'update时间',
  `settle_time` timestamp NOT NULL DEFAULT CURRENT_TIMESTAMP COMMENT '处理完毕的时间',
  `exp_time` timestamp NOT NULL DEFAULT CURRENT_TIMESTAMP COMMENT '过期时间',
  PRIMARY KEY (`id`)
) ENGINE=InnoDB DEFAULT CHARSET=utf8 COMMENT='工单申诉';



# Dump of table tbl_province
# ------------------------------------------------------------

DROP TABLE IF EXISTS `tbl_province`;

CREATE TABLE `tbl_province` (
  `id` int(10) unsigned NOT NULL AUTO_INCREMENT,
  `created_at` timestamp NOT NULL DEFAULT CURRENT_TIMESTAMP,
  `updated_at` timestamp NOT NULL DEFAULT CURRENT_TIMESTAMP ON UPDATE CURRENT_TIMESTAMP,
  `codeid` char(11) COLLATE utf8_unicode_ci NOT NULL DEFAULT '',
  `parentid` char(11) COLLATE utf8_unicode_ci NOT NULL DEFAULT '',
  `cityName` char(32) COLLATE utf8_unicode_ci NOT NULL DEFAULT '',
  `longitude` char(10) COLLATE utf8_unicode_ci NOT NULL DEFAULT '',
  `latitude` char(10) COLLATE utf8_unicode_ci NOT NULL DEFAULT '',
  PRIMARY KEY (`id`),
  UNIQUE KEY `tbl_province_codeid_unique` (`codeid`),
  KEY `tbl_province_parentid_index` (`parentid`)
) ENGINE=InnoDB DEFAULT CHARSET=utf8 COLLATE=utf8_unicode_ci COMMENT='省市县地址表';

LOCK TABLES `tbl_province` WRITE;
/*!40000 ALTER TABLE `tbl_province` DISABLE KEYS */;

INSERT INTO `tbl_province` (`id`, `created_at`, `updated_at`, `codeid`, `parentid`, `cityName`, `longitude`, `latitude`)
VALUES
	(3520,'2015-09-22 11:30:16','2015-09-22 11:30:16','110000','0','北京市','',''),
	(3521,'2015-09-22 11:30:16','2015-09-22 11:30:16','110100','110000','北京市','',''),
	(3522,'2015-09-22 11:30:16','2015-09-22 11:30:16','110101','110100','东城区','',''),
	(3523,'2015-09-22 11:30:16','2015-09-22 11:30:16','110102','110100','西城区','',''),
	(3524,'2015-09-22 11:30:16','2015-09-22 11:30:16','110105','110100','朝阳区','',''),
	(3525,'2015-09-22 11:30:16','2015-09-22 11:30:16','110106','110100','丰台区','',''),
	(3526,'2015-09-22 11:30:16','2015-09-22 11:30:16','110107','110100','石景山区','',''),
	(3527,'2015-09-22 11:30:16','2015-09-22 11:30:16','110108','110100','海淀区','',''),
	(3528,'2015-09-22 11:30:16','2015-09-22 11:30:16','110109','110100','门头沟区','',''),
	(3529,'2015-09-22 11:30:16','2015-09-22 11:30:16','110111','110100','房山区','',''),
	(3530,'2015-09-22 11:30:16','2015-09-22 11:30:16','110112','110100','通州区','',''),
	(3531,'2015-09-22 11:30:16','2015-09-22 11:30:16','110113','110100','顺义区','',''),
	(3532,'2015-09-22 11:30:16','2015-09-22 11:30:16','110114','110100','昌平区','',''),
	(3533,'2015-09-22 11:30:16','2015-09-22 11:30:16','110115','110100','大兴区','',''),
	(3534,'2015-09-22 11:30:16','2015-09-22 11:30:16','110116','110100','怀柔区','',''),
	(3535,'2015-09-22 11:30:16','2015-09-22 11:30:16','110117','110100','平谷区','',''),
	(3536,'2015-09-22 11:30:16','2015-09-22 11:30:16','110228','110200','密云县','',''),
	(3537,'2015-09-22 11:30:16','2015-09-22 11:30:16','110229','110200','延庆县','',''),
	(3538,'2015-09-22 11:30:16','2015-09-22 11:30:16','120000','0','天津市','',''),
	(3539,'2015-09-22 11:30:16','2015-09-22 11:30:16','120100','120000','天津市','',''),
	(3540,'2015-09-22 11:30:16','2015-09-22 11:30:16','120101','120100','和平区','',''),
	(3541,'2015-09-22 11:30:16','2015-09-22 11:30:16','120102','120100','河东区','',''),
	(3542,'2015-09-22 11:30:16','2015-09-22 11:30:16','120103','120100','河西区','',''),
	(3543,'2015-09-22 11:30:16','2015-09-22 11:30:16','120104','120100','南开区','',''),
	(3544,'2015-09-22 11:30:16','2015-09-22 11:30:16','120105','120100','河北区','',''),
	(3545,'2015-09-22 11:30:16','2015-09-22 11:30:16','120106','120100','红桥区','',''),
	(3546,'2015-09-22 11:30:16','2015-09-22 11:30:16','120110','120100','东丽区','',''),
	(3547,'2015-09-22 11:30:16','2015-09-22 11:30:16','120111','120100','西青区','',''),
	(3548,'2015-09-22 11:30:16','2015-09-22 11:30:16','120112','120100','津南区','',''),
	(3549,'2015-09-22 11:30:16','2015-09-22 11:30:16','120113','120100','北辰区','',''),
	(3550,'2015-09-22 11:30:16','2015-09-22 11:30:16','120114','120100','武清区','',''),
	(3551,'2015-09-22 11:30:16','2015-09-22 11:30:16','120115','120100','宝坻区','',''),
	(3552,'2015-09-22 11:30:16','2015-09-22 11:30:16','120116','120100','滨海新区','',''),
	(3553,'2015-09-22 11:30:16','2015-09-22 11:30:16','120221','120200','宁河县','',''),
	(3554,'2015-09-22 11:30:16','2015-09-22 11:30:16','120223','120200','静海县','',''),
	(3555,'2015-09-22 11:30:16','2015-09-22 11:30:16','120225','120200','蓟县','',''),
	(3556,'2015-09-22 11:30:16','2015-09-22 11:30:16','130000','0','河北省','',''),
	(3557,'2015-09-22 11:30:16','2015-09-22 11:30:16','130100','130000','石家庄市','',''),
	(3558,'2015-09-22 11:30:16','2015-09-22 11:30:16','130102','130100','长安区','',''),
	(3559,'2015-09-22 11:30:16','2015-09-22 11:30:16','130103','130100','桥东区','',''),
	(3560,'2015-09-22 11:30:16','2015-09-22 11:30:16','130104','130100','桥西区','',''),
	(3561,'2015-09-22 11:30:16','2015-09-22 11:30:16','130105','130100','新华区','',''),
	(3562,'2015-09-22 11:30:16','2015-09-22 11:30:16','130107','130100','井陉矿区','',''),
	(3563,'2015-09-22 11:30:16','2015-09-22 11:30:16','130108','130100','裕华区','',''),
	(3564,'2015-09-22 11:30:16','2015-09-22 11:30:16','130109','130100','藁城区','',''),
	(3565,'2015-09-22 11:30:16','2015-09-22 11:30:16','130110','130100','鹿泉区','',''),
	(3566,'2015-09-22 11:30:16','2015-09-22 11:30:16','130111','130100','栾城区','',''),
	(3567,'2015-09-22 11:30:16','2015-09-22 11:30:16','130121','130100','井陉县','',''),
	(3568,'2015-09-22 11:30:16','2015-09-22 11:30:16','130123','130100','正定县','',''),
	(3569,'2015-09-22 11:30:16','2015-09-22 11:30:16','130125','130100','行唐县','',''),
	(3570,'2015-09-22 11:30:16','2015-09-22 11:30:16','130126','130100','灵寿县','',''),
	(3571,'2015-09-22 11:30:16','2015-09-22 11:30:16','130127','130100','高邑县','',''),
	(3572,'2015-09-22 11:30:16','2015-09-22 11:30:16','130128','130100','深泽县','',''),
	(3573,'2015-09-22 11:30:16','2015-09-22 11:30:16','130129','130100','赞皇县','',''),
	(3574,'2015-09-22 11:30:16','2015-09-22 11:30:16','130130','130100','无极县','',''),
	(3575,'2015-09-22 11:30:16','2015-09-22 11:30:16','130131','130100','平山县','',''),
	(3576,'2015-09-22 11:30:16','2015-09-22 11:30:16','130132','130100','元氏县','',''),
	(3577,'2015-09-22 11:30:16','2015-09-22 11:30:16','130133','130100','赵县','',''),
	(3578,'2015-09-22 11:30:16','2015-09-22 11:30:16','130181','130100','辛集市','',''),
	(3579,'2015-09-22 11:30:16','2015-09-22 11:30:16','130183','130100','晋州市','',''),
	(3580,'2015-09-22 11:30:16','2015-09-22 11:30:16','130184','130100','新乐市','',''),
	(3581,'2015-09-22 11:30:16','2015-09-22 11:30:16','130200','130000','唐山市','',''),
	(3582,'2015-09-22 11:30:16','2015-09-22 11:30:16','130202','130200','路南区','',''),
	(3583,'2015-09-22 11:30:16','2015-09-22 11:30:16','130203','130200','路北区','',''),
	(3584,'2015-09-22 11:30:16','2015-09-22 11:30:16','130204','130200','古冶区','',''),
	(3585,'2015-09-22 11:30:16','2015-09-22 11:30:16','130205','130200','开平区','',''),
	(3586,'2015-09-22 11:30:16','2015-09-22 11:30:16','130207','130200','丰南区','',''),
	(3587,'2015-09-22 11:30:16','2015-09-22 11:30:16','130208','130200','丰润区','',''),
	(3588,'2015-09-22 11:30:16','2015-09-22 11:30:16','130209','130200','曹妃甸区','',''),
	(3589,'2015-09-22 11:30:16','2015-09-22 11:30:16','130223','130200','滦县','',''),
	(3590,'2015-09-22 11:30:16','2015-09-22 11:30:16','130224','130200','滦南县','',''),
	(3591,'2015-09-22 11:30:16','2015-09-22 11:30:16','130225','130200','乐亭县','',''),
	(3592,'2015-09-22 11:30:16','2015-09-22 11:30:16','130227','130200','迁西县','',''),
	(3593,'2015-09-22 11:30:16','2015-09-22 11:30:16','130229','130200','玉田县','',''),
	(3594,'2015-09-22 11:30:16','2015-09-22 11:30:16','130281','130200','遵化市','',''),
	(3595,'2015-09-22 11:30:16','2015-09-22 11:30:16','130283','130200','迁安市','',''),
	(3596,'2015-09-22 11:30:16','2015-09-22 11:30:16','130300','130000','秦皇岛市','',''),
	(3597,'2015-09-22 11:30:16','2015-09-22 11:30:16','130302','130300','海港区','',''),
	(3598,'2015-09-22 11:30:16','2015-09-22 11:30:16','130303','130300','山海关区','',''),
	(3599,'2015-09-22 11:30:16','2015-09-22 11:30:16','130304','130300','北戴河区','',''),
	(3600,'2015-09-22 11:30:16','2015-09-22 11:30:16','130321','130300','青龙满族自治县','',''),
	(3601,'2015-09-22 11:30:16','2015-09-22 11:30:16','130322','130300','昌黎县','',''),
	(3602,'2015-09-22 11:30:16','2015-09-22 11:30:16','130323','130300','抚宁县','',''),
	(3603,'2015-09-22 11:30:16','2015-09-22 11:30:16','130324','130300','卢龙县','',''),
	(3604,'2015-09-22 11:30:16','2015-09-22 11:30:16','130400','130000','邯郸市','',''),
	(3605,'2015-09-22 11:30:16','2015-09-22 11:30:16','130402','130400','邯山区','',''),
	(3606,'2015-09-22 11:30:16','2015-09-22 11:30:16','130403','130400','丛台区','',''),
	(3607,'2015-09-22 11:30:16','2015-09-22 11:30:16','130404','130400','复兴区','',''),
	(3608,'2015-09-22 11:30:16','2015-09-22 11:30:16','130406','130400','峰峰矿区','',''),
	(3609,'2015-09-22 11:30:16','2015-09-22 11:30:16','130421','130400','邯郸县','',''),
	(3610,'2015-09-22 11:30:16','2015-09-22 11:30:16','130423','130400','临漳县','',''),
	(3611,'2015-09-22 11:30:16','2015-09-22 11:30:16','130424','130400','成安县','',''),
	(3612,'2015-09-22 11:30:16','2015-09-22 11:30:16','130425','130400','大名县','',''),
	(3613,'2015-09-22 11:30:16','2015-09-22 11:30:16','130426','130400','涉县','',''),
	(3614,'2015-09-22 11:30:16','2015-09-22 11:30:16','130427','130400','磁县','',''),
	(3615,'2015-09-22 11:30:16','2015-09-22 11:30:16','130428','130400','肥乡县','',''),
	(3616,'2015-09-22 11:30:16','2015-09-22 11:30:16','130429','130400','永年县','',''),
	(3617,'2015-09-22 11:30:16','2015-09-22 11:30:16','130430','130400','邱县','',''),
	(3618,'2015-09-22 11:30:16','2015-09-22 11:30:16','130431','130400','鸡泽县','',''),
	(3619,'2015-09-22 11:30:16','2015-09-22 11:30:16','130432','130400','广平县','',''),
	(3620,'2015-09-22 11:30:16','2015-09-22 11:30:16','130433','130400','馆陶县','',''),
	(3621,'2015-09-22 11:30:16','2015-09-22 11:30:16','130434','130400','魏县','',''),
	(3622,'2015-09-22 11:30:16','2015-09-22 11:30:16','130435','130400','曲周县','',''),
	(3623,'2015-09-22 11:30:16','2015-09-22 11:30:16','130481','130400','武安市','',''),
	(3624,'2015-09-22 11:30:16','2015-09-22 11:30:16','130500','130000','邢台市','',''),
	(3625,'2015-09-22 11:30:16','2015-09-22 11:30:16','130502','130500','桥东区','',''),
	(3626,'2015-09-22 11:30:16','2015-09-22 11:30:16','130503','130500','桥西区','',''),
	(3627,'2015-09-22 11:30:16','2015-09-22 11:30:16','130521','130500','邢台县','',''),
	(3628,'2015-09-22 11:30:16','2015-09-22 11:30:16','130522','130500','临城县','',''),
	(3629,'2015-09-22 11:30:16','2015-09-22 11:30:16','130523','130500','内丘县','',''),
	(3630,'2015-09-22 11:30:16','2015-09-22 11:30:16','130524','130500','柏乡县','',''),
	(3631,'2015-09-22 11:30:16','2015-09-22 11:30:16','130525','130500','隆尧县','',''),
	(3632,'2015-09-22 11:30:16','2015-09-22 11:30:16','130526','130500','任县','',''),
	(3633,'2015-09-22 11:30:16','2015-09-22 11:30:16','130527','130500','南和县','',''),
	(3634,'2015-09-22 11:30:16','2015-09-22 11:30:16','130528','130500','宁晋县','',''),
	(3635,'2015-09-22 11:30:16','2015-09-22 11:30:16','130529','130500','巨鹿县','',''),
	(3636,'2015-09-22 11:30:16','2015-09-22 11:30:16','130530','130500','新河县','',''),
	(3637,'2015-09-22 11:30:16','2015-09-22 11:30:16','130531','130500','广宗县','',''),
	(3638,'2015-09-22 11:30:16','2015-09-22 11:30:16','130532','130500','平乡县','',''),
	(3639,'2015-09-22 11:30:16','2015-09-22 11:30:16','130533','130500','威县','',''),
	(3640,'2015-09-22 11:30:16','2015-09-22 11:30:16','130534','130500','清河县','',''),
	(3641,'2015-09-22 11:30:16','2015-09-22 11:30:16','130535','130500','临西县','',''),
	(3642,'2015-09-22 11:30:16','2015-09-22 11:30:16','130581','130500','南宫市','',''),
	(3643,'2015-09-22 11:30:16','2015-09-22 11:30:16','130582','130500','沙河市','',''),
	(3644,'2015-09-22 11:30:16','2015-09-22 11:30:16','130600','130000','保定市','',''),
	(3645,'2015-09-22 11:30:16','2015-09-22 11:30:16','130602','130600','竞秀区','',''),
	(3646,'2015-09-22 11:30:16','2015-09-22 11:30:16','130604','130600','南市区','',''),
	(3647,'2015-09-22 11:30:16','2015-09-22 11:30:16','130606','130600','莲池区','',''),
	(3648,'2015-09-22 11:30:16','2015-09-22 11:30:16','130607','130600','满城区','',''),
	(3649,'2015-09-22 11:30:16','2015-09-22 11:30:16','130608','130600','清苑区','',''),
	(3650,'2015-09-22 11:30:16','2015-09-22 11:30:16','130609','130600','徐水区','',''),
	(3651,'2015-09-22 11:30:16','2015-09-22 11:30:16','130623','130600','涞水县','',''),
	(3652,'2015-09-22 11:30:16','2015-09-22 11:30:16','130624','130600','阜平县','',''),
	(3653,'2015-09-22 11:30:16','2015-09-22 11:30:16','130626','130600','定兴县','',''),
	(3654,'2015-09-22 11:30:16','2015-09-22 11:30:16','130627','130600','唐县','',''),
	(3655,'2015-09-22 11:30:16','2015-09-22 11:30:16','130628','130600','高阳县','',''),
	(3656,'2015-09-22 11:30:16','2015-09-22 11:30:16','130629','130600','容城县','',''),
	(3657,'2015-09-22 11:30:16','2015-09-22 11:30:16','130630','130600','涞源县','',''),
	(3658,'2015-09-22 11:30:16','2015-09-22 11:30:16','130631','130600','望都县','',''),
	(3659,'2015-09-22 11:30:16','2015-09-22 11:30:16','130632','130600','安新县','',''),
	(3660,'2015-09-22 11:30:16','2015-09-22 11:30:16','130633','130600','易县','',''),
	(3661,'2015-09-22 11:30:16','2015-09-22 11:30:16','130634','130600','曲阳县','',''),
	(3662,'2015-09-22 11:30:16','2015-09-22 11:30:16','130635','130600','蠡县','',''),
	(3663,'2015-09-22 11:30:16','2015-09-22 11:30:16','130636','130600','顺平县','',''),
	(3664,'2015-09-22 11:30:16','2015-09-22 11:30:16','130637','130600','博野县','',''),
	(3665,'2015-09-22 11:30:16','2015-09-22 11:30:16','130638','130600','雄县','',''),
	(3666,'2015-09-22 11:30:16','2015-09-22 11:30:16','130681','130600','涿州市','',''),
	(3667,'2015-09-22 11:30:16','2015-09-22 11:30:16','130682','130600','定州市','',''),
	(3668,'2015-09-22 11:30:16','2015-09-22 11:30:16','130683','130600','安国市','',''),
	(3669,'2015-09-22 11:30:16','2015-09-22 11:30:16','130684','130600','高碑店市','',''),
	(3670,'2015-09-22 11:30:16','2015-09-22 11:30:16','130700','130000','张家口市','',''),
	(3671,'2015-09-22 11:30:16','2015-09-22 11:30:16','130702','130700','桥东区','',''),
	(3672,'2015-09-22 11:30:16','2015-09-22 11:30:16','130703','130700','桥西区','',''),
	(3673,'2015-09-22 11:30:16','2015-09-22 11:30:16','130705','130700','宣化区','',''),
	(3674,'2015-09-22 11:30:16','2015-09-22 11:30:16','130706','130700','下花园区','',''),
	(3675,'2015-09-22 11:30:16','2015-09-22 11:30:16','130721','130700','宣化县','',''),
	(3676,'2015-09-22 11:30:16','2015-09-22 11:30:16','130722','130700','张北县','',''),
	(3677,'2015-09-22 11:30:16','2015-09-22 11:30:16','130723','130700','康保县','',''),
	(3678,'2015-09-22 11:30:16','2015-09-22 11:30:16','130724','130700','沽源县','',''),
	(3679,'2015-09-22 11:30:16','2015-09-22 11:30:16','130725','130700','尚义县','',''),
	(3680,'2015-09-22 11:30:16','2015-09-22 11:30:16','130726','130700','蔚县','',''),
	(3681,'2015-09-22 11:30:16','2015-09-22 11:30:16','130727','130700','阳原县','',''),
	(3682,'2015-09-22 11:30:16','2015-09-22 11:30:16','130728','130700','怀安县','',''),
	(3683,'2015-09-22 11:30:16','2015-09-22 11:30:16','130729','130700','万全县','',''),
	(3684,'2015-09-22 11:30:16','2015-09-22 11:30:16','130730','130700','怀来县','',''),
	(3685,'2015-09-22 11:30:16','2015-09-22 11:30:16','130731','130700','涿鹿县','',''),
	(3686,'2015-09-22 11:30:16','2015-09-22 11:30:16','130732','130700','赤城县','',''),
	(3687,'2015-09-22 11:30:16','2015-09-22 11:30:16','130733','130700','崇礼县','',''),
	(3688,'2015-09-22 11:30:16','2015-09-22 11:30:16','130800','130000','承德市','',''),
	(3689,'2015-09-22 11:30:16','2015-09-22 11:30:16','130802','130800','双桥区','',''),
	(3690,'2015-09-22 11:30:16','2015-09-22 11:30:16','130803','130800','双滦区','',''),
	(3691,'2015-09-22 11:30:16','2015-09-22 11:30:16','130804','130800','鹰手营子矿区','',''),
	(3692,'2015-09-22 11:30:16','2015-09-22 11:30:16','130821','130800','承德县','',''),
	(3693,'2015-09-22 11:30:16','2015-09-22 11:30:16','130822','130800','兴隆县','',''),
	(3694,'2015-09-22 11:30:16','2015-09-22 11:30:16','130823','130800','平泉县','',''),
	(3695,'2015-09-22 11:30:16','2015-09-22 11:30:16','130824','130800','滦平县','',''),
	(3696,'2015-09-22 11:30:16','2015-09-22 11:30:16','130825','130800','隆化县','',''),
	(3697,'2015-09-22 11:30:16','2015-09-22 11:30:16','130826','130800','丰宁满族自治县','',''),
	(3698,'2015-09-22 11:30:16','2015-09-22 11:30:16','130827','130800','宽城满族自治县','',''),
	(3699,'2015-09-22 11:30:16','2015-09-22 11:30:16','130828','130800','围场满族蒙古族自治县','',''),
	(3700,'2015-09-22 11:30:16','2015-09-22 11:30:16','130900','130000','沧州市','',''),
	(3701,'2015-09-22 11:30:16','2015-09-22 11:30:16','130902','130900','新华区','',''),
	(3702,'2015-09-22 11:30:16','2015-09-22 11:30:16','130903','130900','运河区','',''),
	(3703,'2015-09-22 11:30:16','2015-09-22 11:30:16','130921','130900','沧县','',''),
	(3704,'2015-09-22 11:30:16','2015-09-22 11:30:16','130922','130900','青县','',''),
	(3705,'2015-09-22 11:30:16','2015-09-22 11:30:16','130923','130900','东光县','',''),
	(3706,'2015-09-22 11:30:16','2015-09-22 11:30:16','130924','130900','海兴县','',''),
	(3707,'2015-09-22 11:30:16','2015-09-22 11:30:16','130925','130900','盐山县','',''),
	(3708,'2015-09-22 11:30:16','2015-09-22 11:30:16','130926','130900','肃宁县','',''),
	(3709,'2015-09-22 11:30:16','2015-09-22 11:30:16','130927','130900','南皮县','',''),
	(3710,'2015-09-22 11:30:16','2015-09-22 11:30:16','130928','130900','吴桥县','',''),
	(3711,'2015-09-22 11:30:16','2015-09-22 11:30:16','130929','130900','献县','',''),
	(3712,'2015-09-22 11:30:16','2015-09-22 11:30:16','130930','130900','孟村回族自治县','',''),
	(3713,'2015-09-22 11:30:16','2015-09-22 11:30:16','130981','130900','泊头市','',''),
	(3714,'2015-09-22 11:30:16','2015-09-22 11:30:16','130982','130900','任丘市','',''),
	(3715,'2015-09-22 11:30:16','2015-09-22 11:30:16','130983','130900','黄骅市','',''),
	(3716,'2015-09-22 11:30:16','2015-09-22 11:30:16','130984','130900','河间市','',''),
	(3717,'2015-09-22 11:30:16','2015-09-22 11:30:16','131000','130000','廊坊市','',''),
	(3718,'2015-09-22 11:30:16','2015-09-22 11:30:16','131002','131000','安次区','',''),
	(3719,'2015-09-22 11:30:16','2015-09-22 11:30:16','131003','131000','广阳区','',''),
	(3720,'2015-09-22 11:30:16','2015-09-22 11:30:16','131022','131000','固安县','',''),
	(3721,'2015-09-22 11:30:16','2015-09-22 11:30:16','131023','131000','永清县','',''),
	(3722,'2015-09-22 11:30:16','2015-09-22 11:30:16','131024','131000','香河县','',''),
	(3723,'2015-09-22 11:30:16','2015-09-22 11:30:16','131025','131000','大城县','',''),
	(3724,'2015-09-22 11:30:16','2015-09-22 11:30:16','131026','131000','文安县','',''),
	(3725,'2015-09-22 11:30:16','2015-09-22 11:30:16','131028','131000','大厂回族自治县','',''),
	(3726,'2015-09-22 11:30:16','2015-09-22 11:30:16','131081','131000','霸州市','',''),
	(3727,'2015-09-22 11:30:16','2015-09-22 11:30:16','131082','131000','三河市','',''),
	(3728,'2015-09-22 11:30:16','2015-09-22 11:30:16','131100','130000','衡水市','',''),
	(3729,'2015-09-22 11:30:16','2015-09-22 11:30:16','131102','131100','桃城区','',''),
	(3730,'2015-09-22 11:30:16','2015-09-22 11:30:16','131121','131100','枣强县','',''),
	(3731,'2015-09-22 11:30:16','2015-09-22 11:30:16','131122','131100','武邑县','',''),
	(3732,'2015-09-22 11:30:16','2015-09-22 11:30:16','131123','131100','武强县','',''),
	(3733,'2015-09-22 11:30:16','2015-09-22 11:30:16','131124','131100','饶阳县','',''),
	(3734,'2015-09-22 11:30:16','2015-09-22 11:30:16','131125','131100','安平县','',''),
	(3735,'2015-09-22 11:30:16','2015-09-22 11:30:16','131126','131100','故城县','',''),
	(3736,'2015-09-22 11:30:16','2015-09-22 11:30:16','131127','131100','景县','',''),
	(3737,'2015-09-22 11:30:16','2015-09-22 11:30:16','131128','131100','阜城县','',''),
	(3738,'2015-09-22 11:30:16','2015-09-22 11:30:16','131181','131100','冀州市','',''),
	(3739,'2015-09-22 11:30:16','2015-09-22 11:30:16','131182','131100','深州市','',''),
	(3740,'2015-09-22 11:30:16','2015-09-22 11:30:16','140000','0','山西省','',''),
	(3741,'2015-09-22 11:30:16','2015-09-22 11:30:16','140100','140000','太原市','',''),
	(3742,'2015-09-22 11:30:16','2015-09-22 11:30:16','140105','140100','小店区','',''),
	(3743,'2015-09-22 11:30:16','2015-09-22 11:30:16','140106','140100','迎泽区','',''),
	(3744,'2015-09-22 11:30:16','2015-09-22 11:30:16','140107','140100','杏花岭区','',''),
	(3745,'2015-09-22 11:30:16','2015-09-22 11:30:16','140108','140100','尖草坪区','',''),
	(3746,'2015-09-22 11:30:16','2015-09-22 11:30:16','140109','140100','万柏林区','',''),
	(3747,'2015-09-22 11:30:16','2015-09-22 11:30:16','140110','140100','晋源区','',''),
	(3748,'2015-09-22 11:30:16','2015-09-22 11:30:16','140121','140100','清徐县','',''),
	(3749,'2015-09-22 11:30:16','2015-09-22 11:30:16','140122','140100','阳曲县','',''),
	(3750,'2015-09-22 11:30:16','2015-09-22 11:30:16','140123','140100','娄烦县','',''),
	(3751,'2015-09-22 11:30:16','2015-09-22 11:30:16','140181','140100','古交市','',''),
	(3752,'2015-09-22 11:30:16','2015-09-22 11:30:16','140200','140000','大同市','',''),
	(3753,'2015-09-22 11:30:16','2015-09-22 11:30:16','140202','140200','城区','',''),
	(3754,'2015-09-22 11:30:16','2015-09-22 11:30:16','140203','140200','矿区','',''),
	(3755,'2015-09-22 11:30:16','2015-09-22 11:30:16','140211','140200','南郊区','',''),
	(3756,'2015-09-22 11:30:16','2015-09-22 11:30:16','140212','140200','新荣区','',''),
	(3757,'2015-09-22 11:30:16','2015-09-22 11:30:16','140221','140200','阳高县','',''),
	(3758,'2015-09-22 11:30:16','2015-09-22 11:30:16','140222','140200','天镇县','',''),
	(3759,'2015-09-22 11:30:16','2015-09-22 11:30:16','140223','140200','广灵县','',''),
	(3760,'2015-09-22 11:30:16','2015-09-22 11:30:16','140224','140200','灵丘县','',''),
	(3761,'2015-09-22 11:30:16','2015-09-22 11:30:16','140225','140200','浑源县','',''),
	(3762,'2015-09-22 11:30:16','2015-09-22 11:30:16','140226','140200','左云县','',''),
	(3763,'2015-09-22 11:30:16','2015-09-22 11:30:16','140227','140200','大同县','',''),
	(3764,'2015-09-22 11:30:16','2015-09-22 11:30:16','140300','140000','阳泉市','',''),
	(3765,'2015-09-22 11:30:16','2015-09-22 11:30:16','140302','140300','城区','',''),
	(3766,'2015-09-22 11:30:16','2015-09-22 11:30:16','140303','140300','矿区','',''),
	(3767,'2015-09-22 11:30:16','2015-09-22 11:30:16','140311','140300','郊区','',''),
	(3768,'2015-09-22 11:30:16','2015-09-22 11:30:16','140321','140300','平定县','',''),
	(3769,'2015-09-22 11:30:16','2015-09-22 11:30:16','140322','140300','盂县','',''),
	(3770,'2015-09-22 11:30:16','2015-09-22 11:30:16','140400','140000','长治市','',''),
	(3771,'2015-09-22 11:30:16','2015-09-22 11:30:16','140402','140400','城区','',''),
	(3772,'2015-09-22 11:30:16','2015-09-22 11:30:16','140411','140400','郊区','',''),
	(3773,'2015-09-22 11:30:16','2015-09-22 11:30:16','140421','140400','长治县','',''),
	(3774,'2015-09-22 11:30:16','2015-09-22 11:30:16','140423','140400','襄垣县','',''),
	(3775,'2015-09-22 11:30:16','2015-09-22 11:30:16','140424','140400','屯留县','',''),
	(3776,'2015-09-22 11:30:16','2015-09-22 11:30:16','140425','140400','平顺县','',''),
	(3777,'2015-09-22 11:30:16','2015-09-22 11:30:16','140426','140400','黎城县','',''),
	(3778,'2015-09-22 11:30:16','2015-09-22 11:30:16','140427','140400','壶关县','',''),
	(3779,'2015-09-22 11:30:16','2015-09-22 11:30:16','140428','140400','长子县','',''),
	(3780,'2015-09-22 11:30:16','2015-09-22 11:30:16','140429','140400','武乡县','',''),
	(3781,'2015-09-22 11:30:16','2015-09-22 11:30:16','140430','140400','沁县','',''),
	(3782,'2015-09-22 11:30:16','2015-09-22 11:30:16','140431','140400','沁源县','',''),
	(3783,'2015-09-22 11:30:16','2015-09-22 11:30:16','140481','140400','潞城市','',''),
	(3784,'2015-09-22 11:30:16','2015-09-22 11:30:16','140500','140000','晋城市','',''),
	(3785,'2015-09-22 11:30:16','2015-09-22 11:30:16','140502','140500','城区','',''),
	(3786,'2015-09-22 11:30:16','2015-09-22 11:30:16','140521','140500','沁水县','',''),
	(3787,'2015-09-22 11:30:16','2015-09-22 11:30:16','140522','140500','阳城县','',''),
	(3788,'2015-09-22 11:30:16','2015-09-22 11:30:16','140524','140500','陵川县','',''),
	(3789,'2015-09-22 11:30:16','2015-09-22 11:30:16','140525','140500','泽州县','',''),
	(3790,'2015-09-22 11:30:16','2015-09-22 11:30:16','140581','140500','高平市','',''),
	(3791,'2015-09-22 11:30:16','2015-09-22 11:30:16','140600','140000','朔州市','',''),
	(3792,'2015-09-22 11:30:16','2015-09-22 11:30:16','140602','140600','朔城区','',''),
	(3793,'2015-09-22 11:30:16','2015-09-22 11:30:16','140603','140600','平鲁区','',''),
	(3794,'2015-09-22 11:30:16','2015-09-22 11:30:16','140621','140600','山阴县','',''),
	(3795,'2015-09-22 11:30:16','2015-09-22 11:30:16','140622','140600','应县','',''),
	(3796,'2015-09-22 11:30:16','2015-09-22 11:30:16','140623','140600','右玉县','',''),
	(3797,'2015-09-22 11:30:16','2015-09-22 11:30:16','140624','140600','怀仁县','',''),
	(3798,'2015-09-22 11:30:16','2015-09-22 11:30:16','140700','140000','晋中市','',''),
	(3799,'2015-09-22 11:30:16','2015-09-22 11:30:16','140702','140700','榆次区','',''),
	(3800,'2015-09-22 11:30:16','2015-09-22 11:30:16','140721','140700','榆社县','',''),
	(3801,'2015-09-22 11:30:16','2015-09-22 11:30:16','140722','140700','左权县','',''),
	(3802,'2015-09-22 11:30:16','2015-09-22 11:30:16','140723','140700','和顺县','',''),
	(3803,'2015-09-22 11:30:16','2015-09-22 11:30:16','140724','140700','昔阳县','',''),
	(3804,'2015-09-22 11:30:16','2015-09-22 11:30:16','140725','140700','寿阳县','',''),
	(3805,'2015-09-22 11:30:16','2015-09-22 11:30:16','140726','140700','太谷县','',''),
	(3806,'2015-09-22 11:30:16','2015-09-22 11:30:16','140727','140700','祁县','',''),
	(3807,'2015-09-22 11:30:16','2015-09-22 11:30:16','140728','140700','平遥县','',''),
	(3808,'2015-09-22 11:30:16','2015-09-22 11:30:16','140729','140700','灵石县','',''),
	(3809,'2015-09-22 11:30:16','2015-09-22 11:30:16','140781','140700','介休市','',''),
	(3810,'2015-09-22 11:30:16','2015-09-22 11:30:16','140800','140000','运城市','',''),
	(3811,'2015-09-22 11:30:16','2015-09-22 11:30:16','140802','140800','盐湖区','',''),
	(3812,'2015-09-22 11:30:16','2015-09-22 11:30:16','140821','140800','临猗县','',''),
	(3813,'2015-09-22 11:30:16','2015-09-22 11:30:16','140822','140800','万荣县','',''),
	(3814,'2015-09-22 11:30:16','2015-09-22 11:30:16','140823','140800','闻喜县','',''),
	(3815,'2015-09-22 11:30:16','2015-09-22 11:30:16','140824','140800','稷山县','',''),
	(3816,'2015-09-22 11:30:16','2015-09-22 11:30:16','140825','140800','新绛县','',''),
	(3817,'2015-09-22 11:30:16','2015-09-22 11:30:16','140826','140800','绛县','',''),
	(3818,'2015-09-22 11:30:16','2015-09-22 11:30:16','140827','140800','垣曲县','',''),
	(3819,'2015-09-22 11:30:16','2015-09-22 11:30:16','140828','140800','夏县','',''),
	(3820,'2015-09-22 11:30:16','2015-09-22 11:30:16','140829','140800','平陆县','',''),
	(3821,'2015-09-22 11:30:16','2015-09-22 11:30:16','140830','140800','芮城县','',''),
	(3822,'2015-09-22 11:30:16','2015-09-22 11:30:16','140881','140800','永济市','',''),
	(3823,'2015-09-22 11:30:16','2015-09-22 11:30:16','140882','140800','河津市','',''),
	(3824,'2015-09-22 11:30:16','2015-09-22 11:30:16','140900','140000','忻州市','',''),
	(3825,'2015-09-22 11:30:16','2015-09-22 11:30:16','140902','140900','忻府区','',''),
	(3826,'2015-09-22 11:30:16','2015-09-22 11:30:16','140921','140900','定襄县','',''),
	(3827,'2015-09-22 11:30:16','2015-09-22 11:30:16','140922','140900','五台县','',''),
	(3828,'2015-09-22 11:30:16','2015-09-22 11:30:16','140923','140900','代县','',''),
	(3829,'2015-09-22 11:30:16','2015-09-22 11:30:16','140924','140900','繁峙县','',''),
	(3830,'2015-09-22 11:30:16','2015-09-22 11:30:16','140925','140900','宁武县','',''),
	(3831,'2015-09-22 11:30:16','2015-09-22 11:30:16','140926','140900','静乐县','',''),
	(3832,'2015-09-22 11:30:16','2015-09-22 11:30:16','140927','140900','神池县','',''),
	(3833,'2015-09-22 11:30:16','2015-09-22 11:30:16','140928','140900','五寨县','',''),
	(3834,'2015-09-22 11:30:16','2015-09-22 11:30:16','140929','140900','岢岚县','',''),
	(3835,'2015-09-22 11:30:16','2015-09-22 11:30:16','140930','140900','河曲县','',''),
	(3836,'2015-09-22 11:30:16','2015-09-22 11:30:16','140931','140900','保德县','',''),
	(3837,'2015-09-22 11:30:16','2015-09-22 11:30:16','140932','140900','偏关县','',''),
	(3838,'2015-09-22 11:30:16','2015-09-22 11:30:16','140981','140900','原平市','',''),
	(3839,'2015-09-22 11:30:16','2015-09-22 11:30:16','141000','140000','临汾市','',''),
	(3840,'2015-09-22 11:30:16','2015-09-22 11:30:16','141002','141000','尧都区','',''),
	(3841,'2015-09-22 11:30:16','2015-09-22 11:30:16','141021','141000','曲沃县','',''),
	(3842,'2015-09-22 11:30:16','2015-09-22 11:30:16','141022','141000','翼城县','',''),
	(3843,'2015-09-22 11:30:16','2015-09-22 11:30:16','141023','141000','襄汾县','',''),
	(3844,'2015-09-22 11:30:16','2015-09-22 11:30:16','141024','141000','洪洞县','',''),
	(3845,'2015-09-22 11:30:16','2015-09-22 11:30:16','141025','141000','古县','',''),
	(3846,'2015-09-22 11:30:16','2015-09-22 11:30:16','141026','141000','安泽县','',''),
	(3847,'2015-09-22 11:30:16','2015-09-22 11:30:16','141027','141000','浮山县','',''),
	(3848,'2015-09-22 11:30:16','2015-09-22 11:30:16','141028','141000','吉县','',''),
	(3849,'2015-09-22 11:30:16','2015-09-22 11:30:16','141029','141000','乡宁县','',''),
	(3850,'2015-09-22 11:30:16','2015-09-22 11:30:16','141030','141000','大宁县','',''),
	(3851,'2015-09-22 11:30:16','2015-09-22 11:30:16','141031','141000','隰县','',''),
	(3852,'2015-09-22 11:30:16','2015-09-22 11:30:16','141032','141000','永和县','',''),
	(3853,'2015-09-22 11:30:16','2015-09-22 11:30:16','141033','141000','蒲县','',''),
	(3854,'2015-09-22 11:30:16','2015-09-22 11:30:16','141034','141000','汾西县','',''),
	(3855,'2015-09-22 11:30:16','2015-09-22 11:30:16','141081','141000','侯马市','',''),
	(3856,'2015-09-22 11:30:16','2015-09-22 11:30:16','141082','141000','霍州市','',''),
	(3857,'2015-09-22 11:30:16','2015-09-22 11:30:16','141100','140000','吕梁市','',''),
	(3858,'2015-09-22 11:30:16','2015-09-22 11:30:16','141102','141100','离石区','',''),
	(3859,'2015-09-22 11:30:16','2015-09-22 11:30:16','141121','141100','文水县','',''),
	(3860,'2015-09-22 11:30:16','2015-09-22 11:30:16','141122','141100','交城县','',''),
	(3861,'2015-09-22 11:30:16','2015-09-22 11:30:16','141123','141100','兴县','',''),
	(3862,'2015-09-22 11:30:16','2015-09-22 11:30:16','141124','141100','临县','',''),
	(3863,'2015-09-22 11:30:16','2015-09-22 11:30:16','141125','141100','柳林县','',''),
	(3864,'2015-09-22 11:30:16','2015-09-22 11:30:16','141126','141100','石楼县','',''),
	(3865,'2015-09-22 11:30:16','2015-09-22 11:30:16','141127','141100','岚县','',''),
	(3866,'2015-09-22 11:30:16','2015-09-22 11:30:16','141128','141100','方山县','',''),
	(3867,'2015-09-22 11:30:16','2015-09-22 11:30:16','141129','141100','中阳县','',''),
	(3868,'2015-09-22 11:30:16','2015-09-22 11:30:16','141130','141100','交口县','',''),
	(3869,'2015-09-22 11:30:16','2015-09-22 11:30:16','141181','141100','孝义市','',''),
	(3870,'2015-09-22 11:30:16','2015-09-22 11:30:16','141182','141100','汾阳市','',''),
	(3871,'2015-09-22 11:30:16','2015-09-22 11:30:16','150000','0','内蒙古自治区','',''),
	(3872,'2015-09-22 11:30:16','2015-09-22 11:30:16','150100','150000','呼和浩特市','',''),
	(3873,'2015-09-22 11:30:16','2015-09-22 11:30:16','150102','150100','新城区','',''),
	(3874,'2015-09-22 11:30:16','2015-09-22 11:30:16','150103','150100','回民区','',''),
	(3875,'2015-09-22 11:30:16','2015-09-22 11:30:16','150104','150100','玉泉区','',''),
	(3876,'2015-09-22 11:30:16','2015-09-22 11:30:16','150105','150100','赛罕区','',''),
	(3877,'2015-09-22 11:30:16','2015-09-22 11:30:16','150121','150100','土默特左旗','',''),
	(3878,'2015-09-22 11:30:16','2015-09-22 11:30:16','150122','150100','托克托县','',''),
	(3879,'2015-09-22 11:30:16','2015-09-22 11:30:16','150123','150100','和林格尔县','',''),
	(3880,'2015-09-22 11:30:16','2015-09-22 11:30:16','150124','150100','清水河县','',''),
	(3881,'2015-09-22 11:30:16','2015-09-22 11:30:16','150125','150100','武川县','',''),
	(3882,'2015-09-22 11:30:16','2015-09-22 11:30:16','150200','150000','包头市','',''),
	(3883,'2015-09-22 11:30:16','2015-09-22 11:30:16','150202','150200','东河区','',''),
	(3884,'2015-09-22 11:30:16','2015-09-22 11:30:16','150203','150200','昆都仑区','',''),
	(3885,'2015-09-22 11:30:16','2015-09-22 11:30:16','150204','150200','青山区','',''),
	(3886,'2015-09-22 11:30:16','2015-09-22 11:30:16','150205','150200','石拐区','',''),
	(3887,'2015-09-22 11:30:16','2015-09-22 11:30:16','150206','150200','白云鄂博矿区','',''),
	(3888,'2015-09-22 11:30:16','2015-09-22 11:30:16','150207','150200','九原区','',''),
	(3889,'2015-09-22 11:30:16','2015-09-22 11:30:16','150221','150200','土默特右旗','',''),
	(3890,'2015-09-22 11:30:16','2015-09-22 11:30:16','150222','150200','固阳县','',''),
	(3891,'2015-09-22 11:30:16','2015-09-22 11:30:16','150223','150200','达尔罕茂明安联合旗','',''),
	(3892,'2015-09-22 11:30:16','2015-09-22 11:30:16','150300','150000','乌海市','',''),
	(3893,'2015-09-22 11:30:16','2015-09-22 11:30:16','150302','150300','海勃湾区','',''),
	(3894,'2015-09-22 11:30:16','2015-09-22 11:30:16','150303','150300','海南区','',''),
	(3895,'2015-09-22 11:30:16','2015-09-22 11:30:16','150304','150300','乌达区','',''),
	(3896,'2015-09-22 11:30:16','2015-09-22 11:30:16','150400','150000','赤峰市','',''),
	(3897,'2015-09-22 11:30:16','2015-09-22 11:30:16','150402','150400','红山区','',''),
	(3898,'2015-09-22 11:30:16','2015-09-22 11:30:16','150403','150400','元宝山区','',''),
	(3899,'2015-09-22 11:30:16','2015-09-22 11:30:16','150404','150400','松山区','',''),
	(3900,'2015-09-22 11:30:16','2015-09-22 11:30:16','150421','150400','阿鲁科尔沁旗','',''),
	(3901,'2015-09-22 11:30:16','2015-09-22 11:30:16','150422','150400','巴林左旗','',''),
	(3902,'2015-09-22 11:30:16','2015-09-22 11:30:16','150423','150400','巴林右旗','',''),
	(3903,'2015-09-22 11:30:16','2015-09-22 11:30:16','150424','150400','林西县','',''),
	(3904,'2015-09-22 11:30:16','2015-09-22 11:30:16','150425','150400','克什克腾旗','',''),
	(3905,'2015-09-22 11:30:16','2015-09-22 11:30:16','150426','150400','翁牛特旗','',''),
	(3906,'2015-09-22 11:30:16','2015-09-22 11:30:16','150428','150400','喀喇沁旗','',''),
	(3907,'2015-09-22 11:30:16','2015-09-22 11:30:16','150429','150400','宁城县','',''),
	(3908,'2015-09-22 11:30:16','2015-09-22 11:30:16','150430','150400','敖汉旗','',''),
	(3909,'2015-09-22 11:30:16','2015-09-22 11:30:16','150500','150000','通辽市','',''),
	(3910,'2015-09-22 11:30:16','2015-09-22 11:30:16','150502','150500','科尔沁区','',''),
	(3911,'2015-09-22 11:30:16','2015-09-22 11:30:16','150521','150500','科尔沁左翼中旗','',''),
	(3912,'2015-09-22 11:30:16','2015-09-22 11:30:16','150522','150500','科尔沁左翼后旗','',''),
	(3913,'2015-09-22 11:30:16','2015-09-22 11:30:16','150523','150500','开鲁县','',''),
	(3914,'2015-09-22 11:30:16','2015-09-22 11:30:16','150524','150500','库伦旗','',''),
	(3915,'2015-09-22 11:30:16','2015-09-22 11:30:16','150525','150500','奈曼旗','',''),
	(3916,'2015-09-22 11:30:16','2015-09-22 11:30:16','150526','150500','扎鲁特旗','',''),
	(3917,'2015-09-22 11:30:16','2015-09-22 11:30:16','150581','150500','霍林郭勒市','',''),
	(3918,'2015-09-22 11:30:16','2015-09-22 11:30:16','150600','150000','鄂尔多斯市','',''),
	(3919,'2015-09-22 11:30:16','2015-09-22 11:30:16','150602','150600','东胜区','',''),
	(3920,'2015-09-22 11:30:16','2015-09-22 11:30:16','150621','150600','达拉特旗','',''),
	(3921,'2015-09-22 11:30:16','2015-09-22 11:30:16','150622','150600','准格尔旗','',''),
	(3922,'2015-09-22 11:30:16','2015-09-22 11:30:16','150623','150600','鄂托克前旗','',''),
	(3923,'2015-09-22 11:30:16','2015-09-22 11:30:16','150624','150600','鄂托克旗','',''),
	(3924,'2015-09-22 11:30:16','2015-09-22 11:30:16','150625','150600','杭锦旗','',''),
	(3925,'2015-09-22 11:30:16','2015-09-22 11:30:16','150626','150600','乌审旗','',''),
	(3926,'2015-09-22 11:30:16','2015-09-22 11:30:16','150627','150600','伊金霍洛旗','',''),
	(3927,'2015-09-22 11:30:16','2015-09-22 11:30:16','150700','150000','呼伦贝尔市','',''),
	(3928,'2015-09-22 11:30:16','2015-09-22 11:30:16','150702','150700','海拉尔区','',''),
	(3929,'2015-09-22 11:30:16','2015-09-22 11:30:16','150703','150700','扎赉诺尔区','',''),
	(3930,'2015-09-22 11:30:16','2015-09-22 11:30:16','150721','150700','阿荣旗','',''),
	(3931,'2015-09-22 11:30:16','2015-09-22 11:30:16','150722','150700','莫力达瓦达斡尔族自治旗','',''),
	(3932,'2015-09-22 11:30:16','2015-09-22 11:30:16','150723','150700','鄂伦春自治旗','',''),
	(3933,'2015-09-22 11:30:16','2015-09-22 11:30:16','150724','150700','鄂温克族自治旗','',''),
	(3934,'2015-09-22 11:30:16','2015-09-22 11:30:16','150725','150700','陈巴尔虎旗','',''),
	(3935,'2015-09-22 11:30:16','2015-09-22 11:30:16','150726','150700','新巴尔虎左旗','',''),
	(3936,'2015-09-22 11:30:16','2015-09-22 11:30:16','150727','150700','新巴尔虎右旗','',''),
	(3937,'2015-09-22 11:30:16','2015-09-22 11:30:16','150781','150700','满洲里市','',''),
	(3938,'2015-09-22 11:30:16','2015-09-22 11:30:16','150782','150700','牙克石市','',''),
	(3939,'2015-09-22 11:30:16','2015-09-22 11:30:16','150783','150700','扎兰屯市','',''),
	(3940,'2015-09-22 11:30:16','2015-09-22 11:30:16','150784','150700','额尔古纳市','',''),
	(3941,'2015-09-22 11:30:16','2015-09-22 11:30:16','150785','150700','根河市','',''),
	(3942,'2015-09-22 11:30:16','2015-09-22 11:30:16','150800','150000','巴彦淖尔市','',''),
	(3943,'2015-09-22 11:30:16','2015-09-22 11:30:16','150802','150800','临河区','',''),
	(3944,'2015-09-22 11:30:16','2015-09-22 11:30:16','150821','150800','五原县','',''),
	(3945,'2015-09-22 11:30:16','2015-09-22 11:30:16','150822','150800','磴口县','',''),
	(3946,'2015-09-22 11:30:16','2015-09-22 11:30:16','150823','150800','乌拉特前旗','',''),
	(3947,'2015-09-22 11:30:16','2015-09-22 11:30:16','150824','150800','乌拉特中旗','',''),
	(3948,'2015-09-22 11:30:16','2015-09-22 11:30:16','150825','150800','乌拉特后旗','',''),
	(3949,'2015-09-22 11:30:16','2015-09-22 11:30:16','150826','150800','杭锦后旗','',''),
	(3950,'2015-09-22 11:30:16','2015-09-22 11:30:16','150900','150000','乌兰察布市','',''),
	(3951,'2015-09-22 11:30:16','2015-09-22 11:30:16','150902','150900','集宁区','',''),
	(3952,'2015-09-22 11:30:16','2015-09-22 11:30:16','150921','150900','卓资县','',''),
	(3953,'2015-09-22 11:30:16','2015-09-22 11:30:16','150922','150900','化德县','',''),
	(3954,'2015-09-22 11:30:16','2015-09-22 11:30:16','150923','150900','商都县','',''),
	(3955,'2015-09-22 11:30:16','2015-09-22 11:30:16','150924','150900','兴和县','',''),
	(3956,'2015-09-22 11:30:16','2015-09-22 11:30:16','150925','150900','凉城县','',''),
	(3957,'2015-09-22 11:30:16','2015-09-22 11:30:16','150926','150900','察哈尔右翼前旗','',''),
	(3958,'2015-09-22 11:30:16','2015-09-22 11:30:16','150927','150900','察哈尔右翼中旗','',''),
	(3959,'2015-09-22 11:30:16','2015-09-22 11:30:16','150928','150900','察哈尔右翼后旗','',''),
	(3960,'2015-09-22 11:30:16','2015-09-22 11:30:16','150929','150900','四子王旗','',''),
	(3961,'2015-09-22 11:30:16','2015-09-22 11:30:16','150981','150900','丰镇市','',''),
	(3962,'2015-09-22 11:30:16','2015-09-22 11:30:16','152200','150000','兴安盟','',''),
	(3963,'2015-09-22 11:30:16','2015-09-22 11:30:16','152201','152200','乌兰浩特市','',''),
	(3964,'2015-09-22 11:30:16','2015-09-22 11:30:16','152202','152200','阿尔山市','',''),
	(3965,'2015-09-22 11:30:16','2015-09-22 11:30:16','152221','152200','科尔沁右翼前旗','',''),
	(3966,'2015-09-22 11:30:16','2015-09-22 11:30:16','152222','152200','科尔沁右翼中旗','',''),
	(3967,'2015-09-22 11:30:16','2015-09-22 11:30:16','152223','152200','扎赉特旗','',''),
	(3968,'2015-09-22 11:30:16','2015-09-22 11:30:16','152224','152200','突泉县','',''),
	(3969,'2015-09-22 11:30:16','2015-09-22 11:30:16','152500','150000','锡林郭勒盟','',''),
	(3970,'2015-09-22 11:30:16','2015-09-22 11:30:16','152501','152500','二连浩特市','',''),
	(3971,'2015-09-22 11:30:16','2015-09-22 11:30:16','152502','152500','锡林浩特市','',''),
	(3972,'2015-09-22 11:30:16','2015-09-22 11:30:16','152522','152500','阿巴嘎旗','',''),
	(3973,'2015-09-22 11:30:16','2015-09-22 11:30:16','152523','152500','苏尼特左旗','',''),
	(3974,'2015-09-22 11:30:16','2015-09-22 11:30:16','152524','152500','苏尼特右旗','',''),
	(3975,'2015-09-22 11:30:16','2015-09-22 11:30:16','152525','152500','东乌珠穆沁旗','',''),
	(3976,'2015-09-22 11:30:16','2015-09-22 11:30:16','152526','152500','西乌珠穆沁旗','',''),
	(3977,'2015-09-22 11:30:16','2015-09-22 11:30:16','152527','152500','太仆寺旗','',''),
	(3978,'2015-09-22 11:30:16','2015-09-22 11:30:16','152528','152500','镶黄旗','',''),
	(3979,'2015-09-22 11:30:16','2015-09-22 11:30:16','152529','152500','正镶白旗','',''),
	(3980,'2015-09-22 11:30:16','2015-09-22 11:30:16','152530','152500','正蓝旗','',''),
	(3981,'2015-09-22 11:30:16','2015-09-22 11:30:16','152531','152500','多伦县','',''),
	(3982,'2015-09-22 11:30:16','2015-09-22 11:30:16','152900','150000','阿拉善盟','',''),
	(3983,'2015-09-22 11:30:16','2015-09-22 11:30:16','152921','152900','阿拉善左旗','',''),
	(3984,'2015-09-22 11:30:16','2015-09-22 11:30:16','152922','152900','阿拉善右旗','',''),
	(3985,'2015-09-22 11:30:16','2015-09-22 11:30:16','152923','152900','额济纳旗','',''),
	(3986,'2015-09-22 11:30:16','2015-09-22 11:30:16','210000','0','辽宁省','',''),
	(3987,'2015-09-22 11:30:16','2015-09-22 11:30:16','210100','210000','沈阳市','',''),
	(3988,'2015-09-22 11:30:16','2015-09-22 11:30:16','210102','210100','和平区','',''),
	(3989,'2015-09-22 11:30:16','2015-09-22 11:30:16','210103','210100','沈河区','',''),
	(3990,'2015-09-22 11:30:16','2015-09-22 11:30:16','210104','210100','大东区','',''),
	(3991,'2015-09-22 11:30:16','2015-09-22 11:30:16','210105','210100','皇姑区','',''),
	(3992,'2015-09-22 11:30:16','2015-09-22 11:30:16','210106','210100','铁西区','',''),
	(3993,'2015-09-22 11:30:16','2015-09-22 11:30:16','210111','210100','苏家屯区','',''),
	(3994,'2015-09-22 11:30:16','2015-09-22 11:30:16','210112','210100','东陵区','',''),
	(3995,'2015-09-22 11:30:16','2015-09-22 11:30:16','210113','210100','沈北新区','',''),
	(3996,'2015-09-22 11:30:16','2015-09-22 11:30:16','210114','210100','于洪区','',''),
	(3997,'2015-09-22 11:30:16','2015-09-22 11:30:16','210122','210100','辽中县','',''),
	(3998,'2015-09-22 11:30:16','2015-09-22 11:30:16','210123','210100','康平县','',''),
	(3999,'2015-09-22 11:30:16','2015-09-22 11:30:16','210124','210100','法库县','',''),
	(4000,'2015-09-22 11:30:16','2015-09-22 11:30:16','210181','210100','新民市','',''),
	(4001,'2015-09-22 11:30:16','2015-09-22 11:30:16','210200','210000','大连市','',''),
	(4002,'2015-09-22 11:30:16','2015-09-22 11:30:16','210202','210200','中山区','',''),
	(4003,'2015-09-22 11:30:16','2015-09-22 11:30:16','210203','210200','西岗区','',''),
	(4004,'2015-09-22 11:30:16','2015-09-22 11:30:16','210204','210200','沙河口区','',''),
	(4005,'2015-09-22 11:30:16','2015-09-22 11:30:16','210211','210200','甘井子区','',''),
	(4006,'2015-09-22 11:30:16','2015-09-22 11:30:16','210212','210200','旅顺口区','',''),
	(4007,'2015-09-22 11:30:16','2015-09-22 11:30:16','210213','210200','金州区','',''),
	(4008,'2015-09-22 11:30:16','2015-09-22 11:30:16','210224','210200','长海县','',''),
	(4009,'2015-09-22 11:30:16','2015-09-22 11:30:16','210281','210200','瓦房店市','',''),
	(4010,'2015-09-22 11:30:16','2015-09-22 11:30:16','210282','210200','普兰店市','',''),
	(4011,'2015-09-22 11:30:16','2015-09-22 11:30:16','210283','210200','庄河市','',''),
	(4012,'2015-09-22 11:30:16','2015-09-22 11:30:16','210300','210000','鞍山市','',''),
	(4013,'2015-09-22 11:30:16','2015-09-22 11:30:16','210302','210300','铁东区','',''),
	(4014,'2015-09-22 11:30:16','2015-09-22 11:30:16','210303','210300','铁西区','',''),
	(4015,'2015-09-22 11:30:16','2015-09-22 11:30:16','210304','210300','立山区','',''),
	(4016,'2015-09-22 11:30:16','2015-09-22 11:30:16','210311','210300','千山区','',''),
	(4017,'2015-09-22 11:30:16','2015-09-22 11:30:16','210321','210300','台安县','',''),
	(4018,'2015-09-22 11:30:16','2015-09-22 11:30:16','210323','210300','岫岩满族自治县','',''),
	(4019,'2015-09-22 11:30:16','2015-09-22 11:30:16','210381','210300','海城市','',''),
	(4020,'2015-09-22 11:30:16','2015-09-22 11:30:16','210400','210000','抚顺市','',''),
	(4021,'2015-09-22 11:30:16','2015-09-22 11:30:16','210402','210400','新抚区','',''),
	(4022,'2015-09-22 11:30:16','2015-09-22 11:30:16','210403','210400','东洲区','',''),
	(4023,'2015-09-22 11:30:16','2015-09-22 11:30:16','210404','210400','望花区','',''),
	(4024,'2015-09-22 11:30:16','2015-09-22 11:30:16','210411','210400','顺城区','',''),
	(4025,'2015-09-22 11:30:16','2015-09-22 11:30:16','210421','210400','抚顺县','',''),
	(4026,'2015-09-22 11:30:16','2015-09-22 11:30:16','210422','210400','新宾满族自治县','',''),
	(4027,'2015-09-22 11:30:16','2015-09-22 11:30:16','210423','210400','清原满族自治县','',''),
	(4028,'2015-09-22 11:30:16','2015-09-22 11:30:16','210500','210000','本溪市','',''),
	(4029,'2015-09-22 11:30:16','2015-09-22 11:30:16','210502','210500','平山区','',''),
	(4030,'2015-09-22 11:30:16','2015-09-22 11:30:16','210503','210500','溪湖区','',''),
	(4031,'2015-09-22 11:30:16','2015-09-22 11:30:16','210504','210500','明山区','',''),
	(4032,'2015-09-22 11:30:16','2015-09-22 11:30:16','210505','210500','南芬区','',''),
	(4033,'2015-09-22 11:30:16','2015-09-22 11:30:16','210521','210500','本溪满族自治县','',''),
	(4034,'2015-09-22 11:30:16','2015-09-22 11:30:16','210522','210500','桓仁满族自治县','',''),
	(4035,'2015-09-22 11:30:16','2015-09-22 11:30:16','210600','210000','丹东市','',''),
	(4036,'2015-09-22 11:30:16','2015-09-22 11:30:16','210602','210600','元宝区','',''),
	(4037,'2015-09-22 11:30:16','2015-09-22 11:30:16','210603','210600','振兴区','',''),
	(4038,'2015-09-22 11:30:16','2015-09-22 11:30:16','210604','210600','振安区','',''),
	(4039,'2015-09-22 11:30:16','2015-09-22 11:30:16','210624','210600','宽甸满族自治县','',''),
	(4040,'2015-09-22 11:30:16','2015-09-22 11:30:16','210681','210600','东港市','',''),
	(4041,'2015-09-22 11:30:16','2015-09-22 11:30:16','210682','210600','凤城市','',''),
	(4042,'2015-09-22 11:30:16','2015-09-22 11:30:16','210700','210000','锦州市','',''),
	(4043,'2015-09-22 11:30:16','2015-09-22 11:30:16','210702','210700','古塔区','',''),
	(4044,'2015-09-22 11:30:16','2015-09-22 11:30:16','210703','210700','凌河区','',''),
	(4045,'2015-09-22 11:30:16','2015-09-22 11:30:16','210711','210700','太和区','',''),
	(4046,'2015-09-22 11:30:16','2015-09-22 11:30:16','210726','210700','黑山县','',''),
	(4047,'2015-09-22 11:30:16','2015-09-22 11:30:16','210727','210700','义县','',''),
	(4048,'2015-09-22 11:30:16','2015-09-22 11:30:16','210781','210700','凌海市','',''),
	(4049,'2015-09-22 11:30:16','2015-09-22 11:30:16','210782','210700','北镇市','',''),
	(4050,'2015-09-22 11:30:16','2015-09-22 11:30:16','210800','210000','营口市','',''),
	(4051,'2015-09-22 11:30:16','2015-09-22 11:30:16','210802','210800','站前区','',''),
	(4052,'2015-09-22 11:30:16','2015-09-22 11:30:16','210803','210800','西市区','',''),
	(4053,'2015-09-22 11:30:16','2015-09-22 11:30:16','210804','210800','鲅鱼圈区','',''),
	(4054,'2015-09-22 11:30:16','2015-09-22 11:30:16','210811','210800','老边区','',''),
	(4055,'2015-09-22 11:30:16','2015-09-22 11:30:16','210881','210800','盖州市','',''),
	(4056,'2015-09-22 11:30:16','2015-09-22 11:30:16','210882','210800','大石桥市','',''),
	(4057,'2015-09-22 11:30:16','2015-09-22 11:30:16','210900','210000','阜新市','',''),
	(4058,'2015-09-22 11:30:16','2015-09-22 11:30:16','210902','210900','海州区','',''),
	(4059,'2015-09-22 11:30:16','2015-09-22 11:30:16','210903','210900','新邱区','',''),
	(4060,'2015-09-22 11:30:16','2015-09-22 11:30:16','210904','210900','太平区','',''),
	(4061,'2015-09-22 11:30:16','2015-09-22 11:30:16','210905','210900','清河门区','',''),
	(4062,'2015-09-22 11:30:16','2015-09-22 11:30:16','210911','210900','细河区','',''),
	(4063,'2015-09-22 11:30:16','2015-09-22 11:30:16','210921','210900','阜新蒙古族自治县','',''),
	(4064,'2015-09-22 11:30:16','2015-09-22 11:30:16','210922','210900','彰武县','',''),
	(4065,'2015-09-22 11:30:16','2015-09-22 11:30:16','211000','210000','辽阳市','',''),
	(4066,'2015-09-22 11:30:16','2015-09-22 11:30:16','211002','211000','白塔区','',''),
	(4067,'2015-09-22 11:30:16','2015-09-22 11:30:16','211003','211000','文圣区','',''),
	(4068,'2015-09-22 11:30:16','2015-09-22 11:30:16','211004','211000','宏伟区','',''),
	(4069,'2015-09-22 11:30:16','2015-09-22 11:30:16','211005','211000','弓长岭区','',''),
	(4070,'2015-09-22 11:30:16','2015-09-22 11:30:16','211011','211000','太子河区','',''),
	(4071,'2015-09-22 11:30:16','2015-09-22 11:30:16','211021','211000','辽阳县','',''),
	(4072,'2015-09-22 11:30:16','2015-09-22 11:30:16','211081','211000','灯塔市','',''),
	(4073,'2015-09-22 11:30:16','2015-09-22 11:30:16','211100','210000','盘锦市','',''),
	(4074,'2015-09-22 11:30:16','2015-09-22 11:30:16','211102','211100','双台子区','',''),
	(4075,'2015-09-22 11:30:16','2015-09-22 11:30:16','211103','211100','兴隆台区','',''),
	(4076,'2015-09-22 11:30:16','2015-09-22 11:30:16','211121','211100','大洼县','',''),
	(4077,'2015-09-22 11:30:16','2015-09-22 11:30:16','211122','211100','盘山县','',''),
	(4078,'2015-09-22 11:30:16','2015-09-22 11:30:16','211200','210000','铁岭市','',''),
	(4079,'2015-09-22 11:30:16','2015-09-22 11:30:16','211202','211200','银州区','',''),
	(4080,'2015-09-22 11:30:16','2015-09-22 11:30:16','211204','211200','清河区','',''),
	(4081,'2015-09-22 11:30:16','2015-09-22 11:30:16','211221','211200','铁岭县','',''),
	(4082,'2015-09-22 11:30:16','2015-09-22 11:30:16','211223','211200','西丰县','',''),
	(4083,'2015-09-22 11:30:16','2015-09-22 11:30:16','211224','211200','昌图县','',''),
	(4084,'2015-09-22 11:30:16','2015-09-22 11:30:16','211281','211200','调兵山市','',''),
	(4085,'2015-09-22 11:30:16','2015-09-22 11:30:16','211282','211200','开原市','',''),
	(4086,'2015-09-22 11:30:16','2015-09-22 11:30:16','211300','210000','朝阳市','',''),
	(4087,'2015-09-22 11:30:16','2015-09-22 11:30:16','211302','211300','双塔区','',''),
	(4088,'2015-09-22 11:30:16','2015-09-22 11:30:16','211303','211300','龙城区','',''),
	(4089,'2015-09-22 11:30:16','2015-09-22 11:30:16','211321','211300','朝阳县','',''),
	(4090,'2015-09-22 11:30:16','2015-09-22 11:30:16','211322','211300','建平县','',''),
	(4091,'2015-09-22 11:30:16','2015-09-22 11:30:16','211324','211300','喀喇沁左翼蒙古族自治县','',''),
	(4092,'2015-09-22 11:30:16','2015-09-22 11:30:16','211381','211300','北票市','',''),
	(4093,'2015-09-22 11:30:16','2015-09-22 11:30:16','211382','211300','凌源市','',''),
	(4094,'2015-09-22 11:30:16','2015-09-22 11:30:16','211400','210000','葫芦岛市','',''),
	(4095,'2015-09-22 11:30:16','2015-09-22 11:30:16','211402','211400','连山区','',''),
	(4096,'2015-09-22 11:30:16','2015-09-22 11:30:16','211403','211400','龙港区','',''),
	(4097,'2015-09-22 11:30:16','2015-09-22 11:30:16','211404','211400','南票区','',''),
	(4098,'2015-09-22 11:30:16','2015-09-22 11:30:16','211421','211400','绥中县','',''),
	(4099,'2015-09-22 11:30:16','2015-09-22 11:30:16','211422','211400','建昌县','',''),
	(4100,'2015-09-22 11:30:16','2015-09-22 11:30:16','211481','211400','兴城市','',''),
	(4101,'2015-09-22 11:30:16','2015-09-22 11:30:16','220000','0','吉林省','',''),
	(4102,'2015-09-22 11:30:16','2015-09-22 11:30:16','220100','220000','长春市','',''),
	(4103,'2015-09-22 11:30:16','2015-09-22 11:30:16','220102','220100','南关区','',''),
	(4104,'2015-09-22 11:30:16','2015-09-22 11:30:16','220103','220100','宽城区','',''),
	(4105,'2015-09-22 11:30:16','2015-09-22 11:30:16','220104','220100','朝阳区','',''),
	(4106,'2015-09-22 11:30:16','2015-09-22 11:30:16','220105','220100','二道区','',''),
	(4107,'2015-09-22 11:30:16','2015-09-22 11:30:16','220106','220100','绿园区','',''),
	(4108,'2015-09-22 11:30:16','2015-09-22 11:30:16','220112','220100','双阳区','',''),
	(4109,'2015-09-22 11:30:16','2015-09-22 11:30:16','220113','220100','九台区','',''),
	(4110,'2015-09-22 11:30:16','2015-09-22 11:30:16','220122','220100','农安县','',''),
	(4111,'2015-09-22 11:30:16','2015-09-22 11:30:16','220182','220100','榆树市','',''),
	(4112,'2015-09-22 11:30:16','2015-09-22 11:30:16','220183','220100','德惠市','',''),
	(4113,'2015-09-22 11:30:16','2015-09-22 11:30:16','220200','220000','吉林市','',''),
	(4114,'2015-09-22 11:30:16','2015-09-22 11:30:16','220202','220200','昌邑区','',''),
	(4115,'2015-09-22 11:30:16','2015-09-22 11:30:16','220203','220200','龙潭区','',''),
	(4116,'2015-09-22 11:30:16','2015-09-22 11:30:16','220204','220200','船营区','',''),
	(4117,'2015-09-22 11:30:16','2015-09-22 11:30:16','220211','220200','丰满区','',''),
	(4118,'2015-09-22 11:30:16','2015-09-22 11:30:16','220221','220200','永吉县','',''),
	(4119,'2015-09-22 11:30:16','2015-09-22 11:30:16','220281','220200','蛟河市','',''),
	(4120,'2015-09-22 11:30:16','2015-09-22 11:30:16','220282','220200','桦甸市','',''),
	(4121,'2015-09-22 11:30:16','2015-09-22 11:30:16','220283','220200','舒兰市','',''),
	(4122,'2015-09-22 11:30:16','2015-09-22 11:30:16','220284','220200','磐石市','',''),
	(4123,'2015-09-22 11:30:16','2015-09-22 11:30:16','220300','220000','四平市','',''),
	(4124,'2015-09-22 11:30:16','2015-09-22 11:30:16','220302','220300','铁西区','',''),
	(4125,'2015-09-22 11:30:16','2015-09-22 11:30:16','220303','220300','铁东区','',''),
	(4126,'2015-09-22 11:30:16','2015-09-22 11:30:16','220322','220300','梨树县','',''),
	(4127,'2015-09-22 11:30:16','2015-09-22 11:30:16','220323','220300','伊通满族自治县','',''),
	(4128,'2015-09-22 11:30:16','2015-09-22 11:30:16','220381','220300','公主岭市','',''),
	(4129,'2015-09-22 11:30:16','2015-09-22 11:30:16','220382','220300','双辽市','',''),
	(4130,'2015-09-22 11:30:16','2015-09-22 11:30:16','220400','220000','辽源市','',''),
	(4131,'2015-09-22 11:30:16','2015-09-22 11:30:16','220402','220400','龙山区','',''),
	(4132,'2015-09-22 11:30:16','2015-09-22 11:30:16','220403','220400','西安区','',''),
	(4133,'2015-09-22 11:30:16','2015-09-22 11:30:16','220421','220400','东丰县','',''),
	(4134,'2015-09-22 11:30:16','2015-09-22 11:30:16','220422','220400','东辽县','',''),
	(4135,'2015-09-22 11:30:16','2015-09-22 11:30:16','220500','220000','通化市','',''),
	(4136,'2015-09-22 11:30:16','2015-09-22 11:30:16','220502','220500','东昌区','',''),
	(4137,'2015-09-22 11:30:16','2015-09-22 11:30:16','220503','220500','二道江区','',''),
	(4138,'2015-09-22 11:30:16','2015-09-22 11:30:16','220521','220500','通化县','',''),
	(4139,'2015-09-22 11:30:16','2015-09-22 11:30:16','220523','220500','辉南县','',''),
	(4140,'2015-09-22 11:30:16','2015-09-22 11:30:16','220524','220500','柳河县','',''),
	(4141,'2015-09-22 11:30:16','2015-09-22 11:30:16','220581','220500','梅河口市','',''),
	(4142,'2015-09-22 11:30:16','2015-09-22 11:30:16','220582','220500','集安市','',''),
	(4143,'2015-09-22 11:30:16','2015-09-22 11:30:16','220600','220000','白山市','',''),
	(4144,'2015-09-22 11:30:16','2015-09-22 11:30:16','220602','220600','浑江区','',''),
	(4145,'2015-09-22 11:30:16','2015-09-22 11:30:16','220605','220600','江源区','',''),
	(4146,'2015-09-22 11:30:16','2015-09-22 11:30:16','220621','220600','抚松县','',''),
	(4147,'2015-09-22 11:30:16','2015-09-22 11:30:16','220622','220600','靖宇县','',''),
	(4148,'2015-09-22 11:30:16','2015-09-22 11:30:16','220623','220600','长白朝鲜族自治县','',''),
	(4149,'2015-09-22 11:30:16','2015-09-22 11:30:16','220681','220600','临江市','',''),
	(4150,'2015-09-22 11:30:16','2015-09-22 11:30:16','220700','220000','松原市','',''),
	(4151,'2015-09-22 11:30:16','2015-09-22 11:30:16','220702','220700','宁江区','',''),
	(4152,'2015-09-22 11:30:16','2015-09-22 11:30:16','220721','220700','前郭尔罗斯蒙古族自治县','',''),
	(4153,'2015-09-22 11:30:16','2015-09-22 11:30:16','220722','220700','长岭县','',''),
	(4154,'2015-09-22 11:30:16','2015-09-22 11:30:16','220723','220700','乾安县','',''),
	(4155,'2015-09-22 11:30:16','2015-09-22 11:30:16','220781','220700','扶余市','',''),
	(4156,'2015-09-22 11:30:16','2015-09-22 11:30:16','220800','220000','白城市','',''),
	(4157,'2015-09-22 11:30:16','2015-09-22 11:30:16','220802','220800','洮北区','',''),
	(4158,'2015-09-22 11:30:16','2015-09-22 11:30:16','220821','220800','镇赉县','',''),
	(4159,'2015-09-22 11:30:16','2015-09-22 11:30:16','220822','220800','通榆县','',''),
	(4160,'2015-09-22 11:30:16','2015-09-22 11:30:16','220881','220800','洮南市','',''),
	(4161,'2015-09-22 11:30:16','2015-09-22 11:30:16','220882','220800','大安市','',''),
	(4162,'2015-09-22 11:30:16','2015-09-22 11:30:16','222400','220000','延边朝鲜族自治州','',''),
	(4163,'2015-09-22 11:30:16','2015-09-22 11:30:16','222401','222400','延吉市','',''),
	(4164,'2015-09-22 11:30:16','2015-09-22 11:30:16','222402','222400','图们市','',''),
	(4165,'2015-09-22 11:30:16','2015-09-22 11:30:16','222403','222400','敦化市','',''),
	(4166,'2015-09-22 11:30:16','2015-09-22 11:30:16','222404','222400','珲春市','',''),
	(4167,'2015-09-22 11:30:16','2015-09-22 11:30:16','222405','222400','龙井市','',''),
	(4168,'2015-09-22 11:30:16','2015-09-22 11:30:16','222406','222400','和龙市','',''),
	(4169,'2015-09-22 11:30:16','2015-09-22 11:30:16','222424','222400','汪清县','',''),
	(4170,'2015-09-22 11:30:16','2015-09-22 11:30:16','222426','222400','安图县','',''),
	(4171,'2015-09-22 11:30:16','2015-09-22 11:30:16','230000','0','黑龙江省','',''),
	(4172,'2015-09-22 11:30:16','2015-09-22 11:30:16','230100','230000','哈尔滨市','',''),
	(4173,'2015-09-22 11:30:16','2015-09-22 11:30:16','230102','230100','道里区','',''),
	(4174,'2015-09-22 11:30:16','2015-09-22 11:30:16','230103','230100','南岗区','',''),
	(4175,'2015-09-22 11:30:16','2015-09-22 11:30:16','230104','230100','道外区','',''),
	(4176,'2015-09-22 11:30:16','2015-09-22 11:30:16','230108','230100','平房区','',''),
	(4177,'2015-09-22 11:30:16','2015-09-22 11:30:16','230109','230100','松北区','',''),
	(4178,'2015-09-22 11:30:16','2015-09-22 11:30:16','230110','230100','香坊区','',''),
	(4179,'2015-09-22 11:30:16','2015-09-22 11:30:16','230111','230100','呼兰区','',''),
	(4180,'2015-09-22 11:30:16','2015-09-22 11:30:16','230112','230100','阿城区','',''),
	(4181,'2015-09-22 11:30:16','2015-09-22 11:30:16','230113','230100','双城区','',''),
	(4182,'2015-09-22 11:30:16','2015-09-22 11:30:16','230123','230100','依兰县','',''),
	(4183,'2015-09-22 11:30:16','2015-09-22 11:30:16','230124','230100','方正县','',''),
	(4184,'2015-09-22 11:30:16','2015-09-22 11:30:16','230125','230100','宾县','',''),
	(4185,'2015-09-22 11:30:16','2015-09-22 11:30:16','230126','230100','巴彦县','',''),
	(4186,'2015-09-22 11:30:16','2015-09-22 11:30:16','230127','230100','木兰县','',''),
	(4187,'2015-09-22 11:30:16','2015-09-22 11:30:16','230128','230100','通河县','',''),
	(4188,'2015-09-22 11:30:16','2015-09-22 11:30:16','230129','230100','延寿县','',''),
	(4189,'2015-09-22 11:30:16','2015-09-22 11:30:16','230183','230100','尚志市','',''),
	(4190,'2015-09-22 11:30:16','2015-09-22 11:30:16','230184','230100','五常市','',''),
	(4191,'2015-09-22 11:30:16','2015-09-22 11:30:16','230200','230000','齐齐哈尔市','',''),
	(4192,'2015-09-22 11:30:16','2015-09-22 11:30:16','230202','230200','龙沙区','',''),
	(4193,'2015-09-22 11:30:16','2015-09-22 11:30:16','230203','230200','建华区','',''),
	(4194,'2015-09-22 11:30:16','2015-09-22 11:30:16','230204','230200','铁锋区','',''),
	(4195,'2015-09-22 11:30:16','2015-09-22 11:30:16','230205','230200','昂昂溪区','',''),
	(4196,'2015-09-22 11:30:16','2015-09-22 11:30:16','230206','230200','富拉尔基区','',''),
	(4197,'2015-09-22 11:30:16','2015-09-22 11:30:16','230207','230200','碾子山区','',''),
	(4198,'2015-09-22 11:30:16','2015-09-22 11:30:16','230208','230200','梅里斯达斡尔族区','',''),
	(4199,'2015-09-22 11:30:16','2015-09-22 11:30:16','230221','230200','龙江县','',''),
	(4200,'2015-09-22 11:30:16','2015-09-22 11:30:16','230223','230200','依安县','',''),
	(4201,'2015-09-22 11:30:16','2015-09-22 11:30:16','230224','230200','泰来县','',''),
	(4202,'2015-09-22 11:30:16','2015-09-22 11:30:16','230225','230200','甘南县','',''),
	(4203,'2015-09-22 11:30:16','2015-09-22 11:30:16','230227','230200','富裕县','',''),
	(4204,'2015-09-22 11:30:16','2015-09-22 11:30:16','230229','230200','克山县','',''),
	(4205,'2015-09-22 11:30:16','2015-09-22 11:30:16','230230','230200','克东县','',''),
	(4206,'2015-09-22 11:30:16','2015-09-22 11:30:16','230231','230200','拜泉县','',''),
	(4207,'2015-09-22 11:30:16','2015-09-22 11:30:16','230281','230200','讷河市','',''),
	(4208,'2015-09-22 11:30:16','2015-09-22 11:30:16','230300','230000','鸡西市','',''),
	(4209,'2015-09-22 11:30:16','2015-09-22 11:30:16','230302','230300','鸡冠区','',''),
	(4210,'2015-09-22 11:30:16','2015-09-22 11:30:16','230303','230300','恒山区','',''),
	(4211,'2015-09-22 11:30:16','2015-09-22 11:30:16','230304','230300','滴道区','',''),
	(4212,'2015-09-22 11:30:16','2015-09-22 11:30:16','230305','230300','梨树区','',''),
	(4213,'2015-09-22 11:30:16','2015-09-22 11:30:16','230306','230300','城子河区','',''),
	(4214,'2015-09-22 11:30:16','2015-09-22 11:30:16','230307','230300','麻山区','',''),
	(4215,'2015-09-22 11:30:16','2015-09-22 11:30:16','230321','230300','鸡东县','',''),
	(4216,'2015-09-22 11:30:16','2015-09-22 11:30:16','230381','230300','虎林市','',''),
	(4217,'2015-09-22 11:30:16','2015-09-22 11:30:16','230382','230300','密山市','',''),
	(4218,'2015-09-22 11:30:16','2015-09-22 11:30:16','230400','230000','鹤岗市','',''),
	(4219,'2015-09-22 11:30:16','2015-09-22 11:30:16','230402','230400','向阳区','',''),
	(4220,'2015-09-22 11:30:16','2015-09-22 11:30:16','230403','230400','工农区','',''),
	(4221,'2015-09-22 11:30:16','2015-09-22 11:30:16','230404','230400','南山区','',''),
	(4222,'2015-09-22 11:30:16','2015-09-22 11:30:16','230405','230400','兴安区','',''),
	(4223,'2015-09-22 11:30:16','2015-09-22 11:30:16','230406','230400','东山区','',''),
	(4224,'2015-09-22 11:30:16','2015-09-22 11:30:16','230407','230400','兴山区','',''),
	(4225,'2015-09-22 11:30:16','2015-09-22 11:30:16','230421','230400','萝北县','',''),
	(4226,'2015-09-22 11:30:16','2015-09-22 11:30:16','230422','230400','绥滨县','',''),
	(4227,'2015-09-22 11:30:16','2015-09-22 11:30:16','230500','230000','双鸭山市','',''),
	(4228,'2015-09-22 11:30:16','2015-09-22 11:30:16','230502','230500','尖山区','',''),
	(4229,'2015-09-22 11:30:16','2015-09-22 11:30:16','230503','230500','岭东区','',''),
	(4230,'2015-09-22 11:30:16','2015-09-22 11:30:16','230505','230500','四方台区','',''),
	(4231,'2015-09-22 11:30:16','2015-09-22 11:30:16','230506','230500','宝山区','',''),
	(4232,'2015-09-22 11:30:16','2015-09-22 11:30:16','230521','230500','集贤县','',''),
	(4233,'2015-09-22 11:30:16','2015-09-22 11:30:16','230522','230500','友谊县','',''),
	(4234,'2015-09-22 11:30:16','2015-09-22 11:30:16','230523','230500','宝清县','',''),
	(4235,'2015-09-22 11:30:16','2015-09-22 11:30:16','230524','230500','饶河县','',''),
	(4236,'2015-09-22 11:30:16','2015-09-22 11:30:16','230600','230000','大庆市','',''),
	(4237,'2015-09-22 11:30:16','2015-09-22 11:30:16','230602','230600','萨尔图区','',''),
	(4238,'2015-09-22 11:30:16','2015-09-22 11:30:16','230603','230600','龙凤区','',''),
	(4239,'2015-09-22 11:30:16','2015-09-22 11:30:16','230604','230600','让胡路区','',''),
	(4240,'2015-09-22 11:30:16','2015-09-22 11:30:16','230605','230600','红岗区','',''),
	(4241,'2015-09-22 11:30:16','2015-09-22 11:30:16','230606','230600','大同区','',''),
	(4242,'2015-09-22 11:30:16','2015-09-22 11:30:16','230621','230600','肇州县','',''),
	(4243,'2015-09-22 11:30:16','2015-09-22 11:30:16','230622','230600','肇源县','',''),
	(4244,'2015-09-22 11:30:16','2015-09-22 11:30:16','230623','230600','林甸县','',''),
	(4245,'2015-09-22 11:30:16','2015-09-22 11:30:16','230624','230600','杜尔伯特蒙古族自治县','',''),
	(4246,'2015-09-22 11:30:16','2015-09-22 11:30:16','230700','230000','伊春市','',''),
	(4247,'2015-09-22 11:30:16','2015-09-22 11:30:16','230702','230700','伊春区','',''),
	(4248,'2015-09-22 11:30:16','2015-09-22 11:30:16','230703','230700','南岔区','',''),
	(4249,'2015-09-22 11:30:16','2015-09-22 11:30:16','230704','230700','友好区','',''),
	(4250,'2015-09-22 11:30:16','2015-09-22 11:30:16','230705','230700','西林区','',''),
	(4251,'2015-09-22 11:30:16','2015-09-22 11:30:16','230706','230700','翠峦区','',''),
	(4252,'2015-09-22 11:30:16','2015-09-22 11:30:16','230707','230700','新青区','',''),
	(4253,'2015-09-22 11:30:16','2015-09-22 11:30:16','230708','230700','美溪区','',''),
	(4254,'2015-09-22 11:30:16','2015-09-22 11:30:16','230709','230700','金山屯区','',''),
	(4255,'2015-09-22 11:30:16','2015-09-22 11:30:16','230710','230700','五营区','',''),
	(4256,'2015-09-22 11:30:16','2015-09-22 11:30:16','230711','230700','乌马河区','',''),
	(4257,'2015-09-22 11:30:16','2015-09-22 11:30:16','230712','230700','汤旺河区','',''),
	(4258,'2015-09-22 11:30:16','2015-09-22 11:30:16','230713','230700','带岭区','',''),
	(4259,'2015-09-22 11:30:16','2015-09-22 11:30:16','230714','230700','乌伊岭区','',''),
	(4260,'2015-09-22 11:30:16','2015-09-22 11:30:16','230715','230700','红星区','',''),
	(4261,'2015-09-22 11:30:16','2015-09-22 11:30:16','230716','230700','上甘岭区','',''),
	(4262,'2015-09-22 11:30:16','2015-09-22 11:30:16','230722','230700','嘉荫县','',''),
	(4263,'2015-09-22 11:30:16','2015-09-22 11:30:16','230781','230700','铁力市','',''),
	(4264,'2015-09-22 11:30:16','2015-09-22 11:30:16','230800','230000','佳木斯市','',''),
	(4265,'2015-09-22 11:30:16','2015-09-22 11:30:16','230803','230800','向阳区','',''),
	(4266,'2015-09-22 11:30:16','2015-09-22 11:30:16','230804','230800','前进区','',''),
	(4267,'2015-09-22 11:30:16','2015-09-22 11:30:16','230805','230800','东风区','',''),
	(4268,'2015-09-22 11:30:16','2015-09-22 11:30:16','230811','230800','郊区','',''),
	(4269,'2015-09-22 11:30:16','2015-09-22 11:30:16','230822','230800','桦南县','',''),
	(4270,'2015-09-22 11:30:16','2015-09-22 11:30:16','230826','230800','桦川县','',''),
	(4271,'2015-09-22 11:30:16','2015-09-22 11:30:16','230828','230800','汤原县','',''),
	(4272,'2015-09-22 11:30:16','2015-09-22 11:30:16','230833','230800','抚远县','',''),
	(4273,'2015-09-22 11:30:16','2015-09-22 11:30:16','230881','230800','同江市','',''),
	(4274,'2015-09-22 11:30:16','2015-09-22 11:30:16','230882','230800','富锦市','',''),
	(4275,'2015-09-22 11:30:16','2015-09-22 11:30:16','230900','230000','七台河市','',''),
	(4276,'2015-09-22 11:30:16','2015-09-22 11:30:16','230902','230900','新兴区','',''),
	(4277,'2015-09-22 11:30:16','2015-09-22 11:30:16','230903','230900','桃山区','',''),
	(4278,'2015-09-22 11:30:16','2015-09-22 11:30:16','230904','230900','茄子河区','',''),
	(4279,'2015-09-22 11:30:16','2015-09-22 11:30:16','230921','230900','勃利县','',''),
	(4280,'2015-09-22 11:30:16','2015-09-22 11:30:16','231000','230000','牡丹江市','',''),
	(4281,'2015-09-22 11:30:16','2015-09-22 11:30:16','231002','231000','东安区','',''),
	(4282,'2015-09-22 11:30:16','2015-09-22 11:30:16','231003','231000','阳明区','',''),
	(4283,'2015-09-22 11:30:16','2015-09-22 11:30:16','231004','231000','爱民区','',''),
	(4284,'2015-09-22 11:30:16','2015-09-22 11:30:16','231005','231000','西安区','',''),
	(4285,'2015-09-22 11:30:16','2015-09-22 11:30:16','231024','231000','东宁县','',''),
	(4286,'2015-09-22 11:30:16','2015-09-22 11:30:16','231025','231000','林口县','',''),
	(4287,'2015-09-22 11:30:16','2015-09-22 11:30:16','231081','231000','绥芬河市','',''),
	(4288,'2015-09-22 11:30:16','2015-09-22 11:30:16','231083','231000','海林市','',''),
	(4289,'2015-09-22 11:30:16','2015-09-22 11:30:16','231084','231000','宁安市','',''),
	(4290,'2015-09-22 11:30:16','2015-09-22 11:30:16','231085','231000','穆棱市','',''),
	(4291,'2015-09-22 11:30:16','2015-09-22 11:30:16','231100','230000','黑河市','',''),
	(4292,'2015-09-22 11:30:16','2015-09-22 11:30:16','231102','231100','爱辉区','',''),
	(4293,'2015-09-22 11:30:16','2015-09-22 11:30:16','231121','231100','嫩江县','',''),
	(4294,'2015-09-22 11:30:16','2015-09-22 11:30:16','231123','231100','逊克县','',''),
	(4295,'2015-09-22 11:30:16','2015-09-22 11:30:16','231124','231100','孙吴县','',''),
	(4296,'2015-09-22 11:30:16','2015-09-22 11:30:16','231181','231100','北安市','',''),
	(4297,'2015-09-22 11:30:16','2015-09-22 11:30:16','231182','231100','五大连池市','',''),
	(4298,'2015-09-22 11:30:16','2015-09-22 11:30:16','231200','230000','绥化市','',''),
	(4299,'2015-09-22 11:30:16','2015-09-22 11:30:16','231202','231200','北林区','',''),
	(4300,'2015-09-22 11:30:16','2015-09-22 11:30:16','231221','231200','望奎县','',''),
	(4301,'2015-09-22 11:30:16','2015-09-22 11:30:16','231222','231200','兰西县','',''),
	(4302,'2015-09-22 11:30:16','2015-09-22 11:30:16','231223','231200','青冈县','',''),
	(4303,'2015-09-22 11:30:16','2015-09-22 11:30:16','231224','231200','庆安县','',''),
	(4304,'2015-09-22 11:30:16','2015-09-22 11:30:16','231225','231200','明水县','',''),
	(4305,'2015-09-22 11:30:16','2015-09-22 11:30:16','231226','231200','绥棱县','',''),
	(4306,'2015-09-22 11:30:16','2015-09-22 11:30:16','231281','231200','安达市','',''),
	(4307,'2015-09-22 11:30:16','2015-09-22 11:30:16','231282','231200','肇东市','',''),
	(4308,'2015-09-22 11:30:16','2015-09-22 11:30:16','231283','231200','海伦市','',''),
	(4309,'2015-09-22 11:30:16','2015-09-22 11:30:16','232700','230000','大兴安岭地区','',''),
	(4310,'2015-09-22 11:30:16','2015-09-22 11:30:16','232721','232700','呼玛县','',''),
	(4311,'2015-09-22 11:30:16','2015-09-22 11:30:16','232722','232700','塔河县','',''),
	(4312,'2015-09-22 11:30:16','2015-09-22 11:30:16','232723','232700','漠河县','',''),
	(4313,'2015-09-22 11:30:16','2015-09-22 11:30:16','310000','0','上海市','',''),
	(4314,'2015-09-22 11:30:16','2015-09-22 11:30:16','310100','310000','上海市','',''),
	(4315,'2015-09-22 11:30:16','2015-09-22 11:30:16','310101','310100','黄浦区','',''),
	(4316,'2015-09-22 11:30:16','2015-09-22 11:30:16','310104','310100','徐汇区','',''),
	(4317,'2015-09-22 11:30:16','2015-09-22 11:30:16','310105','310100','长宁区','',''),
	(4318,'2015-09-22 11:30:16','2015-09-22 11:30:16','310106','310100','静安区','',''),
	(4319,'2015-09-22 11:30:16','2015-09-22 11:30:16','310107','310100','普陀区','',''),
	(4320,'2015-09-22 11:30:16','2015-09-22 11:30:16','310108','310100','闸北区','',''),
	(4321,'2015-09-22 11:30:16','2015-09-22 11:30:16','310109','310100','虹口区','',''),
	(4322,'2015-09-22 11:30:16','2015-09-22 11:30:16','310110','310100','杨浦区','',''),
	(4323,'2015-09-22 11:30:16','2015-09-22 11:30:16','310112','310100','闵行区','',''),
	(4324,'2015-09-22 11:30:16','2015-09-22 11:30:16','310113','310100','宝山区','',''),
	(4325,'2015-09-22 11:30:16','2015-09-22 11:30:16','310114','310100','嘉定区','',''),
	(4326,'2015-09-22 11:30:16','2015-09-22 11:30:16','310115','310100','浦东新区','',''),
	(4327,'2015-09-22 11:30:16','2015-09-22 11:30:16','310116','310100','金山区','',''),
	(4328,'2015-09-22 11:30:16','2015-09-22 11:30:16','310117','310100','松江区','',''),
	(4329,'2015-09-22 11:30:16','2015-09-22 11:30:16','310118','310100','青浦区','',''),
	(4330,'2015-09-22 11:30:16','2015-09-22 11:30:16','310120','310100','奉贤区','',''),
	(4331,'2015-09-22 11:30:16','2015-09-22 11:30:16','310230','310200','崇明县','',''),
	(4332,'2015-09-22 11:30:16','2015-09-22 11:30:16','320000','0','江苏省','',''),
	(4333,'2015-09-22 11:30:16','2015-09-22 11:30:16','320100','320000','南京市','',''),
	(4334,'2015-09-22 11:30:16','2015-09-22 11:30:16','320102','320100','玄武区','',''),
	(4335,'2015-09-22 11:30:16','2015-09-22 11:30:16','320104','320100','秦淮区','',''),
	(4336,'2015-09-22 11:30:16','2015-09-22 11:30:16','320105','320100','建邺区','',''),
	(4337,'2015-09-22 11:30:16','2015-09-22 11:30:16','320106','320100','鼓楼区','',''),
	(4338,'2015-09-22 11:30:16','2015-09-22 11:30:16','320111','320100','浦口区','',''),
	(4339,'2015-09-22 11:30:16','2015-09-22 11:30:16','320113','320100','栖霞区','',''),
	(4340,'2015-09-22 11:30:16','2015-09-22 11:30:16','320114','320100','雨花台区','',''),
	(4341,'2015-09-22 11:30:16','2015-09-22 11:30:16','320115','320100','江宁区','',''),
	(4342,'2015-09-22 11:30:16','2015-09-22 11:30:16','320116','320100','六合区','',''),
	(4343,'2015-09-22 11:30:16','2015-09-22 11:30:16','320117','320100','溧水区','',''),
	(4344,'2015-09-22 11:30:16','2015-09-22 11:30:16','320118','320100','高淳区','',''),
	(4345,'2015-09-22 11:30:16','2015-09-22 11:30:16','320200','320000','无锡市','',''),
	(4346,'2015-09-22 11:30:16','2015-09-22 11:30:16','320202','320200','崇安区','',''),
	(4347,'2015-09-22 11:30:16','2015-09-22 11:30:16','320203','320200','南长区','',''),
	(4348,'2015-09-22 11:30:16','2015-09-22 11:30:16','320204','320200','北塘区','',''),
	(4349,'2015-09-22 11:30:16','2015-09-22 11:30:16','320205','320200','锡山区','',''),
	(4350,'2015-09-22 11:30:16','2015-09-22 11:30:16','320206','320200','惠山区','',''),
	(4351,'2015-09-22 11:30:16','2015-09-22 11:30:16','320211','320200','滨湖区','',''),
	(4352,'2015-09-22 11:30:16','2015-09-22 11:30:16','320281','320200','江阴市','',''),
	(4353,'2015-09-22 11:30:16','2015-09-22 11:30:16','320282','320200','宜兴市','',''),
	(4354,'2015-09-22 11:30:16','2015-09-22 11:30:16','320300','320000','徐州市','',''),
	(4355,'2015-09-22 11:30:16','2015-09-22 11:30:16','320302','320300','鼓楼区','',''),
	(4356,'2015-09-22 11:30:16','2015-09-22 11:30:16','320303','320300','云龙区','',''),
	(4357,'2015-09-22 11:30:16','2015-09-22 11:30:16','320305','320300','贾汪区','',''),
	(4358,'2015-09-22 11:30:16','2015-09-22 11:30:16','320311','320300','泉山区','',''),
	(4359,'2015-09-22 11:30:16','2015-09-22 11:30:16','320312','320300','铜山区','',''),
	(4360,'2015-09-22 11:30:16','2015-09-22 11:30:16','320321','320300','丰县','',''),
	(4361,'2015-09-22 11:30:16','2015-09-22 11:30:16','320322','320300','沛县','',''),
	(4362,'2015-09-22 11:30:16','2015-09-22 11:30:16','320324','320300','睢宁县','',''),
	(4363,'2015-09-22 11:30:16','2015-09-22 11:30:16','320381','320300','新沂市','',''),
	(4364,'2015-09-22 11:30:16','2015-09-22 11:30:16','320382','320300','邳州市','',''),
	(4365,'2015-09-22 11:30:16','2015-09-22 11:30:16','320400','320000','常州市','',''),
	(4366,'2015-09-22 11:30:16','2015-09-22 11:30:16','320402','320400','天宁区','',''),
	(4367,'2015-09-22 11:30:16','2015-09-22 11:30:16','320404','320400','钟楼区','',''),
	(4368,'2015-09-22 11:30:16','2015-09-22 11:30:16','320411','320400','新北区','',''),
	(4369,'2015-09-22 11:30:16','2015-09-22 11:30:16','320412','320400','武进区','',''),
	(4370,'2015-09-22 11:30:16','2015-09-22 11:30:16','320413','320400','金坛区','',''),
	(4371,'2015-09-22 11:30:16','2015-09-22 11:30:16','320481','320400','溧阳市','',''),
	(4372,'2015-09-22 11:30:16','2015-09-22 11:30:16','320500','320000','苏州市','',''),
	(4373,'2015-09-22 11:30:16','2015-09-22 11:30:16','320505','320500','虎丘区','',''),
	(4374,'2015-09-22 11:30:16','2015-09-22 11:30:16','320506','320500','吴中区','',''),
	(4375,'2015-09-22 11:30:16','2015-09-22 11:30:16','320507','320500','相城区','',''),
	(4376,'2015-09-22 11:30:16','2015-09-22 11:30:16','320508','320500','姑苏区','',''),
	(4377,'2015-09-22 11:30:16','2015-09-22 11:30:16','320509','320500','吴江区','',''),
	(4378,'2015-09-22 11:30:16','2015-09-22 11:30:16','320581','320500','常熟市','',''),
	(4379,'2015-09-22 11:30:16','2015-09-22 11:30:16','320582','320500','张家港市','',''),
	(4380,'2015-09-22 11:30:16','2015-09-22 11:30:16','320583','320500','昆山市','',''),
	(4381,'2015-09-22 11:30:16','2015-09-22 11:30:16','320585','320500','太仓市','',''),
	(4382,'2015-09-22 11:30:16','2015-09-22 11:30:16','320600','320000','南通市','',''),
	(4383,'2015-09-22 11:30:16','2015-09-22 11:30:16','320602','320600','崇川区','',''),
	(4384,'2015-09-22 11:30:16','2015-09-22 11:30:16','320611','320600','港闸区','',''),
	(4385,'2015-09-22 11:30:16','2015-09-22 11:30:16','320612','320600','通州区','',''),
	(4386,'2015-09-22 11:30:16','2015-09-22 11:30:16','320621','320600','海安县','',''),
	(4387,'2015-09-22 11:30:16','2015-09-22 11:30:16','320623','320600','如东县','',''),
	(4388,'2015-09-22 11:30:16','2015-09-22 11:30:16','320681','320600','启东市','',''),
	(4389,'2015-09-22 11:30:16','2015-09-22 11:30:16','320682','320600','如皋市','',''),
	(4390,'2015-09-22 11:30:16','2015-09-22 11:30:16','320684','320600','海门市','',''),
	(4391,'2015-09-22 11:30:16','2015-09-22 11:30:16','320700','320000','连云港市','',''),
	(4392,'2015-09-22 11:30:16','2015-09-22 11:30:16','320703','320700','连云区','',''),
	(4393,'2015-09-22 11:30:16','2015-09-22 11:30:16','320706','320700','海州区','',''),
	(4394,'2015-09-22 11:30:16','2015-09-22 11:30:16','320707','320700','赣榆区','',''),
	(4395,'2015-09-22 11:30:16','2015-09-22 11:30:16','320722','320700','东海县','',''),
	(4396,'2015-09-22 11:30:16','2015-09-22 11:30:16','320723','320700','灌云县','',''),
	(4397,'2015-09-22 11:30:16','2015-09-22 11:30:16','320724','320700','灌南县','',''),
	(4398,'2015-09-22 11:30:16','2015-09-22 11:30:16','320800','320000','淮安市','',''),
	(4399,'2015-09-22 11:30:16','2015-09-22 11:30:16','320802','320800','清河区','',''),
	(4400,'2015-09-22 11:30:16','2015-09-22 11:30:16','320803','320800','淮安区','',''),
	(4401,'2015-09-22 11:30:16','2015-09-22 11:30:16','320804','320800','淮阴区','',''),
	(4402,'2015-09-22 11:30:16','2015-09-22 11:30:16','320811','320800','清浦区','',''),
	(4403,'2015-09-22 11:30:16','2015-09-22 11:30:16','320826','320800','涟水县','',''),
	(4404,'2015-09-22 11:30:16','2015-09-22 11:30:16','320829','320800','洪泽县','',''),
	(4405,'2015-09-22 11:30:16','2015-09-22 11:30:16','320830','320800','盱眙县','',''),
	(4406,'2015-09-22 11:30:16','2015-09-22 11:30:16','320831','320800','金湖县','',''),
	(4407,'2015-09-22 11:30:16','2015-09-22 11:30:16','320900','320000','盐城市','',''),
	(4408,'2015-09-22 11:30:16','2015-09-22 11:30:16','320902','320900','亭湖区','',''),
	(4409,'2015-09-22 11:30:16','2015-09-22 11:30:16','320903','320900','盐都区','',''),
	(4410,'2015-09-22 11:30:16','2015-09-22 11:30:16','320921','320900','响水县','',''),
	(4411,'2015-09-22 11:30:16','2015-09-22 11:30:16','320922','320900','滨海县','',''),
	(4412,'2015-09-22 11:30:16','2015-09-22 11:30:16','320923','320900','阜宁县','',''),
	(4413,'2015-09-22 11:30:16','2015-09-22 11:30:16','320924','320900','射阳县','',''),
	(4414,'2015-09-22 11:30:16','2015-09-22 11:30:16','320925','320900','建湖县','',''),
	(4415,'2015-09-22 11:30:16','2015-09-22 11:30:16','320981','320900','东台市','',''),
	(4416,'2015-09-22 11:30:16','2015-09-22 11:30:16','320982','320900','大丰市','',''),
	(4417,'2015-09-22 11:30:16','2015-09-22 11:30:16','321000','320000','扬州市','',''),
	(4418,'2015-09-22 11:30:16','2015-09-22 11:30:16','321002','321000','广陵区','',''),
	(4419,'2015-09-22 11:30:16','2015-09-22 11:30:16','321003','321000','邗江区','',''),
	(4420,'2015-09-22 11:30:16','2015-09-22 11:30:16','321012','321000','江都区','',''),
	(4421,'2015-09-22 11:30:16','2015-09-22 11:30:16','321023','321000','宝应县','',''),
	(4422,'2015-09-22 11:30:16','2015-09-22 11:30:16','321081','321000','仪征市','',''),
	(4423,'2015-09-22 11:30:16','2015-09-22 11:30:16','321084','321000','高邮市','',''),
	(4424,'2015-09-22 11:30:16','2015-09-22 11:30:16','321100','320000','镇江市','',''),
	(4425,'2015-09-22 11:30:16','2015-09-22 11:30:16','321102','321100','京口区','',''),
	(4426,'2015-09-22 11:30:16','2015-09-22 11:30:16','321111','321100','润州区','',''),
	(4427,'2015-09-22 11:30:16','2015-09-22 11:30:16','321112','321100','丹徒区','',''),
	(4428,'2015-09-22 11:30:16','2015-09-22 11:30:16','321181','321100','丹阳市','',''),
	(4429,'2015-09-22 11:30:16','2015-09-22 11:30:16','321182','321100','扬中市','',''),
	(4430,'2015-09-22 11:30:16','2015-09-22 11:30:16','321183','321100','句容市','',''),
	(4431,'2015-09-22 11:30:16','2015-09-22 11:30:16','321200','320000','泰州市','',''),
	(4432,'2015-09-22 11:30:16','2015-09-22 11:30:16','321202','321200','海陵区','',''),
	(4433,'2015-09-22 11:30:16','2015-09-22 11:30:16','321203','321200','高港区','',''),
	(4434,'2015-09-22 11:30:16','2015-09-22 11:30:16','321204','321200','姜堰区','',''),
	(4435,'2015-09-22 11:30:16','2015-09-22 11:30:16','321281','321200','兴化市','',''),
	(4436,'2015-09-22 11:30:16','2015-09-22 11:30:16','321282','321200','靖江市','',''),
	(4437,'2015-09-22 11:30:16','2015-09-22 11:30:16','321283','321200','泰兴市','',''),
	(4438,'2015-09-22 11:30:16','2015-09-22 11:30:16','321300','320000','宿迁市','',''),
	(4439,'2015-09-22 11:30:16','2015-09-22 11:30:16','321302','321300','宿城区','',''),
	(4440,'2015-09-22 11:30:16','2015-09-22 11:30:16','321311','321300','宿豫区','',''),
	(4441,'2015-09-22 11:30:16','2015-09-22 11:30:16','321322','321300','沭阳县','',''),
	(4442,'2015-09-22 11:30:16','2015-09-22 11:30:16','321323','321300','泗阳县','',''),
	(4443,'2015-09-22 11:30:16','2015-09-22 11:30:16','321324','321300','泗洪县','',''),
	(4444,'2015-09-22 11:30:16','2015-09-22 11:30:16','330000','0','浙江省','',''),
	(4445,'2015-09-22 11:30:16','2015-09-22 11:30:16','330100','330000','杭州市','',''),
	(4446,'2015-09-22 11:30:16','2015-09-22 11:30:16','330102','330100','上城区','',''),
	(4447,'2015-09-22 11:30:16','2015-09-22 11:30:16','330103','330100','下城区','',''),
	(4448,'2015-09-22 11:30:16','2015-09-22 11:30:16','330104','330100','江干区','',''),
	(4449,'2015-09-22 11:30:16','2015-09-22 11:30:16','330105','330100','拱墅区','',''),
	(4450,'2015-09-22 11:30:16','2015-09-22 11:30:16','330106','330100','西湖区','',''),
	(4451,'2015-09-22 11:30:16','2015-09-22 11:30:16','330108','330100','滨江区','',''),
	(4452,'2015-09-22 11:30:16','2015-09-22 11:30:16','330109','330100','萧山区','',''),
	(4453,'2015-09-22 11:30:16','2015-09-22 11:30:16','330110','330100','余杭区','',''),
	(4454,'2015-09-22 11:30:16','2015-09-22 11:30:16','330111','330100','富阳区','',''),
	(4455,'2015-09-22 11:30:16','2015-09-22 11:30:16','330122','330100','桐庐县','',''),
	(4456,'2015-09-22 11:30:16','2015-09-22 11:30:16','330127','330100','淳安县','',''),
	(4457,'2015-09-22 11:30:16','2015-09-22 11:30:16','330182','330100','建德市','',''),
	(4458,'2015-09-22 11:30:16','2015-09-22 11:30:16','330185','330100','临安市','',''),
	(4459,'2015-09-22 11:30:16','2015-09-22 11:30:16','330200','330000','宁波市','',''),
	(4460,'2015-09-22 11:30:16','2015-09-22 11:30:16','330203','330200','海曙区','',''),
	(4461,'2015-09-22 11:30:16','2015-09-22 11:30:16','330204','330200','江东区','',''),
	(4462,'2015-09-22 11:30:16','2015-09-22 11:30:16','330205','330200','江北区','',''),
	(4463,'2015-09-22 11:30:16','2015-09-22 11:30:16','330206','330200','北仑区','',''),
	(4464,'2015-09-22 11:30:16','2015-09-22 11:30:16','330211','330200','镇海区','',''),
	(4465,'2015-09-22 11:30:16','2015-09-22 11:30:16','330212','330200','鄞州区','',''),
	(4466,'2015-09-22 11:30:16','2015-09-22 11:30:16','330225','330200','象山县','',''),
	(4467,'2015-09-22 11:30:16','2015-09-22 11:30:16','330226','330200','宁海县','',''),
	(4468,'2015-09-22 11:30:16','2015-09-22 11:30:16','330281','330200','余姚市','',''),
	(4469,'2015-09-22 11:30:16','2015-09-22 11:30:16','330282','330200','慈溪市','',''),
	(4470,'2015-09-22 11:30:16','2015-09-22 11:30:16','330283','330200','奉化市','',''),
	(4471,'2015-09-22 11:30:16','2015-09-22 11:30:16','330300','330000','温州市','',''),
	(4472,'2015-09-22 11:30:16','2015-09-22 11:30:16','330302','330300','鹿城区','',''),
	(4473,'2015-09-22 11:30:16','2015-09-22 11:30:16','330303','330300','龙湾区','',''),
	(4474,'2015-09-22 11:30:16','2015-09-22 11:30:16','330304','330300','瓯海区','',''),
	(4475,'2015-09-22 11:30:16','2015-09-22 11:30:16','330322','330300','洞头县','',''),
	(4476,'2015-09-22 11:30:16','2015-09-22 11:30:16','330324','330300','永嘉县','',''),
	(4477,'2015-09-22 11:30:16','2015-09-22 11:30:16','330326','330300','平阳县','',''),
	(4478,'2015-09-22 11:30:16','2015-09-22 11:30:16','330327','330300','苍南县','',''),
	(4479,'2015-09-22 11:30:16','2015-09-22 11:30:16','330328','330300','文成县','',''),
	(4480,'2015-09-22 11:30:16','2015-09-22 11:30:16','330329','330300','泰顺县','',''),
	(4481,'2015-09-22 11:30:16','2015-09-22 11:30:16','330381','330300','瑞安市','',''),
	(4482,'2015-09-22 11:30:16','2015-09-22 11:30:16','330382','330300','乐清市','',''),
	(4483,'2015-09-22 11:30:16','2015-09-22 11:30:16','330400','330000','嘉兴市','',''),
	(4484,'2015-09-22 11:30:16','2015-09-22 11:30:16','330402','330400','南湖区','',''),
	(4485,'2015-09-22 11:30:16','2015-09-22 11:30:16','330411','330400','秀洲区','',''),
	(4486,'2015-09-22 11:30:16','2015-09-22 11:30:16','330421','330400','嘉善县','',''),
	(4487,'2015-09-22 11:30:16','2015-09-22 11:30:16','330424','330400','海盐县','',''),
	(4488,'2015-09-22 11:30:16','2015-09-22 11:30:16','330481','330400','海宁市','',''),
	(4489,'2015-09-22 11:30:16','2015-09-22 11:30:16','330482','330400','平湖市','',''),
	(4490,'2015-09-22 11:30:16','2015-09-22 11:30:16','330483','330400','桐乡市','',''),
	(4491,'2015-09-22 11:30:16','2015-09-22 11:30:16','330500','330000','湖州市','',''),
	(4492,'2015-09-22 11:30:16','2015-09-22 11:30:16','330502','330500','吴兴区','',''),
	(4493,'2015-09-22 11:30:16','2015-09-22 11:30:16','330503','330500','南浔区','',''),
	(4494,'2015-09-22 11:30:16','2015-09-22 11:30:16','330521','330500','德清县','',''),
	(4495,'2015-09-22 11:30:16','2015-09-22 11:30:16','330522','330500','长兴县','',''),
	(4496,'2015-09-22 11:30:16','2015-09-22 11:30:16','330523','330500','安吉县','',''),
	(4497,'2015-09-22 11:30:16','2015-09-22 11:30:16','330600','330000','绍兴市','',''),
	(4498,'2015-09-22 11:30:16','2015-09-22 11:30:16','330602','330600','越城区','',''),
	(4499,'2015-09-22 11:30:16','2015-09-22 11:30:16','330603','330600','柯桥区','',''),
	(4500,'2015-09-22 11:30:16','2015-09-22 11:30:16','330604','330600','上虞区','',''),
	(4501,'2015-09-22 11:30:16','2015-09-22 11:30:16','330624','330600','新昌县','',''),
	(4502,'2015-09-22 11:30:16','2015-09-22 11:30:16','330681','330600','诸暨市','',''),
	(4503,'2015-09-22 11:30:16','2015-09-22 11:30:16','330683','330600','嵊州市','',''),
	(4504,'2015-09-22 11:30:16','2015-09-22 11:30:16','330700','330000','金华市','',''),
	(4505,'2015-09-22 11:30:16','2015-09-22 11:30:16','330702','330700','婺城区','',''),
	(4506,'2015-09-22 11:30:16','2015-09-22 11:30:16','330703','330700','金东区','',''),
	(4507,'2015-09-22 11:30:16','2015-09-22 11:30:16','330723','330700','武义县','',''),
	(4508,'2015-09-22 11:30:16','2015-09-22 11:30:16','330726','330700','浦江县','',''),
	(4509,'2015-09-22 11:30:16','2015-09-22 11:30:16','330727','330700','磐安县','',''),
	(4510,'2015-09-22 11:30:16','2015-09-22 11:30:16','330781','330700','兰溪市','',''),
	(4511,'2015-09-22 11:30:16','2015-09-22 11:30:16','330782','330700','义乌市','',''),
	(4512,'2015-09-22 11:30:16','2015-09-22 11:30:16','330783','330700','东阳市','',''),
	(4513,'2015-09-22 11:30:16','2015-09-22 11:30:16','330784','330700','永康市','',''),
	(4514,'2015-09-22 11:30:16','2015-09-22 11:30:16','330800','330000','衢州市','',''),
	(4515,'2015-09-22 11:30:16','2015-09-22 11:30:16','330802','330800','柯城区','',''),
	(4516,'2015-09-22 11:30:16','2015-09-22 11:30:16','330803','330800','衢江区','',''),
	(4517,'2015-09-22 11:30:16','2015-09-22 11:30:16','330822','330800','常山县','',''),
	(4518,'2015-09-22 11:30:16','2015-09-22 11:30:16','330824','330800','开化县','',''),
	(4519,'2015-09-22 11:30:16','2015-09-22 11:30:16','330825','330800','龙游县','',''),
	(4520,'2015-09-22 11:30:16','2015-09-22 11:30:16','330881','330800','江山市','',''),
	(4521,'2015-09-22 11:30:16','2015-09-22 11:30:16','330900','330000','舟山市','',''),
	(4522,'2015-09-22 11:30:16','2015-09-22 11:30:16','330902','330900','定海区','',''),
	(4523,'2015-09-22 11:30:16','2015-09-22 11:30:16','330903','330900','普陀区','',''),
	(4524,'2015-09-22 11:30:16','2015-09-22 11:30:16','330921','330900','岱山县','',''),
	(4525,'2015-09-22 11:30:16','2015-09-22 11:30:16','330922','330900','嵊泗县','',''),
	(4526,'2015-09-22 11:30:16','2015-09-22 11:30:16','331000','330000','台州市','',''),
	(4527,'2015-09-22 11:30:16','2015-09-22 11:30:16','331002','331000','椒江区','',''),
	(4528,'2015-09-22 11:30:16','2015-09-22 11:30:16','331003','331000','黄岩区','',''),
	(4529,'2015-09-22 11:30:16','2015-09-22 11:30:16','331004','331000','路桥区','',''),
	(4530,'2015-09-22 11:30:16','2015-09-22 11:30:16','331021','331000','玉环县','',''),
	(4531,'2015-09-22 11:30:16','2015-09-22 11:30:16','331022','331000','三门县','',''),
	(4532,'2015-09-22 11:30:16','2015-09-22 11:30:16','331023','331000','天台县','',''),
	(4533,'2015-09-22 11:30:16','2015-09-22 11:30:16','331024','331000','仙居县','',''),
	(4534,'2015-09-22 11:30:16','2015-09-22 11:30:16','331081','331000','温岭市','',''),
	(4535,'2015-09-22 11:30:16','2015-09-22 11:30:16','331082','331000','临海市','',''),
	(4536,'2015-09-22 11:30:16','2015-09-22 11:30:16','331100','330000','丽水市','',''),
	(4537,'2015-09-22 11:30:16','2015-09-22 11:30:16','331102','331100','莲都区','',''),
	(4538,'2015-09-22 11:30:16','2015-09-22 11:30:16','331121','331100','青田县','',''),
	(4539,'2015-09-22 11:30:16','2015-09-22 11:30:16','331122','331100','缙云县','',''),
	(4540,'2015-09-22 11:30:16','2015-09-22 11:30:16','331123','331100','遂昌县','',''),
	(4541,'2015-09-22 11:30:16','2015-09-22 11:30:16','331124','331100','松阳县','',''),
	(4542,'2015-09-22 11:30:16','2015-09-22 11:30:16','331125','331100','云和县','',''),
	(4543,'2015-09-22 11:30:16','2015-09-22 11:30:16','331126','331100','庆元县','',''),
	(4544,'2015-09-22 11:30:16','2015-09-22 11:30:16','331127','331100','景宁畲族自治县','',''),
	(4545,'2015-09-22 11:30:16','2015-09-22 11:30:16','331181','331100','龙泉市','',''),
	(4546,'2015-09-22 11:30:16','2015-09-22 11:30:16','340000','0','安徽省','',''),
	(4547,'2015-09-22 11:30:16','2015-09-22 11:30:16','340100','340000','合肥市','',''),
	(4548,'2015-09-22 11:30:16','2015-09-22 11:30:16','340102','340100','瑶海区','',''),
	(4549,'2015-09-22 11:30:16','2015-09-22 11:30:16','340103','340100','庐阳区','',''),
	(4550,'2015-09-22 11:30:16','2015-09-22 11:30:16','340104','340100','蜀山区','',''),
	(4551,'2015-09-22 11:30:16','2015-09-22 11:30:16','340111','340100','包河区','',''),
	(4552,'2015-09-22 11:30:16','2015-09-22 11:30:16','340121','340100','长丰县','',''),
	(4553,'2015-09-22 11:30:16','2015-09-22 11:30:16','340122','340100','肥东县','',''),
	(4554,'2015-09-22 11:30:16','2015-09-22 11:30:16','340123','340100','肥西县','',''),
	(4555,'2015-09-22 11:30:16','2015-09-22 11:30:16','340124','340100','庐江县','',''),
	(4556,'2015-09-22 11:30:16','2015-09-22 11:30:16','340181','340100','巢湖市','',''),
	(4557,'2015-09-22 11:30:16','2015-09-22 11:30:16','340200','340000','芜湖市','',''),
	(4558,'2015-09-22 11:30:16','2015-09-22 11:30:16','340202','340200','镜湖区','',''),
	(4559,'2015-09-22 11:30:16','2015-09-22 11:30:16','340203','340200','弋江区','',''),
	(4560,'2015-09-22 11:30:16','2015-09-22 11:30:16','340207','340200','鸠江区','',''),
	(4561,'2015-09-22 11:30:16','2015-09-22 11:30:16','340208','340200','三山区','',''),
	(4562,'2015-09-22 11:30:16','2015-09-22 11:30:16','340221','340200','芜湖县','',''),
	(4563,'2015-09-22 11:30:16','2015-09-22 11:30:16','340222','340200','繁昌县','',''),
	(4564,'2015-09-22 11:30:16','2015-09-22 11:30:16','340223','340200','南陵县','',''),
	(4565,'2015-09-22 11:30:16','2015-09-22 11:30:16','340225','340200','无为县','',''),
	(4566,'2015-09-22 11:30:16','2015-09-22 11:30:16','340300','340000','蚌埠市','',''),
	(4567,'2015-09-22 11:30:16','2015-09-22 11:30:16','340302','340300','龙子湖区','',''),
	(4568,'2015-09-22 11:30:16','2015-09-22 11:30:16','340303','340300','蚌山区','',''),
	(4569,'2015-09-22 11:30:16','2015-09-22 11:30:16','340304','340300','禹会区','',''),
	(4570,'2015-09-22 11:30:16','2015-09-22 11:30:16','340311','340300','淮上区','',''),
	(4571,'2015-09-22 11:30:16','2015-09-22 11:30:16','340321','340300','怀远县','',''),
	(4572,'2015-09-22 11:30:16','2015-09-22 11:30:16','340322','340300','五河县','',''),
	(4573,'2015-09-22 11:30:17','2015-09-22 11:30:17','340323','340300','固镇县','',''),
	(4574,'2015-09-22 11:30:17','2015-09-22 11:30:17','340400','340000','淮南市','',''),
	(4575,'2015-09-22 11:30:17','2015-09-22 11:30:17','340402','340400','大通区','',''),
	(4576,'2015-09-22 11:30:17','2015-09-22 11:30:17','340403','340400','田家庵区','',''),
	(4577,'2015-09-22 11:30:17','2015-09-22 11:30:17','340404','340400','谢家集区','',''),
	(4578,'2015-09-22 11:30:17','2015-09-22 11:30:17','340405','340400','八公山区','',''),
	(4579,'2015-09-22 11:30:17','2015-09-22 11:30:17','340406','340400','潘集区','',''),
	(4580,'2015-09-22 11:30:17','2015-09-22 11:30:17','340421','340400','凤台县','',''),
	(4581,'2015-09-22 11:30:17','2015-09-22 11:30:17','340500','340000','马鞍山市','',''),
	(4582,'2015-09-22 11:30:17','2015-09-22 11:30:17','340503','340500','花山区','',''),
	(4583,'2015-09-22 11:30:17','2015-09-22 11:30:17','340504','340500','雨山区','',''),
	(4584,'2015-09-22 11:30:17','2015-09-22 11:30:17','340506','340500','博望区','',''),
	(4585,'2015-09-22 11:30:17','2015-09-22 11:30:17','340521','340500','当涂县','',''),
	(4586,'2015-09-22 11:30:17','2015-09-22 11:30:17','340522','340500','含山县','',''),
	(4587,'2015-09-22 11:30:17','2015-09-22 11:30:17','340523','340500','和县','',''),
	(4588,'2015-09-22 11:30:17','2015-09-22 11:30:17','340600','340000','淮北市','',''),
	(4589,'2015-09-22 11:30:17','2015-09-22 11:30:17','340602','340600','杜集区','',''),
	(4590,'2015-09-22 11:30:17','2015-09-22 11:30:17','340603','340600','相山区','',''),
	(4591,'2015-09-22 11:30:17','2015-09-22 11:30:17','340604','340600','烈山区','',''),
	(4592,'2015-09-22 11:30:17','2015-09-22 11:30:17','340621','340600','濉溪县','',''),
	(4593,'2015-09-22 11:30:17','2015-09-22 11:30:17','340700','340000','铜陵市','',''),
	(4594,'2015-09-22 11:30:17','2015-09-22 11:30:17','340702','340700','铜官山区','',''),
	(4595,'2015-09-22 11:30:17','2015-09-22 11:30:17','340703','340700','狮子山区','',''),
	(4596,'2015-09-22 11:30:17','2015-09-22 11:30:17','340711','340700','郊区','',''),
	(4597,'2015-09-22 11:30:17','2015-09-22 11:30:17','340721','340700','铜陵县','',''),
	(4598,'2015-09-22 11:30:17','2015-09-22 11:30:17','340800','340000','安庆市','',''),
	(4599,'2015-09-22 11:30:17','2015-09-22 11:30:17','340802','340800','迎江区','',''),
	(4600,'2015-09-22 11:30:17','2015-09-22 11:30:17','340803','340800','大观区','',''),
	(4601,'2015-09-22 11:30:17','2015-09-22 11:30:17','340811','340800','宜秀区','',''),
	(4602,'2015-09-22 11:30:17','2015-09-22 11:30:17','340822','340800','怀宁县','',''),
	(4603,'2015-09-22 11:30:17','2015-09-22 11:30:17','340823','340800','枞阳县','',''),
	(4604,'2015-09-22 11:30:17','2015-09-22 11:30:17','340824','340800','潜山县','',''),
	(4605,'2015-09-22 11:30:17','2015-09-22 11:30:17','340825','340800','太湖县','',''),
	(4606,'2015-09-22 11:30:17','2015-09-22 11:30:17','340826','340800','宿松县','',''),
	(4607,'2015-09-22 11:30:17','2015-09-22 11:30:17','340827','340800','望江县','',''),
	(4608,'2015-09-22 11:30:17','2015-09-22 11:30:17','340828','340800','岳西县','',''),
	(4609,'2015-09-22 11:30:17','2015-09-22 11:30:17','340881','340800','桐城市','',''),
	(4610,'2015-09-22 11:30:17','2015-09-22 11:30:17','341000','340000','黄山市','',''),
	(4611,'2015-09-22 11:30:17','2015-09-22 11:30:17','341002','341000','屯溪区','',''),
	(4612,'2015-09-22 11:30:17','2015-09-22 11:30:17','341003','341000','黄山区','',''),
	(4613,'2015-09-22 11:30:17','2015-09-22 11:30:17','341004','341000','徽州区','',''),
	(4614,'2015-09-22 11:30:17','2015-09-22 11:30:17','341021','341000','歙县','',''),
	(4615,'2015-09-22 11:30:17','2015-09-22 11:30:17','341022','341000','休宁县','',''),
	(4616,'2015-09-22 11:30:17','2015-09-22 11:30:17','341023','341000','黟县','',''),
	(4617,'2015-09-22 11:30:17','2015-09-22 11:30:17','341024','341000','祁门县','',''),
	(4618,'2015-09-22 11:30:17','2015-09-22 11:30:17','341100','340000','滁州市','',''),
	(4619,'2015-09-22 11:30:17','2015-09-22 11:30:17','341102','341100','琅琊区','',''),
	(4620,'2015-09-22 11:30:17','2015-09-22 11:30:17','341103','341100','南谯区','',''),
	(4621,'2015-09-22 11:30:17','2015-09-22 11:30:17','341122','341100','来安县','',''),
	(4622,'2015-09-22 11:30:17','2015-09-22 11:30:17','341124','341100','全椒县','',''),
	(4623,'2015-09-22 11:30:17','2015-09-22 11:30:17','341125','341100','定远县','',''),
	(4624,'2015-09-22 11:30:17','2015-09-22 11:30:17','341126','341100','凤阳县','',''),
	(4625,'2015-09-22 11:30:17','2015-09-22 11:30:17','341181','341100','天长市','',''),
	(4626,'2015-09-22 11:30:17','2015-09-22 11:30:17','341182','341100','明光市','',''),
	(4627,'2015-09-22 11:30:17','2015-09-22 11:30:17','341200','340000','阜阳市','',''),
	(4628,'2015-09-22 11:30:17','2015-09-22 11:30:17','341202','341200','颍州区','',''),
	(4629,'2015-09-22 11:30:17','2015-09-22 11:30:17','341203','341200','颍东区','',''),
	(4630,'2015-09-22 11:30:17','2015-09-22 11:30:17','341204','341200','颍泉区','',''),
	(4631,'2015-09-22 11:30:17','2015-09-22 11:30:17','341221','341200','临泉县','',''),
	(4632,'2015-09-22 11:30:17','2015-09-22 11:30:17','341222','341200','太和县','',''),
	(4633,'2015-09-22 11:30:17','2015-09-22 11:30:17','341225','341200','阜南县','',''),
	(4634,'2015-09-22 11:30:17','2015-09-22 11:30:17','341226','341200','颍上县','',''),
	(4635,'2015-09-22 11:30:17','2015-09-22 11:30:17','341282','341200','界首市','',''),
	(4636,'2015-09-22 11:30:17','2015-09-22 11:30:17','341300','340000','宿州市','',''),
	(4637,'2015-09-22 11:30:17','2015-09-22 11:30:17','341302','341300','埇桥区','',''),
	(4638,'2015-09-22 11:30:17','2015-09-22 11:30:17','341321','341300','砀山县','',''),
	(4639,'2015-09-22 11:30:17','2015-09-22 11:30:17','341322','341300','萧县','',''),
	(4640,'2015-09-22 11:30:17','2015-09-22 11:30:17','341323','341300','灵璧县','',''),
	(4641,'2015-09-22 11:30:17','2015-09-22 11:30:17','341324','341300','泗县','',''),
	(4642,'2015-09-22 11:30:17','2015-09-22 11:30:17','341500','340000','六安市','',''),
	(4643,'2015-09-22 11:30:17','2015-09-22 11:30:17','341502','341500','金安区','',''),
	(4644,'2015-09-22 11:30:17','2015-09-22 11:30:17','341503','341500','裕安区','',''),
	(4645,'2015-09-22 11:30:17','2015-09-22 11:30:17','341521','341500','寿县','',''),
	(4646,'2015-09-22 11:30:17','2015-09-22 11:30:17','341522','341500','霍邱县','',''),
	(4647,'2015-09-22 11:30:17','2015-09-22 11:30:17','341523','341500','舒城县','',''),
	(4648,'2015-09-22 11:30:17','2015-09-22 11:30:17','341524','341500','金寨县','',''),
	(4649,'2015-09-22 11:30:17','2015-09-22 11:30:17','341525','341500','霍山县','',''),
	(4650,'2015-09-22 11:30:17','2015-09-22 11:30:17','341600','340000','亳州市','',''),
	(4651,'2015-09-22 11:30:17','2015-09-22 11:30:17','341602','341600','谯城区','',''),
	(4652,'2015-09-22 11:30:17','2015-09-22 11:30:17','341621','341600','涡阳县','',''),
	(4653,'2015-09-22 11:30:17','2015-09-22 11:30:17','341622','341600','蒙城县','',''),
	(4654,'2015-09-22 11:30:17','2015-09-22 11:30:17','341623','341600','利辛县','',''),
	(4655,'2015-09-22 11:30:17','2015-09-22 11:30:17','341700','340000','池州市','',''),
	(4656,'2015-09-22 11:30:17','2015-09-22 11:30:17','341702','341700','贵池区','',''),
	(4657,'2015-09-22 11:30:17','2015-09-22 11:30:17','341721','341700','东至县','',''),
	(4658,'2015-09-22 11:30:17','2015-09-22 11:30:17','341722','341700','石台县','',''),
	(4659,'2015-09-22 11:30:17','2015-09-22 11:30:17','341723','341700','青阳县','',''),
	(4660,'2015-09-22 11:30:17','2015-09-22 11:30:17','341800','340000','宣城市','',''),
	(4661,'2015-09-22 11:30:17','2015-09-22 11:30:17','341802','341800','宣州区','',''),
	(4662,'2015-09-22 11:30:17','2015-09-22 11:30:17','341821','341800','郎溪县','',''),
	(4663,'2015-09-22 11:30:17','2015-09-22 11:30:17','341822','341800','广德县','',''),
	(4664,'2015-09-22 11:30:17','2015-09-22 11:30:17','341823','341800','泾县','',''),
	(4665,'2015-09-22 11:30:17','2015-09-22 11:30:17','341824','341800','绩溪县','',''),
	(4666,'2015-09-22 11:30:17','2015-09-22 11:30:17','341825','341800','旌德县','',''),
	(4667,'2015-09-22 11:30:17','2015-09-22 11:30:17','341881','341800','宁国市','',''),
	(4668,'2015-09-22 11:30:17','2015-09-22 11:30:17','350000','0','福建省','',''),
	(4669,'2015-09-22 11:30:17','2015-09-22 11:30:17','350100','350000','福州市','',''),
	(4670,'2015-09-22 11:30:17','2015-09-22 11:30:17','350102','350100','鼓楼区','',''),
	(4671,'2015-09-22 11:30:17','2015-09-22 11:30:17','350103','350100','台江区','',''),
	(4672,'2015-09-22 11:30:17','2015-09-22 11:30:17','350104','350100','仓山区','',''),
	(4673,'2015-09-22 11:30:17','2015-09-22 11:30:17','350105','350100','马尾区','',''),
	(4674,'2015-09-22 11:30:17','2015-09-22 11:30:17','350111','350100','晋安区','',''),
	(4675,'2015-09-22 11:30:17','2015-09-22 11:30:17','350121','350100','闽侯县','',''),
	(4676,'2015-09-22 11:30:17','2015-09-22 11:30:17','350122','350100','连江县','',''),
	(4677,'2015-09-22 11:30:17','2015-09-22 11:30:17','350123','350100','罗源县','',''),
	(4678,'2015-09-22 11:30:17','2015-09-22 11:30:17','350124','350100','闽清县','',''),
	(4679,'2015-09-22 11:30:17','2015-09-22 11:30:17','350125','350100','永泰县','',''),
	(4680,'2015-09-22 11:30:17','2015-09-22 11:30:17','350128','350100','平潭县','',''),
	(4681,'2015-09-22 11:30:17','2015-09-22 11:30:17','350181','350100','福清市','',''),
	(4682,'2015-09-22 11:30:17','2015-09-22 11:30:17','350182','350100','长乐市','',''),
	(4683,'2015-09-22 11:30:17','2015-09-22 11:30:17','350200','350000','厦门市','',''),
	(4684,'2015-09-22 11:30:17','2015-09-22 11:30:17','350203','350200','思明区','',''),
	(4685,'2015-09-22 11:30:17','2015-09-22 11:30:17','350205','350200','海沧区','',''),
	(4686,'2015-09-22 11:30:17','2015-09-22 11:30:17','350206','350200','湖里区','',''),
	(4687,'2015-09-22 11:30:17','2015-09-22 11:30:17','350211','350200','集美区','',''),
	(4688,'2015-09-22 11:30:17','2015-09-22 11:30:17','350212','350200','同安区','',''),
	(4689,'2015-09-22 11:30:17','2015-09-22 11:30:17','350213','350200','翔安区','',''),
	(4690,'2015-09-22 11:30:17','2015-09-22 11:30:17','350300','350000','莆田市','',''),
	(4691,'2015-09-22 11:30:17','2015-09-22 11:30:17','350302','350300','城厢区','',''),
	(4692,'2015-09-22 11:30:17','2015-09-22 11:30:17','350303','350300','涵江区','',''),
	(4693,'2015-09-22 11:30:17','2015-09-22 11:30:17','350304','350300','荔城区','',''),
	(4694,'2015-09-22 11:30:17','2015-09-22 11:30:17','350305','350300','秀屿区','',''),
	(4695,'2015-09-22 11:30:17','2015-09-22 11:30:17','350322','350300','仙游县','',''),
	(4696,'2015-09-22 11:30:17','2015-09-22 11:30:17','350400','350000','三明市','',''),
	(4697,'2015-09-22 11:30:17','2015-09-22 11:30:17','350402','350400','梅列区','',''),
	(4698,'2015-09-22 11:30:17','2015-09-22 11:30:17','350403','350400','三元区','',''),
	(4699,'2015-09-22 11:30:17','2015-09-22 11:30:17','350421','350400','明溪县','',''),
	(4700,'2015-09-22 11:30:17','2015-09-22 11:30:17','350423','350400','清流县','',''),
	(4701,'2015-09-22 11:30:17','2015-09-22 11:30:17','350424','350400','宁化县','',''),
	(4702,'2015-09-22 11:30:17','2015-09-22 11:30:17','350425','350400','大田县','',''),
	(4703,'2015-09-22 11:30:17','2015-09-22 11:30:17','350426','350400','尤溪县','',''),
	(4704,'2015-09-22 11:30:17','2015-09-22 11:30:17','350427','350400','沙县','',''),
	(4705,'2015-09-22 11:30:17','2015-09-22 11:30:17','350428','350400','将乐县','',''),
	(4706,'2015-09-22 11:30:17','2015-09-22 11:30:17','350429','350400','泰宁县','',''),
	(4707,'2015-09-22 11:30:17','2015-09-22 11:30:17','350430','350400','建宁县','',''),
	(4708,'2015-09-22 11:30:17','2015-09-22 11:30:17','350481','350400','永安市','',''),
	(4709,'2015-09-22 11:30:17','2015-09-22 11:30:17','350500','350000','泉州市','',''),
	(4710,'2015-09-22 11:30:17','2015-09-22 11:30:17','350502','350500','鲤城区','',''),
	(4711,'2015-09-22 11:30:17','2015-09-22 11:30:17','350503','350500','丰泽区','',''),
	(4712,'2015-09-22 11:30:17','2015-09-22 11:30:17','350504','350500','洛江区','',''),
	(4713,'2015-09-22 11:30:17','2015-09-22 11:30:17','350505','350500','泉港区','',''),
	(4714,'2015-09-22 11:30:17','2015-09-22 11:30:17','350521','350500','惠安县','',''),
	(4715,'2015-09-22 11:30:17','2015-09-22 11:30:17','350524','350500','安溪县','',''),
	(4716,'2015-09-22 11:30:17','2015-09-22 11:30:17','350525','350500','永春县','',''),
	(4717,'2015-09-22 11:30:17','2015-09-22 11:30:17','350526','350500','德化县','',''),
	(4718,'2015-09-22 11:30:17','2015-09-22 11:30:17','350527','350500','金门县','',''),
	(4719,'2015-09-22 11:30:17','2015-09-22 11:30:17','350581','350500','石狮市','',''),
	(4720,'2015-09-22 11:30:17','2015-09-22 11:30:17','350582','350500','晋江市','',''),
	(4721,'2015-09-22 11:30:17','2015-09-22 11:30:17','350583','350500','南安市','',''),
	(4722,'2015-09-22 11:30:17','2015-09-22 11:30:17','350600','350000','漳州市','',''),
	(4723,'2015-09-22 11:30:17','2015-09-22 11:30:17','350602','350600','芗城区','',''),
	(4724,'2015-09-22 11:30:17','2015-09-22 11:30:17','350603','350600','龙文区','',''),
	(4725,'2015-09-22 11:30:17','2015-09-22 11:30:17','350622','350600','云霄县','',''),
	(4726,'2015-09-22 11:30:17','2015-09-22 11:30:17','350623','350600','漳浦县','',''),
	(4727,'2015-09-22 11:30:17','2015-09-22 11:30:17','350624','350600','诏安县','',''),
	(4728,'2015-09-22 11:30:17','2015-09-22 11:30:17','350625','350600','长泰县','',''),
	(4729,'2015-09-22 11:30:17','2015-09-22 11:30:17','350626','350600','东山县','',''),
	(4730,'2015-09-22 11:30:17','2015-09-22 11:30:17','350627','350600','南靖县','',''),
	(4731,'2015-09-22 11:30:17','2015-09-22 11:30:17','350628','350600','平和县','',''),
	(4732,'2015-09-22 11:30:17','2015-09-22 11:30:17','350629','350600','华安县','',''),
	(4733,'2015-09-22 11:30:17','2015-09-22 11:30:17','350681','350600','龙海市','',''),
	(4734,'2015-09-22 11:30:17','2015-09-22 11:30:17','350700','350000','南平市','',''),
	(4735,'2015-09-22 11:30:17','2015-09-22 11:30:17','350702','350700','延平区','',''),
	(4736,'2015-09-22 11:30:17','2015-09-22 11:30:17','350703','350700','建阳区','',''),
	(4737,'2015-09-22 11:30:17','2015-09-22 11:30:17','350721','350700','顺昌县','',''),
	(4738,'2015-09-22 11:30:17','2015-09-22 11:30:17','350722','350700','浦城县','',''),
	(4739,'2015-09-22 11:30:17','2015-09-22 11:30:17','350723','350700','光泽县','',''),
	(4740,'2015-09-22 11:30:17','2015-09-22 11:30:17','350724','350700','松溪县','',''),
	(4741,'2015-09-22 11:30:17','2015-09-22 11:30:17','350725','350700','政和县','',''),
	(4742,'2015-09-22 11:30:17','2015-09-22 11:30:17','350781','350700','邵武市','',''),
	(4743,'2015-09-22 11:30:17','2015-09-22 11:30:17','350782','350700','武夷山市','',''),
	(4744,'2015-09-22 11:30:17','2015-09-22 11:30:17','350783','350700','建瓯市','',''),
	(4745,'2015-09-22 11:30:17','2015-09-22 11:30:17','350800','350000','龙岩市','',''),
	(4746,'2015-09-22 11:30:17','2015-09-22 11:30:17','350802','350800','新罗区','',''),
	(4747,'2015-09-22 11:30:17','2015-09-22 11:30:17','350803','350800','永定区','',''),
	(4748,'2015-09-22 11:30:17','2015-09-22 11:30:17','350821','350800','长汀县','',''),
	(4749,'2015-09-22 11:30:17','2015-09-22 11:30:17','350823','350800','上杭县','',''),
	(4750,'2015-09-22 11:30:17','2015-09-22 11:30:17','350824','350800','武平县','',''),
	(4751,'2015-09-22 11:30:17','2015-09-22 11:30:17','350825','350800','连城县','',''),
	(4752,'2015-09-22 11:30:17','2015-09-22 11:30:17','350881','350800','漳平市','',''),
	(4753,'2015-09-22 11:30:17','2015-09-22 11:30:17','350900','350000','宁德市','',''),
	(4754,'2015-09-22 11:30:17','2015-09-22 11:30:17','350902','350900','蕉城区','',''),
	(4755,'2015-09-22 11:30:17','2015-09-22 11:30:17','350921','350900','霞浦县','',''),
	(4756,'2015-09-22 11:30:17','2015-09-22 11:30:17','350922','350900','古田县','',''),
	(4757,'2015-09-22 11:30:17','2015-09-22 11:30:17','350923','350900','屏南县','',''),
	(4758,'2015-09-22 11:30:17','2015-09-22 11:30:17','350924','350900','寿宁县','',''),
	(4759,'2015-09-22 11:30:17','2015-09-22 11:30:17','350925','350900','周宁县','',''),
	(4760,'2015-09-22 11:30:17','2015-09-22 11:30:17','350926','350900','柘荣县','',''),
	(4761,'2015-09-22 11:30:17','2015-09-22 11:30:17','350981','350900','福安市','',''),
	(4762,'2015-09-22 11:30:17','2015-09-22 11:30:17','350982','350900','福鼎市','',''),
	(4763,'2015-09-22 11:30:17','2015-09-22 11:30:17','360000','0','江西省','',''),
	(4764,'2015-09-22 11:30:17','2015-09-22 11:30:17','360100','360000','南昌市','',''),
	(4765,'2015-09-22 11:30:17','2015-09-22 11:30:17','360102','360100','东湖区','',''),
	(4766,'2015-09-22 11:30:17','2015-09-22 11:30:17','360103','360100','西湖区','',''),
	(4767,'2015-09-22 11:30:17','2015-09-22 11:30:17','360104','360100','青云谱区','',''),
	(4768,'2015-09-22 11:30:17','2015-09-22 11:30:17','360105','360100','湾里区','',''),
	(4769,'2015-09-22 11:30:17','2015-09-22 11:30:17','360111','360100','青山湖区','',''),
	(4770,'2015-09-22 11:30:17','2015-09-22 11:30:17','360121','360100','南昌县','',''),
	(4771,'2015-09-22 11:30:17','2015-09-22 11:30:17','360122','360100','新建县','',''),
	(4772,'2015-09-22 11:30:17','2015-09-22 11:30:17','360123','360100','安义县','',''),
	(4773,'2015-09-22 11:30:17','2015-09-22 11:30:17','360124','360100','进贤县','',''),
	(4774,'2015-09-22 11:30:17','2015-09-22 11:30:17','360200','360000','景德镇市','',''),
	(4775,'2015-09-22 11:30:17','2015-09-22 11:30:17','360202','360200','昌江区','',''),
	(4776,'2015-09-22 11:30:17','2015-09-22 11:30:17','360203','360200','珠山区','',''),
	(4777,'2015-09-22 11:30:17','2015-09-22 11:30:17','360222','360200','浮梁县','',''),
	(4778,'2015-09-22 11:30:17','2015-09-22 11:30:17','360281','360200','乐平市','',''),
	(4779,'2015-09-22 11:30:17','2015-09-22 11:30:17','360300','360000','萍乡市','',''),
	(4780,'2015-09-22 11:30:17','2015-09-22 11:30:17','360302','360300','安源区','',''),
	(4781,'2015-09-22 11:30:17','2015-09-22 11:30:17','360313','360300','湘东区','',''),
	(4782,'2015-09-22 11:30:17','2015-09-22 11:30:17','360321','360300','莲花县','',''),
	(4783,'2015-09-22 11:30:17','2015-09-22 11:30:17','360322','360300','上栗县','',''),
	(4784,'2015-09-22 11:30:17','2015-09-22 11:30:17','360323','360300','芦溪县','',''),
	(4785,'2015-09-22 11:30:17','2015-09-22 11:30:17','360400','360000','九江市','',''),
	(4786,'2015-09-22 11:30:17','2015-09-22 11:30:17','360402','360400','庐山区','',''),
	(4787,'2015-09-22 11:30:17','2015-09-22 11:30:17','360403','360400','浔阳区','',''),
	(4788,'2015-09-22 11:30:17','2015-09-22 11:30:17','360421','360400','九江县','',''),
	(4789,'2015-09-22 11:30:17','2015-09-22 11:30:17','360423','360400','武宁县','',''),
	(4790,'2015-09-22 11:30:17','2015-09-22 11:30:17','360424','360400','修水县','',''),
	(4791,'2015-09-22 11:30:17','2015-09-22 11:30:17','360425','360400','永修县','',''),
	(4792,'2015-09-22 11:30:17','2015-09-22 11:30:17','360426','360400','德安县','',''),
	(4793,'2015-09-22 11:30:17','2015-09-22 11:30:17','360427','360400','星子县','',''),
	(4794,'2015-09-22 11:30:17','2015-09-22 11:30:17','360428','360400','都昌县','',''),
	(4795,'2015-09-22 11:30:17','2015-09-22 11:30:17','360429','360400','湖口县','',''),
	(4796,'2015-09-22 11:30:17','2015-09-22 11:30:17','360430','360400','彭泽县','',''),
	(4797,'2015-09-22 11:30:17','2015-09-22 11:30:17','360481','360400','瑞昌市','',''),
	(4798,'2015-09-22 11:30:17','2015-09-22 11:30:17','360482','360400','共青城市','',''),
	(4799,'2015-09-22 11:30:17','2015-09-22 11:30:17','360500','360000','新余市','',''),
	(4800,'2015-09-22 11:30:17','2015-09-22 11:30:17','360502','360500','渝水区','',''),
	(4801,'2015-09-22 11:30:17','2015-09-22 11:30:17','360521','360500','分宜县','',''),
	(4802,'2015-09-22 11:30:17','2015-09-22 11:30:17','360600','360000','鹰潭市','',''),
	(4803,'2015-09-22 11:30:17','2015-09-22 11:30:17','360602','360600','月湖区','',''),
	(4804,'2015-09-22 11:30:17','2015-09-22 11:30:17','360622','360600','余江县','',''),
	(4805,'2015-09-22 11:30:17','2015-09-22 11:30:17','360681','360600','贵溪市','',''),
	(4806,'2015-09-22 11:30:17','2015-09-22 11:30:17','360700','360000','赣州市','',''),
	(4807,'2015-09-22 11:30:17','2015-09-22 11:30:17','360702','360700','章贡区','',''),
	(4808,'2015-09-22 11:30:17','2015-09-22 11:30:17','360703','360700','南康区','',''),
	(4809,'2015-09-22 11:30:17','2015-09-22 11:30:17','360721','360700','赣县','',''),
	(4810,'2015-09-22 11:30:17','2015-09-22 11:30:17','360722','360700','信丰县','',''),
	(4811,'2015-09-22 11:30:17','2015-09-22 11:30:17','360723','360700','大余县','',''),
	(4812,'2015-09-22 11:30:17','2015-09-22 11:30:17','360724','360700','上犹县','',''),
	(4813,'2015-09-22 11:30:17','2015-09-22 11:30:17','360725','360700','崇义县','',''),
	(4814,'2015-09-22 11:30:17','2015-09-22 11:30:17','360726','360700','安远县','',''),
	(4815,'2015-09-22 11:30:17','2015-09-22 11:30:17','360727','360700','龙南县','',''),
	(4816,'2015-09-22 11:30:17','2015-09-22 11:30:17','360728','360700','定南县','',''),
	(4817,'2015-09-22 11:30:17','2015-09-22 11:30:17','360729','360700','全南县','',''),
	(4818,'2015-09-22 11:30:17','2015-09-22 11:30:17','360730','360700','宁都县','',''),
	(4819,'2015-09-22 11:30:17','2015-09-22 11:30:17','360731','360700','于都县','',''),
	(4820,'2015-09-22 11:30:17','2015-09-22 11:30:17','360732','360700','兴国县','',''),
	(4821,'2015-09-22 11:30:17','2015-09-22 11:30:17','360733','360700','会昌县','',''),
	(4822,'2015-09-22 11:30:17','2015-09-22 11:30:17','360734','360700','寻乌县','',''),
	(4823,'2015-09-22 11:30:17','2015-09-22 11:30:17','360735','360700','石城县','',''),
	(4824,'2015-09-22 11:30:17','2015-09-22 11:30:17','360781','360700','瑞金市','',''),
	(4825,'2015-09-22 11:30:17','2015-09-22 11:30:17','360800','360000','吉安市','',''),
	(4826,'2015-09-22 11:30:17','2015-09-22 11:30:17','360802','360800','吉州区','',''),
	(4827,'2015-09-22 11:30:17','2015-09-22 11:30:17','360803','360800','青原区','',''),
	(4828,'2015-09-22 11:30:17','2015-09-22 11:30:17','360821','360800','吉安县','',''),
	(4829,'2015-09-22 11:30:17','2015-09-22 11:30:17','360822','360800','吉水县','',''),
	(4830,'2015-09-22 11:30:17','2015-09-22 11:30:17','360823','360800','峡江县','',''),
	(4831,'2015-09-22 11:30:17','2015-09-22 11:30:17','360824','360800','新干县','',''),
	(4832,'2015-09-22 11:30:17','2015-09-22 11:30:17','360825','360800','永丰县','',''),
	(4833,'2015-09-22 11:30:17','2015-09-22 11:30:17','360826','360800','泰和县','',''),
	(4834,'2015-09-22 11:30:17','2015-09-22 11:30:17','360827','360800','遂川县','',''),
	(4835,'2015-09-22 11:30:17','2015-09-22 11:30:17','360828','360800','万安县','',''),
	(4836,'2015-09-22 11:30:17','2015-09-22 11:30:17','360829','360800','安福县','',''),
	(4837,'2015-09-22 11:30:17','2015-09-22 11:30:17','360830','360800','永新县','',''),
	(4838,'2015-09-22 11:30:17','2015-09-22 11:30:17','360881','360800','井冈山市','',''),
	(4839,'2015-09-22 11:30:17','2015-09-22 11:30:17','360900','360000','宜春市','',''),
	(4840,'2015-09-22 11:30:17','2015-09-22 11:30:17','360902','360900','袁州区','',''),
	(4841,'2015-09-22 11:30:17','2015-09-22 11:30:17','360921','360900','奉新县','',''),
	(4842,'2015-09-22 11:30:17','2015-09-22 11:30:17','360922','360900','万载县','',''),
	(4843,'2015-09-22 11:30:17','2015-09-22 11:30:17','360923','360900','上高县','',''),
	(4844,'2015-09-22 11:30:17','2015-09-22 11:30:17','360924','360900','宜丰县','',''),
	(4845,'2015-09-22 11:30:17','2015-09-22 11:30:17','360925','360900','靖安县','',''),
	(4846,'2015-09-22 11:30:17','2015-09-22 11:30:17','360926','360900','铜鼓县','',''),
	(4847,'2015-09-22 11:30:17','2015-09-22 11:30:17','360981','360900','丰城市','',''),
	(4848,'2015-09-22 11:30:17','2015-09-22 11:30:17','360982','360900','樟树市','',''),
	(4849,'2015-09-22 11:30:17','2015-09-22 11:30:17','360983','360900','高安市','',''),
	(4850,'2015-09-22 11:30:17','2015-09-22 11:30:17','361000','360000','抚州市','',''),
	(4851,'2015-09-22 11:30:17','2015-09-22 11:30:17','361002','361000','临川区','',''),
	(4852,'2015-09-22 11:30:17','2015-09-22 11:30:17','361021','361000','南城县','',''),
	(4853,'2015-09-22 11:30:17','2015-09-22 11:30:17','361022','361000','黎川县','',''),
	(4854,'2015-09-22 11:30:17','2015-09-22 11:30:17','361023','361000','南丰县','',''),
	(4855,'2015-09-22 11:30:17','2015-09-22 11:30:17','361024','361000','崇仁县','',''),
	(4856,'2015-09-22 11:30:17','2015-09-22 11:30:17','361025','361000','乐安县','',''),
	(4857,'2015-09-22 11:30:17','2015-09-22 11:30:17','361026','361000','宜黄县','',''),
	(4858,'2015-09-22 11:30:17','2015-09-22 11:30:17','361027','361000','金溪县','',''),
	(4859,'2015-09-22 11:30:17','2015-09-22 11:30:17','361028','361000','资溪县','',''),
	(4860,'2015-09-22 11:30:17','2015-09-22 11:30:17','361029','361000','东乡县','',''),
	(4861,'2015-09-22 11:30:17','2015-09-22 11:30:17','361030','361000','广昌县','',''),
	(4862,'2015-09-22 11:30:17','2015-09-22 11:30:17','361100','360000','上饶市','',''),
	(4863,'2015-09-22 11:30:17','2015-09-22 11:30:17','361102','361100','信州区','',''),
	(4864,'2015-09-22 11:30:17','2015-09-22 11:30:17','361121','361100','上饶县','',''),
	(4865,'2015-09-22 11:30:17','2015-09-22 11:30:17','361103','361100','广丰区','',''),
	(4866,'2015-09-22 11:30:17','2015-09-22 11:30:17','361123','361100','玉山县','',''),
	(4867,'2015-09-22 11:30:17','2015-09-22 11:30:17','361124','361100','铅山县','',''),
	(4868,'2015-09-22 11:30:17','2015-09-22 11:30:17','361125','361100','横峰县','',''),
	(4869,'2015-09-22 11:30:17','2015-09-22 11:30:17','361126','361100','弋阳县','',''),
	(4870,'2015-09-22 11:30:17','2015-09-22 11:30:17','361127','361100','余干县','',''),
	(4871,'2015-09-22 11:30:17','2015-09-22 11:30:17','361128','361100','鄱阳县','',''),
	(4872,'2015-09-22 11:30:17','2015-09-22 11:30:17','361129','361100','万年县','',''),
	(4873,'2015-09-22 11:30:17','2015-09-22 11:30:17','361130','361100','婺源县','',''),
	(4874,'2015-09-22 11:30:17','2015-09-22 11:30:17','361181','361100','德兴市','',''),
	(4875,'2015-09-22 11:30:17','2015-09-22 11:30:17','370000','0','山东省','',''),
	(4876,'2015-09-22 11:30:17','2015-09-22 11:30:17','370100','370000','济南市','',''),
	(4877,'2015-09-22 11:30:17','2015-09-22 11:30:17','370102','370100','历下区','',''),
	(4878,'2015-09-22 11:30:17','2015-09-22 11:30:17','370103','370100','市中区','',''),
	(4879,'2015-09-22 11:30:17','2015-09-22 11:30:17','370104','370100','槐荫区','',''),
	(4880,'2015-09-22 11:30:17','2015-09-22 11:30:17','370105','370100','天桥区','',''),
	(4881,'2015-09-22 11:30:17','2015-09-22 11:30:17','370112','370100','历城区','',''),
	(4882,'2015-09-22 11:30:17','2015-09-22 11:30:17','370113','370100','长清区','',''),
	(4883,'2015-09-22 11:30:17','2015-09-22 11:30:17','370124','370100','平阴县','',''),
	(4884,'2015-09-22 11:30:17','2015-09-22 11:30:17','370125','370100','济阳县','',''),
	(4885,'2015-09-22 11:30:17','2015-09-22 11:30:17','370126','370100','商河县','',''),
	(4886,'2015-09-22 11:30:17','2015-09-22 11:30:17','370181','370100','章丘市','',''),
	(4887,'2015-09-22 11:30:17','2015-09-22 11:30:17','370200','370000','青岛市','',''),
	(4888,'2015-09-22 11:30:17','2015-09-22 11:30:17','370202','370200','市南区','',''),
	(4889,'2015-09-22 11:30:17','2015-09-22 11:30:17','370203','370200','市北区','',''),
	(4890,'2015-09-22 11:30:17','2015-09-22 11:30:17','370211','370200','黄岛区','',''),
	(4891,'2015-09-22 11:30:17','2015-09-22 11:30:17','370212','370200','崂山区','',''),
	(4892,'2015-09-22 11:30:17','2015-09-22 11:30:17','370213','370200','李沧区','',''),
	(4893,'2015-09-22 11:30:17','2015-09-22 11:30:17','370214','370200','城阳区','',''),
	(4894,'2015-09-22 11:30:17','2015-09-22 11:30:17','370281','370200','胶州市','',''),
	(4895,'2015-09-22 11:30:17','2015-09-22 11:30:17','370282','370200','即墨市','',''),
	(4896,'2015-09-22 11:30:17','2015-09-22 11:30:17','370283','370200','平度市','',''),
	(4897,'2015-09-22 11:30:17','2015-09-22 11:30:17','370285','370200','莱西市','',''),
	(4898,'2015-09-22 11:30:17','2015-09-22 11:30:17','370300','370000','淄博市','',''),
	(4899,'2015-09-22 11:30:17','2015-09-22 11:30:17','370302','370300','淄川区','',''),
	(4900,'2015-09-22 11:30:17','2015-09-22 11:30:17','370303','370300','张店区','',''),
	(4901,'2015-09-22 11:30:17','2015-09-22 11:30:17','370304','370300','博山区','',''),
	(4902,'2015-09-22 11:30:17','2015-09-22 11:30:17','370305','370300','临淄区','',''),
	(4903,'2015-09-22 11:30:17','2015-09-22 11:30:17','370306','370300','周村区','',''),
	(4904,'2015-09-22 11:30:17','2015-09-22 11:30:17','370321','370300','桓台县','',''),
	(4905,'2015-09-22 11:30:17','2015-09-22 11:30:17','370322','370300','高青县','',''),
	(4906,'2015-09-22 11:30:17','2015-09-22 11:30:17','370323','370300','沂源县','',''),
	(4907,'2015-09-22 11:30:17','2015-09-22 11:30:17','370400','370000','枣庄市','',''),
	(4908,'2015-09-22 11:30:17','2015-09-22 11:30:17','370402','370400','市中区','',''),
	(4909,'2015-09-22 11:30:17','2015-09-22 11:30:17','370403','370400','薛城区','',''),
	(4910,'2015-09-22 11:30:17','2015-09-22 11:30:17','370404','370400','峄城区','',''),
	(4911,'2015-09-22 11:30:17','2015-09-22 11:30:17','370405','370400','台儿庄区','',''),
	(4912,'2015-09-22 11:30:17','2015-09-22 11:30:17','370406','370400','山亭区','',''),
	(4913,'2015-09-22 11:30:17','2015-09-22 11:30:17','370481','370400','滕州市','',''),
	(4914,'2015-09-22 11:30:17','2015-09-22 11:30:17','370500','370000','东营市','',''),
	(4915,'2015-09-22 11:30:17','2015-09-22 11:30:17','370502','370500','东营区','',''),
	(4916,'2015-09-22 11:30:17','2015-09-22 11:30:17','370503','370500','河口区','',''),
	(4917,'2015-09-22 11:30:17','2015-09-22 11:30:17','370521','370500','垦利县','',''),
	(4918,'2015-09-22 11:30:17','2015-09-22 11:30:17','370522','370500','利津县','',''),
	(4919,'2015-09-22 11:30:17','2015-09-22 11:30:17','370523','370500','广饶县','',''),
	(4920,'2015-09-22 11:30:17','2015-09-22 11:30:17','370600','370000','烟台市','',''),
	(4921,'2015-09-22 11:30:17','2015-09-22 11:30:17','370602','370600','芝罘区','',''),
	(4922,'2015-09-22 11:30:17','2015-09-22 11:30:17','370611','370600','福山区','',''),
	(4923,'2015-09-22 11:30:17','2015-09-22 11:30:17','370612','370600','牟平区','',''),
	(4924,'2015-09-22 11:30:17','2015-09-22 11:30:17','370613','370600','莱山区','',''),
	(4925,'2015-09-22 11:30:17','2015-09-22 11:30:17','370634','370600','长岛县','',''),
	(4926,'2015-09-22 11:30:17','2015-09-22 11:30:17','370681','370600','龙口市','',''),
	(4927,'2015-09-22 11:30:17','2015-09-22 11:30:17','370682','370600','莱阳市','',''),
	(4928,'2015-09-22 11:30:17','2015-09-22 11:30:17','370683','370600','莱州市','',''),
	(4929,'2015-09-22 11:30:17','2015-09-22 11:30:17','370684','370600','蓬莱市','',''),
	(4930,'2015-09-22 11:30:17','2015-09-22 11:30:17','370685','370600','招远市','',''),
	(4931,'2015-09-22 11:30:17','2015-09-22 11:30:17','370686','370600','栖霞市','',''),
	(4932,'2015-09-22 11:30:17','2015-09-22 11:30:17','370687','370600','海阳市','',''),
	(4933,'2015-09-22 11:30:17','2015-09-22 11:30:17','370700','370000','潍坊市','',''),
	(4934,'2015-09-22 11:30:17','2015-09-22 11:30:17','370702','370700','潍城区','',''),
	(4935,'2015-09-22 11:30:17','2015-09-22 11:30:17','370703','370700','寒亭区','',''),
	(4936,'2015-09-22 11:30:17','2015-09-22 11:30:17','370704','370700','坊子区','',''),
	(4937,'2015-09-22 11:30:17','2015-09-22 11:30:17','370705','370700','奎文区','',''),
	(4938,'2015-09-22 11:30:17','2015-09-22 11:30:17','370724','370700','临朐县','',''),
	(4939,'2015-09-22 11:30:17','2015-09-22 11:30:17','370725','370700','昌乐县','',''),
	(4940,'2015-09-22 11:30:17','2015-09-22 11:30:17','370781','370700','青州市','',''),
	(4941,'2015-09-22 11:30:17','2015-09-22 11:30:17','370782','370700','诸城市','',''),
	(4942,'2015-09-22 11:30:17','2015-09-22 11:30:17','370783','370700','寿光市','',''),
	(4943,'2015-09-22 11:30:17','2015-09-22 11:30:17','370784','370700','安丘市','',''),
	(4944,'2015-09-22 11:30:17','2015-09-22 11:30:17','370785','370700','高密市','',''),
	(4945,'2015-09-22 11:30:17','2015-09-22 11:30:17','370786','370700','昌邑市','',''),
	(4946,'2015-09-22 11:30:17','2015-09-22 11:30:17','370800','370000','济宁市','',''),
	(4947,'2015-09-22 11:30:17','2015-09-22 11:30:17','370811','370800','任城区','',''),
	(4948,'2015-09-22 11:30:17','2015-09-22 11:30:17','370812','370800','兖州区','',''),
	(4949,'2015-09-22 11:30:17','2015-09-22 11:30:17','370826','370800','微山县','',''),
	(4950,'2015-09-22 11:30:17','2015-09-22 11:30:17','370827','370800','鱼台县','',''),
	(4951,'2015-09-22 11:30:17','2015-09-22 11:30:17','370828','370800','金乡县','',''),
	(4952,'2015-09-22 11:30:17','2015-09-22 11:30:17','370829','370800','嘉祥县','',''),
	(4953,'2015-09-22 11:30:17','2015-09-22 11:30:17','370830','370800','汶上县','',''),
	(4954,'2015-09-22 11:30:17','2015-09-22 11:30:17','370831','370800','泗水县','',''),
	(4955,'2015-09-22 11:30:17','2015-09-22 11:30:17','370832','370800','梁山县','',''),
	(4956,'2015-09-22 11:30:17','2015-09-22 11:30:17','370881','370800','曲阜市','',''),
	(4957,'2015-09-22 11:30:17','2015-09-22 11:30:17','370883','370800','邹城市','',''),
	(4958,'2015-09-22 11:30:17','2015-09-22 11:30:17','370900','370000','泰安市','',''),
	(4959,'2015-09-22 11:30:17','2015-09-22 11:30:17','370902','370900','泰山区','',''),
	(4960,'2015-09-22 11:30:17','2015-09-22 11:30:17','370911','370900','岱岳区','',''),
	(4961,'2015-09-22 11:30:17','2015-09-22 11:30:17','370921','370900','宁阳县','',''),
	(4962,'2015-09-22 11:30:17','2015-09-22 11:30:17','370923','370900','东平县','',''),
	(4963,'2015-09-22 11:30:17','2015-09-22 11:30:17','370982','370900','新泰市','',''),
	(4964,'2015-09-22 11:30:17','2015-09-22 11:30:17','370983','370900','肥城市','',''),
	(4965,'2015-09-22 11:30:17','2015-09-22 11:30:17','371000','370000','威海市','',''),
	(4966,'2015-09-22 11:30:17','2015-09-22 11:30:17','371002','371000','环翠区','',''),
	(4967,'2015-09-22 11:30:17','2015-09-22 11:30:17','371003','371000','文登区','',''),
	(4968,'2015-09-22 11:30:17','2015-09-22 11:30:17','371082','371000','荣成市','',''),
	(4969,'2015-09-22 11:30:17','2015-09-22 11:30:17','371083','371000','乳山市','',''),
	(4970,'2015-09-22 11:30:17','2015-09-22 11:30:17','371100','370000','日照市','',''),
	(4971,'2015-09-22 11:30:17','2015-09-22 11:30:17','371102','371100','东港区','',''),
	(4972,'2015-09-22 11:30:17','2015-09-22 11:30:17','371103','371100','岚山区','',''),
	(4973,'2015-09-22 11:30:17','2015-09-22 11:30:17','371121','371100','五莲县','',''),
	(4974,'2015-09-22 11:30:17','2015-09-22 11:30:17','371122','371100','莒县','',''),
	(4975,'2015-09-22 11:30:17','2015-09-22 11:30:17','371200','370000','莱芜市','',''),
	(4976,'2015-09-22 11:30:17','2015-09-22 11:30:17','371202','371200','莱城区','',''),
	(4977,'2015-09-22 11:30:17','2015-09-22 11:30:17','371203','371200','钢城区','',''),
	(4978,'2015-09-22 11:30:17','2015-09-22 11:30:17','371300','370000','临沂市','',''),
	(4979,'2015-09-22 11:30:17','2015-09-22 11:30:17','371302','371300','兰山区','',''),
	(4980,'2015-09-22 11:30:17','2015-09-22 11:30:17','371311','371300','罗庄区','',''),
	(4981,'2015-09-22 11:30:17','2015-09-22 11:30:17','371312','371300','河东区','',''),
	(4982,'2015-09-22 11:30:17','2015-09-22 11:30:17','371321','371300','沂南县','',''),
	(4983,'2015-09-22 11:30:17','2015-09-22 11:30:17','371322','371300','郯城县','',''),
	(4984,'2015-09-22 11:30:17','2015-09-22 11:30:17','371323','371300','沂水县','',''),
	(4985,'2015-09-22 11:30:17','2015-09-22 11:30:17','371324','371300','兰陵县','',''),
	(4986,'2015-09-22 11:30:17','2015-09-22 11:30:17','371325','371300','费县','',''),
	(4987,'2015-09-22 11:30:17','2015-09-22 11:30:17','371326','371300','平邑县','',''),
	(4988,'2015-09-22 11:30:17','2015-09-22 11:30:17','371327','371300','莒南县','',''),
	(4989,'2015-09-22 11:30:17','2015-09-22 11:30:17','371328','371300','蒙阴县','',''),
	(4990,'2015-09-22 11:30:17','2015-09-22 11:30:17','371329','371300','临沭县','',''),
	(4991,'2015-09-22 11:30:17','2015-09-22 11:30:17','371400','370000','德州市','',''),
	(4992,'2015-09-22 11:30:17','2015-09-22 11:30:17','371402','371400','德城区','',''),
	(4993,'2015-09-22 11:30:17','2015-09-22 11:30:17','371403','371400','陵城区','',''),
	(4994,'2015-09-22 11:30:17','2015-09-22 11:30:17','371422','371400','宁津县','',''),
	(4995,'2015-09-22 11:30:17','2015-09-22 11:30:17','371423','371400','庆云县','',''),
	(4996,'2015-09-22 11:30:17','2015-09-22 11:30:17','371424','371400','临邑县','',''),
	(4997,'2015-09-22 11:30:17','2015-09-22 11:30:17','371425','371400','齐河县','',''),
	(4998,'2015-09-22 11:30:17','2015-09-22 11:30:17','371426','371400','平原县','',''),
	(4999,'2015-09-22 11:30:17','2015-09-22 11:30:17','371427','371400','夏津县','',''),
	(5000,'2015-09-22 11:30:17','2015-09-22 11:30:17','371428','371400','武城县','',''),
	(5001,'2015-09-22 11:30:17','2015-09-22 11:30:17','371481','371400','乐陵市','',''),
	(5002,'2015-09-22 11:30:17','2015-09-22 11:30:17','371482','371400','禹城市','',''),
	(5003,'2015-09-22 11:30:17','2015-09-22 11:30:17','371500','370000','聊城市','',''),
	(5004,'2015-09-22 11:30:17','2015-09-22 11:30:17','371502','371500','东昌府区','',''),
	(5005,'2015-09-22 11:30:17','2015-09-22 11:30:17','371521','371500','阳谷县','',''),
	(5006,'2015-09-22 11:30:17','2015-09-22 11:30:17','371522','371500','莘县','',''),
	(5007,'2015-09-22 11:30:17','2015-09-22 11:30:17','371523','371500','茌平县','',''),
	(5008,'2015-09-22 11:30:17','2015-09-22 11:30:17','371524','371500','东阿县','',''),
	(5009,'2015-09-22 11:30:17','2015-09-22 11:30:17','371525','371500','冠县','',''),
	(5010,'2015-09-22 11:30:17','2015-09-22 11:30:17','371526','371500','高唐县','',''),
	(5011,'2015-09-22 11:30:17','2015-09-22 11:30:17','371581','371500','临清市','',''),
	(5012,'2015-09-22 11:30:17','2015-09-22 11:30:17','371600','370000','滨州市','',''),
	(5013,'2015-09-22 11:30:17','2015-09-22 11:30:17','371602','371600','滨城区','',''),
	(5014,'2015-09-22 11:30:17','2015-09-22 11:30:17','371603','371600','沾化区','',''),
	(5015,'2015-09-22 11:30:17','2015-09-22 11:30:17','371621','371600','惠民县','',''),
	(5016,'2015-09-22 11:30:17','2015-09-22 11:30:17','371622','371600','阳信县','',''),
	(5017,'2015-09-22 11:30:17','2015-09-22 11:30:17','371623','371600','无棣县','',''),
	(5018,'2015-09-22 11:30:17','2015-09-22 11:30:17','371625','371600','博兴县','',''),
	(5019,'2015-09-22 11:30:17','2015-09-22 11:30:17','371626','371600','邹平县','',''),
	(5020,'2015-09-22 11:30:17','2015-09-22 11:30:17','371700','370000','菏泽市','',''),
	(5021,'2015-09-22 11:30:17','2015-09-22 11:30:17','371702','371700','牡丹区','',''),
	(5022,'2015-09-22 11:30:17','2015-09-22 11:30:17','371721','371700','曹县','',''),
	(5023,'2015-09-22 11:30:17','2015-09-22 11:30:17','371722','371700','单县','',''),
	(5024,'2015-09-22 11:30:17','2015-09-22 11:30:17','371723','371700','成武县','',''),
	(5025,'2015-09-22 11:30:17','2015-09-22 11:30:17','371724','371700','巨野县','',''),
	(5026,'2015-09-22 11:30:17','2015-09-22 11:30:17','371725','371700','郓城县','',''),
	(5027,'2015-09-22 11:30:17','2015-09-22 11:30:17','371726','371700','鄄城县','',''),
	(5028,'2015-09-22 11:30:17','2015-09-22 11:30:17','371727','371700','定陶县','',''),
	(5029,'2015-09-22 11:30:17','2015-09-22 11:30:17','371728','371700','东明县','',''),
	(5030,'2015-09-22 11:30:17','2015-09-22 11:30:17','410000','0','河南省','',''),
	(5031,'2015-09-22 11:30:17','2015-09-22 11:30:17','410100','410000','郑州市','',''),
	(5032,'2015-09-22 11:30:17','2015-09-22 11:30:17','410102','410100','中原区','',''),
	(5033,'2015-09-22 11:30:17','2015-09-22 11:30:17','410103','410100','二七区','',''),
	(5034,'2015-09-22 11:30:17','2015-09-22 11:30:17','410104','410100','管城回族区','',''),
	(5035,'2015-09-22 11:30:17','2015-09-22 11:30:17','410105','410100','金水区','',''),
	(5036,'2015-09-22 11:30:17','2015-09-22 11:30:17','410106','410100','上街区','',''),
	(5037,'2015-09-22 11:30:17','2015-09-22 11:30:17','410108','410100','惠济区','',''),
	(5038,'2015-09-22 11:30:17','2015-09-22 11:30:17','410122','410100','中牟县','',''),
	(5039,'2015-09-22 11:30:17','2015-09-22 11:30:17','410181','410100','巩义市','',''),
	(5040,'2015-09-22 11:30:17','2015-09-22 11:30:17','410182','410100','荥阳市','',''),
	(5041,'2015-09-22 11:30:17','2015-09-22 11:30:17','410183','410100','新密市','',''),
	(5042,'2015-09-22 11:30:17','2015-09-22 11:30:17','410184','410100','新郑市','',''),
	(5043,'2015-09-22 11:30:17','2015-09-22 11:30:17','410185','410100','登封市','',''),
	(5044,'2015-09-22 11:30:17','2015-09-22 11:30:17','410200','410000','开封市','',''),
	(5045,'2015-09-22 11:30:17','2015-09-22 11:30:17','410202','410200','龙亭区','',''),
	(5046,'2015-09-22 11:30:17','2015-09-22 11:30:17','410203','410200','顺河回族区','',''),
	(5047,'2015-09-22 11:30:17','2015-09-22 11:30:17','410204','410200','鼓楼区','',''),
	(5048,'2015-09-22 11:30:17','2015-09-22 11:30:17','410205','410200','禹王台区','',''),
	(5049,'2015-09-22 11:30:17','2015-09-22 11:30:17','410212','410200','祥符区','',''),
	(5050,'2015-09-22 11:30:17','2015-09-22 11:30:17','410221','410200','杞县','',''),
	(5051,'2015-09-22 11:30:17','2015-09-22 11:30:17','410222','410200','通许县','',''),
	(5052,'2015-09-22 11:30:17','2015-09-22 11:30:17','410223','410200','尉氏县','',''),
	(5053,'2015-09-22 11:30:17','2015-09-22 11:30:17','410225','410200','兰考县','',''),
	(5054,'2015-09-22 11:30:17','2015-09-22 11:30:17','410300','410000','洛阳市','',''),
	(5055,'2015-09-22 11:30:17','2015-09-22 11:30:17','410302','410300','老城区','',''),
	(5056,'2015-09-22 11:30:17','2015-09-22 11:30:17','410303','410300','西工区','',''),
	(5057,'2015-09-22 11:30:17','2015-09-22 11:30:17','410304','410300','瀍河回族区','',''),
	(5058,'2015-09-22 11:30:17','2015-09-22 11:30:17','410305','410300','涧西区','',''),
	(5059,'2015-09-22 11:30:17','2015-09-22 11:30:17','410306','410300','吉利区','',''),
	(5060,'2015-09-22 11:30:17','2015-09-22 11:30:17','410311','410300','洛龙区','',''),
	(5061,'2015-09-22 11:30:17','2015-09-22 11:30:17','410322','410300','孟津县','',''),
	(5062,'2015-09-22 11:30:17','2015-09-22 11:30:17','410323','410300','新安县','',''),
	(5063,'2015-09-22 11:30:17','2015-09-22 11:30:17','410324','410300','栾川县','',''),
	(5064,'2015-09-22 11:30:17','2015-09-22 11:30:17','410325','410300','嵩县','',''),
	(5065,'2015-09-22 11:30:17','2015-09-22 11:30:17','410326','410300','汝阳县','',''),
	(5066,'2015-09-22 11:30:17','2015-09-22 11:30:17','410327','410300','宜阳县','',''),
	(5067,'2015-09-22 11:30:17','2015-09-22 11:30:17','410328','410300','洛宁县','',''),
	(5068,'2015-09-22 11:30:17','2015-09-22 11:30:17','410329','410300','伊川县','',''),
	(5069,'2015-09-22 11:30:17','2015-09-22 11:30:17','410381','410300','偃师市','',''),
	(5070,'2015-09-22 11:30:17','2015-09-22 11:30:17','410400','410000','平顶山市','',''),
	(5071,'2015-09-22 11:30:17','2015-09-22 11:30:17','410402','410400','新华区','',''),
	(5072,'2015-09-22 11:30:17','2015-09-22 11:30:17','410403','410400','卫东区','',''),
	(5073,'2015-09-22 11:30:17','2015-09-22 11:30:17','410404','410400','石龙区','',''),
	(5074,'2015-09-22 11:30:17','2015-09-22 11:30:17','410411','410400','湛河区','',''),
	(5075,'2015-09-22 11:30:17','2015-09-22 11:30:17','410421','410400','宝丰县','',''),
	(5076,'2015-09-22 11:30:17','2015-09-22 11:30:17','410422','410400','叶县','',''),
	(5077,'2015-09-22 11:30:17','2015-09-22 11:30:17','410423','410400','鲁山县','',''),
	(5078,'2015-09-22 11:30:17','2015-09-22 11:30:17','410425','410400','郏县','',''),
	(5079,'2015-09-22 11:30:17','2015-09-22 11:30:17','410481','410400','舞钢市','',''),
	(5080,'2015-09-22 11:30:17','2015-09-22 11:30:17','410482','410400','汝州市','',''),
	(5081,'2015-09-22 11:30:17','2015-09-22 11:30:17','410500','410000','安阳市','',''),
	(5082,'2015-09-22 11:30:17','2015-09-22 11:30:17','410502','410500','文峰区','',''),
	(5083,'2015-09-22 11:30:17','2015-09-22 11:30:17','410503','410500','北关区','',''),
	(5084,'2015-09-22 11:30:17','2015-09-22 11:30:17','410505','410500','殷都区','',''),
	(5085,'2015-09-22 11:30:17','2015-09-22 11:30:17','410506','410500','龙安区','',''),
	(5086,'2015-09-22 11:30:17','2015-09-22 11:30:17','410522','410500','安阳县','',''),
	(5087,'2015-09-22 11:30:17','2015-09-22 11:30:17','410523','410500','汤阴县','',''),
	(5088,'2015-09-22 11:30:17','2015-09-22 11:30:17','410526','410500','滑县','',''),
	(5089,'2015-09-22 11:30:17','2015-09-22 11:30:17','410527','410500','内黄县','',''),
	(5090,'2015-09-22 11:30:17','2015-09-22 11:30:17','410581','410500','林州市','',''),
	(5091,'2015-09-22 11:30:17','2015-09-22 11:30:17','410600','410000','鹤壁市','',''),
	(5092,'2015-09-22 11:30:17','2015-09-22 11:30:17','410602','410600','鹤山区','',''),
	(5093,'2015-09-22 11:30:17','2015-09-22 11:30:17','410603','410600','山城区','',''),
	(5094,'2015-09-22 11:30:17','2015-09-22 11:30:17','410611','410600','淇滨区','',''),
	(5095,'2015-09-22 11:30:17','2015-09-22 11:30:17','410621','410600','浚县','',''),
	(5096,'2015-09-22 11:30:17','2015-09-22 11:30:17','410622','410600','淇县','',''),
	(5097,'2015-09-22 11:30:17','2015-09-22 11:30:17','410700','410000','新乡市','',''),
	(5098,'2015-09-22 11:30:17','2015-09-22 11:30:17','410702','410700','红旗区','',''),
	(5099,'2015-09-22 11:30:17','2015-09-22 11:30:17','410703','410700','卫滨区','',''),
	(5100,'2015-09-22 11:30:17','2015-09-22 11:30:17','410704','410700','凤泉区','',''),
	(5101,'2015-09-22 11:30:17','2015-09-22 11:30:17','410711','410700','牧野区','',''),
	(5102,'2015-09-22 11:30:17','2015-09-22 11:30:17','410721','410700','新乡县','',''),
	(5103,'2015-09-22 11:30:17','2015-09-22 11:30:17','410724','410700','获嘉县','',''),
	(5104,'2015-09-22 11:30:17','2015-09-22 11:30:17','410725','410700','原阳县','',''),
	(5105,'2015-09-22 11:30:17','2015-09-22 11:30:17','410726','410700','延津县','',''),
	(5106,'2015-09-22 11:30:17','2015-09-22 11:30:17','410727','410700','封丘县','',''),
	(5107,'2015-09-22 11:30:17','2015-09-22 11:30:17','410728','410700','长垣县','',''),
	(5108,'2015-09-22 11:30:17','2015-09-22 11:30:17','410781','410700','卫辉市','',''),
	(5109,'2015-09-22 11:30:17','2015-09-22 11:30:17','410782','410700','辉县市','',''),
	(5110,'2015-09-22 11:30:17','2015-09-22 11:30:17','410800','410000','焦作市','',''),
	(5111,'2015-09-22 11:30:17','2015-09-22 11:30:17','410802','410800','解放区','',''),
	(5112,'2015-09-22 11:30:17','2015-09-22 11:30:17','410803','410800','中站区','',''),
	(5113,'2015-09-22 11:30:17','2015-09-22 11:30:17','410804','410800','马村区','',''),
	(5114,'2015-09-22 11:30:17','2015-09-22 11:30:17','410811','410800','山阳区','',''),
	(5115,'2015-09-22 11:30:17','2015-09-22 11:30:17','410821','410800','修武县','',''),
	(5116,'2015-09-22 11:30:17','2015-09-22 11:30:17','410822','410800','博爱县','',''),
	(5117,'2015-09-22 11:30:17','2015-09-22 11:30:17','410823','410800','武陟县','',''),
	(5118,'2015-09-22 11:30:17','2015-09-22 11:30:17','410825','410800','温县','',''),
	(5119,'2015-09-22 11:30:17','2015-09-22 11:30:17','410882','410800','沁阳市','',''),
	(5120,'2015-09-22 11:30:17','2015-09-22 11:30:17','410883','410800','孟州市','',''),
	(5121,'2015-09-22 11:30:17','2015-09-22 11:30:17','410900','410000','濮阳市','',''),
	(5122,'2015-09-22 11:30:17','2015-09-22 11:30:17','410902','410900','华龙区','',''),
	(5123,'2015-09-22 11:30:17','2015-09-22 11:30:17','410922','410900','清丰县','',''),
	(5124,'2015-09-22 11:30:17','2015-09-22 11:30:17','410923','410900','南乐县','',''),
	(5125,'2015-09-22 11:30:17','2015-09-22 11:30:17','410926','410900','范县','',''),
	(5126,'2015-09-22 11:30:17','2015-09-22 11:30:17','410927','410900','台前县','',''),
	(5127,'2015-09-22 11:30:17','2015-09-22 11:30:17','410928','410900','濮阳县','',''),
	(5128,'2015-09-22 11:30:17','2015-09-22 11:30:17','411000','410000','许昌市','',''),
	(5129,'2015-09-22 11:30:17','2015-09-22 11:30:17','411002','411000','魏都区','',''),
	(5130,'2015-09-22 11:30:17','2015-09-22 11:30:17','411023','411000','许昌县','',''),
	(5131,'2015-09-22 11:30:17','2015-09-22 11:30:17','411024','411000','鄢陵县','',''),
	(5132,'2015-09-22 11:30:17','2015-09-22 11:30:17','411025','411000','襄城县','',''),
	(5133,'2015-09-22 11:30:17','2015-09-22 11:30:17','411081','411000','禹州市','',''),
	(5134,'2015-09-22 11:30:17','2015-09-22 11:30:17','411082','411000','长葛市','',''),
	(5135,'2015-09-22 11:30:17','2015-09-22 11:30:17','411100','410000','漯河市','',''),
	(5136,'2015-09-22 11:30:17','2015-09-22 11:30:17','411102','411100','源汇区','',''),
	(5137,'2015-09-22 11:30:17','2015-09-22 11:30:17','411103','411100','郾城区','',''),
	(5138,'2015-09-22 11:30:17','2015-09-22 11:30:17','411104','411100','召陵区','',''),
	(5139,'2015-09-22 11:30:17','2015-09-22 11:30:17','411121','411100','舞阳县','',''),
	(5140,'2015-09-22 11:30:17','2015-09-22 11:30:17','411122','411100','临颍县','',''),
	(5141,'2015-09-22 11:30:17','2015-09-22 11:30:17','411200','410000','三门峡市','',''),
	(5142,'2015-09-22 11:30:17','2015-09-22 11:30:17','411202','411200','湖滨区','',''),
	(5143,'2015-09-22 11:30:17','2015-09-22 11:30:17','411203','411200','陕州区','',''),
	(5144,'2015-09-22 11:30:17','2015-09-22 11:30:17','411221','411200','渑池县','',''),
	(5145,'2015-09-22 11:30:17','2015-09-22 11:30:17','411224','411200','卢氏县','',''),
	(5146,'2015-09-22 11:30:17','2015-09-22 11:30:17','411281','411200','义马市','',''),
	(5147,'2015-09-22 11:30:17','2015-09-22 11:30:17','411282','411200','灵宝市','',''),
	(5148,'2015-09-22 11:30:17','2015-09-22 11:30:17','411300','410000','南阳市','',''),
	(5149,'2015-09-22 11:30:17','2015-09-22 11:30:17','411302','411300','宛城区','',''),
	(5150,'2015-09-22 11:30:17','2015-09-22 11:30:17','411303','411300','卧龙区','',''),
	(5151,'2015-09-22 11:30:17','2015-09-22 11:30:17','411321','411300','南召县','',''),
	(5152,'2015-09-22 11:30:17','2015-09-22 11:30:17','411322','411300','方城县','',''),
	(5153,'2015-09-22 11:30:17','2015-09-22 11:30:17','411323','411300','西峡县','',''),
	(5154,'2015-09-22 11:30:17','2015-09-22 11:30:17','411324','411300','镇平县','',''),
	(5155,'2015-09-22 11:30:17','2015-09-22 11:30:17','411325','411300','内乡县','',''),
	(5156,'2015-09-22 11:30:17','2015-09-22 11:30:17','411326','411300','淅川县','',''),
	(5157,'2015-09-22 11:30:17','2015-09-22 11:30:17','411327','411300','社旗县','',''),
	(5158,'2015-09-22 11:30:17','2015-09-22 11:30:17','411328','411300','唐河县','',''),
	(5159,'2015-09-22 11:30:17','2015-09-22 11:30:17','411329','411300','新野县','',''),
	(5160,'2015-09-22 11:30:17','2015-09-22 11:30:17','411330','411300','桐柏县','',''),
	(5161,'2015-09-22 11:30:17','2015-09-22 11:30:17','411381','411300','邓州市','',''),
	(5162,'2015-09-22 11:30:17','2015-09-22 11:30:17','411400','410000','商丘市','',''),
	(5163,'2015-09-22 11:30:17','2015-09-22 11:30:17','411402','411400','梁园区','',''),
	(5164,'2015-09-22 11:30:17','2015-09-22 11:30:17','411403','411400','睢阳区','',''),
	(5165,'2015-09-22 11:30:17','2015-09-22 11:30:17','411421','411400','民权县','',''),
	(5166,'2015-09-22 11:30:17','2015-09-22 11:30:17','411422','411400','睢县','',''),
	(5167,'2015-09-22 11:30:17','2015-09-22 11:30:17','411423','411400','宁陵县','',''),
	(5168,'2015-09-22 11:30:17','2015-09-22 11:30:17','411424','411400','柘城县','',''),
	(5169,'2015-09-22 11:30:17','2015-09-22 11:30:17','411425','411400','虞城县','',''),
	(5170,'2015-09-22 11:30:17','2015-09-22 11:30:17','411426','411400','夏邑县','',''),
	(5171,'2015-09-22 11:30:17','2015-09-22 11:30:17','411481','411400','永城市','',''),
	(5172,'2015-09-22 11:30:17','2015-09-22 11:30:17','411500','410000','信阳市','',''),
	(5173,'2015-09-22 11:30:17','2015-09-22 11:30:17','411502','411500','浉河区','',''),
	(5174,'2015-09-22 11:30:17','2015-09-22 11:30:17','411503','411500','平桥区','',''),
	(5175,'2015-09-22 11:30:17','2015-09-22 11:30:17','411521','411500','罗山县','',''),
	(5176,'2015-09-22 11:30:17','2015-09-22 11:30:17','411522','411500','光山县','',''),
	(5177,'2015-09-22 11:30:17','2015-09-22 11:30:17','411523','411500','新县','',''),
	(5178,'2015-09-22 11:30:17','2015-09-22 11:30:17','411524','411500','商城县','',''),
	(5179,'2015-09-22 11:30:17','2015-09-22 11:30:17','411525','411500','固始县','',''),
	(5180,'2015-09-22 11:30:17','2015-09-22 11:30:17','411526','411500','潢川县','',''),
	(5181,'2015-09-22 11:30:17','2015-09-22 11:30:17','411527','411500','淮滨县','',''),
	(5182,'2015-09-22 11:30:17','2015-09-22 11:30:17','411528','411500','息县','',''),
	(5183,'2015-09-22 11:30:17','2015-09-22 11:30:17','411600','410000','周口市','',''),
	(5184,'2015-09-22 11:30:17','2015-09-22 11:30:17','411602','411600','川汇区','',''),
	(5185,'2015-09-22 11:30:17','2015-09-22 11:30:17','411621','411600','扶沟县','',''),
	(5186,'2015-09-22 11:30:17','2015-09-22 11:30:17','411622','411600','西华县','',''),
	(5187,'2015-09-22 11:30:17','2015-09-22 11:30:17','411623','411600','商水县','',''),
	(5188,'2015-09-22 11:30:17','2015-09-22 11:30:17','411624','411600','沈丘县','',''),
	(5189,'2015-09-22 11:30:17','2015-09-22 11:30:17','411625','411600','郸城县','',''),
	(5190,'2015-09-22 11:30:17','2015-09-22 11:30:17','411626','411600','淮阳县','',''),
	(5191,'2015-09-22 11:30:17','2015-09-22 11:30:17','411627','411600','太康县','',''),
	(5192,'2015-09-22 11:30:17','2015-09-22 11:30:17','411628','411600','鹿邑县','',''),
	(5193,'2015-09-22 11:30:17','2015-09-22 11:30:17','411681','411600','项城市','',''),
	(5194,'2015-09-22 11:30:17','2015-09-22 11:30:17','411700','410000','驻马店市','',''),
	(5195,'2015-09-22 11:30:17','2015-09-22 11:30:17','411702','411700','驿城区','',''),
	(5196,'2015-09-22 11:30:17','2015-09-22 11:30:17','411721','411700','西平县','',''),
	(5197,'2015-09-22 11:30:17','2015-09-22 11:30:17','411722','411700','上蔡县','',''),
	(5198,'2015-09-22 11:30:17','2015-09-22 11:30:17','411723','411700','平舆县','',''),
	(5199,'2015-09-22 11:30:17','2015-09-22 11:30:17','411724','411700','正阳县','',''),
	(5200,'2015-09-22 11:30:17','2015-09-22 11:30:17','411725','411700','确山县','',''),
	(5201,'2015-09-22 11:30:17','2015-09-22 11:30:17','411726','411700','泌阳县','',''),
	(5202,'2015-09-22 11:30:17','2015-09-22 11:30:17','411727','411700','汝南县','',''),
	(5203,'2015-09-22 11:30:17','2015-09-22 11:30:17','411728','411700','遂平县','',''),
	(5204,'2015-09-22 11:30:17','2015-09-22 11:30:17','411729','411700','新蔡县','',''),
	(5205,'2015-09-22 11:30:17','2015-09-22 11:30:17','419001','419000','济源市','',''),
	(5206,'2015-09-22 11:30:17','2015-09-22 11:30:17','420000','0','湖北省','',''),
	(5207,'2015-09-22 11:30:17','2015-09-22 11:30:17','420100','420000','武汉市','',''),
	(5208,'2015-09-22 11:30:17','2015-09-22 11:30:17','420102','420100','江岸区','',''),
	(5209,'2015-09-22 11:30:17','2015-09-22 11:30:17','420103','420100','江汉区','',''),
	(5210,'2015-09-22 11:30:17','2015-09-22 11:30:17','420104','420100','硚口区','',''),
	(5211,'2015-09-22 11:30:17','2015-09-22 11:30:17','420105','420100','汉阳区','',''),
	(5212,'2015-09-22 11:30:17','2015-09-22 11:30:17','420106','420100','武昌区','',''),
	(5213,'2015-09-22 11:30:17','2015-09-22 11:30:17','420107','420100','青山区','',''),
	(5214,'2015-09-22 11:30:17','2015-09-22 11:30:17','420111','420100','洪山区','',''),
	(5215,'2015-09-22 11:30:17','2015-09-22 11:30:17','420112','420100','东西湖区','',''),
	(5216,'2015-09-22 11:30:17','2015-09-22 11:30:17','420113','420100','汉南区','',''),
	(5217,'2015-09-22 11:30:17','2015-09-22 11:30:17','420114','420100','蔡甸区','',''),
	(5218,'2015-09-22 11:30:17','2015-09-22 11:30:17','420115','420100','江夏区','',''),
	(5219,'2015-09-22 11:30:17','2015-09-22 11:30:17','420116','420100','黄陂区','',''),
	(5220,'2015-09-22 11:30:17','2015-09-22 11:30:17','420117','420100','新洲区','',''),
	(5221,'2015-09-22 11:30:17','2015-09-22 11:30:17','420200','420000','黄石市','',''),
	(5222,'2015-09-22 11:30:17','2015-09-22 11:30:17','420202','420200','黄石港区','',''),
	(5223,'2015-09-22 11:30:17','2015-09-22 11:30:17','420203','420200','西塞山区','',''),
	(5224,'2015-09-22 11:30:17','2015-09-22 11:30:17','420204','420200','下陆区','',''),
	(5225,'2015-09-22 11:30:17','2015-09-22 11:30:17','420205','420200','铁山区','',''),
	(5226,'2015-09-22 11:30:17','2015-09-22 11:30:17','420222','420200','阳新县','',''),
	(5227,'2015-09-22 11:30:17','2015-09-22 11:30:17','420281','420200','大冶市','',''),
	(5228,'2015-09-22 11:30:17','2015-09-22 11:30:17','420300','420000','十堰市','',''),
	(5229,'2015-09-22 11:30:17','2015-09-22 11:30:17','420302','420300','茅箭区','',''),
	(5230,'2015-09-22 11:30:17','2015-09-22 11:30:17','420303','420300','张湾区','',''),
	(5231,'2015-09-22 11:30:17','2015-09-22 11:30:17','420304','420300','郧阳区','',''),
	(5232,'2015-09-22 11:30:17','2015-09-22 11:30:17','420322','420300','郧西县','',''),
	(5233,'2015-09-22 11:30:17','2015-09-22 11:30:17','420323','420300','竹山县','',''),
	(5234,'2015-09-22 11:30:17','2015-09-22 11:30:17','420324','420300','竹溪县','',''),
	(5235,'2015-09-22 11:30:17','2015-09-22 11:30:17','420325','420300','房县','',''),
	(5236,'2015-09-22 11:30:17','2015-09-22 11:30:17','420381','420300','丹江口市','',''),
	(5237,'2015-09-22 11:30:17','2015-09-22 11:30:17','420500','420000','宜昌市','',''),
	(5238,'2015-09-22 11:30:17','2015-09-22 11:30:17','420502','420500','西陵区','',''),
	(5239,'2015-09-22 11:30:17','2015-09-22 11:30:17','420503','420500','伍家岗区','',''),
	(5240,'2015-09-22 11:30:17','2015-09-22 11:30:17','420504','420500','点军区','',''),
	(5241,'2015-09-22 11:30:17','2015-09-22 11:30:17','420505','420500','猇亭区','',''),
	(5242,'2015-09-22 11:30:17','2015-09-22 11:30:17','420506','420500','夷陵区','',''),
	(5243,'2015-09-22 11:30:17','2015-09-22 11:30:17','420525','420500','远安县','',''),
	(5244,'2015-09-22 11:30:17','2015-09-22 11:30:17','420526','420500','兴山县','',''),
	(5245,'2015-09-22 11:30:17','2015-09-22 11:30:17','420527','420500','秭归县','',''),
	(5246,'2015-09-22 11:30:17','2015-09-22 11:30:17','420528','420500','长阳土家族自治县','',''),
	(5247,'2015-09-22 11:30:17','2015-09-22 11:30:17','420529','420500','五峰土家族自治县','',''),
	(5248,'2015-09-22 11:30:17','2015-09-22 11:30:17','420581','420500','宜都市','',''),
	(5249,'2015-09-22 11:30:17','2015-09-22 11:30:17','420582','420500','当阳市','',''),
	(5250,'2015-09-22 11:30:17','2015-09-22 11:30:17','420583','420500','枝江市','',''),
	(5251,'2015-09-22 11:30:17','2015-09-22 11:30:17','420600','420000','襄阳市','',''),
	(5252,'2015-09-22 11:30:17','2015-09-22 11:30:17','420602','420600','襄城区','',''),
	(5253,'2015-09-22 11:30:17','2015-09-22 11:30:17','420606','420600','樊城区','',''),
	(5254,'2015-09-22 11:30:17','2015-09-22 11:30:17','420607','420600','襄州区','',''),
	(5255,'2015-09-22 11:30:17','2015-09-22 11:30:17','420624','420600','南漳县','',''),
	(5256,'2015-09-22 11:30:17','2015-09-22 11:30:17','420625','420600','谷城县','',''),
	(5257,'2015-09-22 11:30:17','2015-09-22 11:30:17','420626','420600','保康县','',''),
	(5258,'2015-09-22 11:30:17','2015-09-22 11:30:17','420682','420600','老河口市','',''),
	(5259,'2015-09-22 11:30:17','2015-09-22 11:30:17','420683','420600','枣阳市','',''),
	(5260,'2015-09-22 11:30:17','2015-09-22 11:30:17','420684','420600','宜城市','',''),
	(5261,'2015-09-22 11:30:17','2015-09-22 11:30:17','420700','420000','鄂州市','',''),
	(5262,'2015-09-22 11:30:17','2015-09-22 11:30:17','420702','420700','梁子湖区','',''),
	(5263,'2015-09-22 11:30:17','2015-09-22 11:30:17','420703','420700','华容区','',''),
	(5264,'2015-09-22 11:30:17','2015-09-22 11:30:17','420704','420700','鄂城区','',''),
	(5265,'2015-09-22 11:30:17','2015-09-22 11:30:17','420800','420000','荆门市','',''),
	(5266,'2015-09-22 11:30:17','2015-09-22 11:30:17','420802','420800','东宝区','',''),
	(5267,'2015-09-22 11:30:17','2015-09-22 11:30:17','420804','420800','掇刀区','',''),
	(5268,'2015-09-22 11:30:17','2015-09-22 11:30:17','420821','420800','京山县','',''),
	(5269,'2015-09-22 11:30:17','2015-09-22 11:30:17','420822','420800','沙洋县','',''),
	(5270,'2015-09-22 11:30:17','2015-09-22 11:30:17','420881','420800','钟祥市','',''),
	(5271,'2015-09-22 11:30:17','2015-09-22 11:30:17','420900','420000','孝感市','',''),
	(5272,'2015-09-22 11:30:17','2015-09-22 11:30:17','420902','420900','孝南区','',''),
	(5273,'2015-09-22 11:30:17','2015-09-22 11:30:17','420921','420900','孝昌县','',''),
	(5274,'2015-09-22 11:30:17','2015-09-22 11:30:17','420922','420900','大悟县','',''),
	(5275,'2015-09-22 11:30:17','2015-09-22 11:30:17','420923','420900','云梦县','',''),
	(5276,'2015-09-22 11:30:17','2015-09-22 11:30:17','420981','420900','应城市','',''),
	(5277,'2015-09-22 11:30:17','2015-09-22 11:30:17','420982','420900','安陆市','',''),
	(5278,'2015-09-22 11:30:17','2015-09-22 11:30:17','420984','420900','汉川市','',''),
	(5279,'2015-09-22 11:30:17','2015-09-22 11:30:17','421000','420000','荆州市','',''),
	(5280,'2015-09-22 11:30:17','2015-09-22 11:30:17','421002','421000','沙市区','',''),
	(5281,'2015-09-22 11:30:17','2015-09-22 11:30:17','421003','421000','荆州区','',''),
	(5282,'2015-09-22 11:30:17','2015-09-22 11:30:17','421022','421000','公安县','',''),
	(5283,'2015-09-22 11:30:17','2015-09-22 11:30:17','421023','421000','监利县','',''),
	(5284,'2015-09-22 11:30:17','2015-09-22 11:30:17','421024','421000','江陵县','',''),
	(5285,'2015-09-22 11:30:17','2015-09-22 11:30:17','421081','421000','石首市','',''),
	(5286,'2015-09-22 11:30:17','2015-09-22 11:30:17','421083','421000','洪湖市','',''),
	(5287,'2015-09-22 11:30:17','2015-09-22 11:30:17','421087','421000','松滋市','',''),
	(5288,'2015-09-22 11:30:17','2015-09-22 11:30:17','421100','420000','黄冈市','',''),
	(5289,'2015-09-22 11:30:17','2015-09-22 11:30:17','421102','421100','黄州区','',''),
	(5290,'2015-09-22 11:30:17','2015-09-22 11:30:17','421121','421100','团风县','',''),
	(5291,'2015-09-22 11:30:17','2015-09-22 11:30:17','421122','421100','红安县','',''),
	(5292,'2015-09-22 11:30:17','2015-09-22 11:30:17','421123','421100','罗田县','',''),
	(5293,'2015-09-22 11:30:17','2015-09-22 11:30:17','421124','421100','英山县','',''),
	(5294,'2015-09-22 11:30:17','2015-09-22 11:30:17','421125','421100','浠水县','',''),
	(5295,'2015-09-22 11:30:17','2015-09-22 11:30:17','421126','421100','蕲春县','',''),
	(5296,'2015-09-22 11:30:17','2015-09-22 11:30:17','421127','421100','黄梅县','',''),
	(5297,'2015-09-22 11:30:17','2015-09-22 11:30:17','421181','421100','麻城市','',''),
	(5298,'2015-09-22 11:30:17','2015-09-22 11:30:17','421182','421100','武穴市','',''),
	(5299,'2015-09-22 11:30:17','2015-09-22 11:30:17','421200','420000','咸宁市','',''),
	(5300,'2015-09-22 11:30:17','2015-09-22 11:30:17','421202','421200','咸安区','',''),
	(5301,'2015-09-22 11:30:17','2015-09-22 11:30:17','421221','421200','嘉鱼县','',''),
	(5302,'2015-09-22 11:30:17','2015-09-22 11:30:17','421222','421200','通城县','',''),
	(5303,'2015-09-22 11:30:17','2015-09-22 11:30:17','421223','421200','崇阳县','',''),
	(5304,'2015-09-22 11:30:17','2015-09-22 11:30:17','421224','421200','通山县','',''),
	(5305,'2015-09-22 11:30:17','2015-09-22 11:30:17','421281','421200','赤壁市','',''),
	(5306,'2015-09-22 11:30:17','2015-09-22 11:30:17','421300','420000','随州市','',''),
	(5307,'2015-09-22 11:30:17','2015-09-22 11:30:17','421303','421300','曾都区','',''),
	(5308,'2015-09-22 11:30:17','2015-09-22 11:30:17','421321','421300','随县','',''),
	(5309,'2015-09-22 11:30:17','2015-09-22 11:30:17','421381','421300','广水市','',''),
	(5310,'2015-09-22 11:30:17','2015-09-22 11:30:17','422800','420000','恩施土家族苗族自治州','',''),
	(5311,'2015-09-22 11:30:17','2015-09-22 11:30:17','422801','422800','恩施市','',''),
	(5312,'2015-09-22 11:30:17','2015-09-22 11:30:17','422802','422800','利川市','',''),
	(5313,'2015-09-22 11:30:17','2015-09-22 11:30:17','422822','422800','建始县','',''),
	(5314,'2015-09-22 11:30:17','2015-09-22 11:30:17','422823','422800','巴东县','',''),
	(5315,'2015-09-22 11:30:17','2015-09-22 11:30:17','422825','422800','宣恩县','',''),
	(5316,'2015-09-22 11:30:17','2015-09-22 11:30:17','422826','422800','咸丰县','',''),
	(5317,'2015-09-22 11:30:17','2015-09-22 11:30:17','422827','422800','来凤县','',''),
	(5318,'2015-09-22 11:30:17','2015-09-22 11:30:17','422828','422800','鹤峰县','',''),
	(5319,'2015-09-22 11:30:17','2015-09-22 11:30:17','429004','429000','仙桃市','',''),
	(5320,'2015-09-22 11:30:17','2015-09-22 11:30:17','429005','429000','潜江市','',''),
	(5321,'2015-09-22 11:30:17','2015-09-22 11:30:17','429006','429000','天门市','',''),
	(5322,'2015-09-22 11:30:17','2015-09-22 11:30:17','429021','429000','神农架林区','',''),
	(5323,'2015-09-22 11:30:17','2015-09-22 11:30:17','430000','0','湖南省','',''),
	(5324,'2015-09-22 11:30:17','2015-09-22 11:30:17','430100','430000','长沙市','',''),
	(5325,'2015-09-22 11:30:17','2015-09-22 11:30:17','430102','430100','芙蓉区','',''),
	(5326,'2015-09-22 11:30:17','2015-09-22 11:30:17','430103','430100','天心区','',''),
	(5327,'2015-09-22 11:30:17','2015-09-22 11:30:17','430104','430100','岳麓区','',''),
	(5328,'2015-09-22 11:30:17','2015-09-22 11:30:17','430105','430100','开福区','',''),
	(5329,'2015-09-22 11:30:17','2015-09-22 11:30:17','430111','430100','雨花区','',''),
	(5330,'2015-09-22 11:30:17','2015-09-22 11:30:17','430112','430100','望城区','',''),
	(5331,'2015-09-22 11:30:17','2015-09-22 11:30:17','430121','430100','长沙县','',''),
	(5332,'2015-09-22 11:30:17','2015-09-22 11:30:17','430124','430100','宁乡县','',''),
	(5333,'2015-09-22 11:30:17','2015-09-22 11:30:17','430181','430100','浏阳市','',''),
	(5334,'2015-09-22 11:30:17','2015-09-22 11:30:17','430200','430000','株洲市','',''),
	(5335,'2015-09-22 11:30:17','2015-09-22 11:30:17','430202','430200','荷塘区','',''),
	(5336,'2015-09-22 11:30:17','2015-09-22 11:30:17','430203','430200','芦淞区','',''),
	(5337,'2015-09-22 11:30:17','2015-09-22 11:30:17','430204','430200','石峰区','',''),
	(5338,'2015-09-22 11:30:17','2015-09-22 11:30:17','430211','430200','天元区','',''),
	(5339,'2015-09-22 11:30:17','2015-09-22 11:30:17','430221','430200','株洲县','',''),
	(5340,'2015-09-22 11:30:17','2015-09-22 11:30:17','430223','430200','攸县','',''),
	(5341,'2015-09-22 11:30:17','2015-09-22 11:30:17','430224','430200','茶陵县','',''),
	(5342,'2015-09-22 11:30:17','2015-09-22 11:30:17','430225','430200','炎陵县','',''),
	(5343,'2015-09-22 11:30:17','2015-09-22 11:30:17','430281','430200','醴陵市','',''),
	(5344,'2015-09-22 11:30:17','2015-09-22 11:30:17','430300','430000','湘潭市','',''),
	(5345,'2015-09-22 11:30:17','2015-09-22 11:30:17','430302','430300','雨湖区','',''),
	(5346,'2015-09-22 11:30:17','2015-09-22 11:30:17','430304','430300','岳塘区','',''),
	(5347,'2015-09-22 11:30:17','2015-09-22 11:30:17','430321','430300','湘潭县','',''),
	(5348,'2015-09-22 11:30:17','2015-09-22 11:30:17','430381','430300','湘乡市','',''),
	(5349,'2015-09-22 11:30:17','2015-09-22 11:30:17','430382','430300','韶山市','',''),
	(5350,'2015-09-22 11:30:17','2015-09-22 11:30:17','430400','430000','衡阳市','',''),
	(5351,'2015-09-22 11:30:17','2015-09-22 11:30:17','430405','430400','珠晖区','',''),
	(5352,'2015-09-22 11:30:17','2015-09-22 11:30:17','430406','430400','雁峰区','',''),
	(5353,'2015-09-22 11:30:17','2015-09-22 11:30:17','430407','430400','石鼓区','',''),
	(5354,'2015-09-22 11:30:17','2015-09-22 11:30:17','430408','430400','蒸湘区','',''),
	(5355,'2015-09-22 11:30:17','2015-09-22 11:30:17','430412','430400','南岳区','',''),
	(5356,'2015-09-22 11:30:17','2015-09-22 11:30:17','430421','430400','衡阳县','',''),
	(5357,'2015-09-22 11:30:17','2015-09-22 11:30:17','430422','430400','衡南县','',''),
	(5358,'2015-09-22 11:30:17','2015-09-22 11:30:17','430423','430400','衡山县','',''),
	(5359,'2015-09-22 11:30:17','2015-09-22 11:30:17','430424','430400','衡东县','',''),
	(5360,'2015-09-22 11:30:17','2015-09-22 11:30:17','430426','430400','祁东县','',''),
	(5361,'2015-09-22 11:30:17','2015-09-22 11:30:17','430481','430400','耒阳市','',''),
	(5362,'2015-09-22 11:30:17','2015-09-22 11:30:17','430482','430400','常宁市','',''),
	(5363,'2015-09-22 11:30:17','2015-09-22 11:30:17','430500','430000','邵阳市','',''),
	(5364,'2015-09-22 11:30:17','2015-09-22 11:30:17','430502','430500','双清区','',''),
	(5365,'2015-09-22 11:30:17','2015-09-22 11:30:17','430503','430500','大祥区','',''),
	(5366,'2015-09-22 11:30:17','2015-09-22 11:30:17','430511','430500','北塔区','',''),
	(5367,'2015-09-22 11:30:17','2015-09-22 11:30:17','430521','430500','邵东县','',''),
	(5368,'2015-09-22 11:30:17','2015-09-22 11:30:17','430522','430500','新邵县','',''),
	(5369,'2015-09-22 11:30:17','2015-09-22 11:30:17','430523','430500','邵阳县','',''),
	(5370,'2015-09-22 11:30:17','2015-09-22 11:30:17','430524','430500','隆回县','',''),
	(5371,'2015-09-22 11:30:17','2015-09-22 11:30:17','430525','430500','洞口县','',''),
	(5372,'2015-09-22 11:30:17','2015-09-22 11:30:17','430527','430500','绥宁县','',''),
	(5373,'2015-09-22 11:30:17','2015-09-22 11:30:17','430528','430500','新宁县','',''),
	(5374,'2015-09-22 11:30:17','2015-09-22 11:30:17','430529','430500','城步苗族自治县','',''),
	(5375,'2015-09-22 11:30:17','2015-09-22 11:30:17','430581','430500','武冈市','',''),
	(5376,'2015-09-22 11:30:17','2015-09-22 11:30:17','430600','430000','岳阳市','',''),
	(5377,'2015-09-22 11:30:17','2015-09-22 11:30:17','430602','430600','岳阳楼区','',''),
	(5378,'2015-09-22 11:30:17','2015-09-22 11:30:17','430603','430600','云溪区','',''),
	(5379,'2015-09-22 11:30:17','2015-09-22 11:30:17','430611','430600','君山区','',''),
	(5380,'2015-09-22 11:30:17','2015-09-22 11:30:17','430621','430600','岳阳县','',''),
	(5381,'2015-09-22 11:30:17','2015-09-22 11:30:17','430623','430600','华容县','',''),
	(5382,'2015-09-22 11:30:17','2015-09-22 11:30:17','430624','430600','湘阴县','',''),
	(5383,'2015-09-22 11:30:17','2015-09-22 11:30:17','430626','430600','平江县','',''),
	(5384,'2015-09-22 11:30:17','2015-09-22 11:30:17','430681','430600','汨罗市','',''),
	(5385,'2015-09-22 11:30:17','2015-09-22 11:30:17','430682','430600','临湘市','',''),
	(5386,'2015-09-22 11:30:17','2015-09-22 11:30:17','430700','430000','常德市','',''),
	(5387,'2015-09-22 11:30:17','2015-09-22 11:30:17','430702','430700','武陵区','',''),
	(5388,'2015-09-22 11:30:17','2015-09-22 11:30:17','430703','430700','鼎城区','',''),
	(5389,'2015-09-22 11:30:17','2015-09-22 11:30:17','430721','430700','安乡县','',''),
	(5390,'2015-09-22 11:30:17','2015-09-22 11:30:17','430722','430700','汉寿县','',''),
	(5391,'2015-09-22 11:30:17','2015-09-22 11:30:17','430723','430700','澧县','',''),
	(5392,'2015-09-22 11:30:17','2015-09-22 11:30:17','430724','430700','临澧县','',''),
	(5393,'2015-09-22 11:30:17','2015-09-22 11:30:17','430725','430700','桃源县','',''),
	(5394,'2015-09-22 11:30:17','2015-09-22 11:30:17','430726','430700','石门县','',''),
	(5395,'2015-09-22 11:30:17','2015-09-22 11:30:17','430781','430700','津市市','',''),
	(5396,'2015-09-22 11:30:17','2015-09-22 11:30:17','430800','430000','张家界市','',''),
	(5397,'2015-09-22 11:30:17','2015-09-22 11:30:17','430802','430800','永定区','',''),
	(5398,'2015-09-22 11:30:17','2015-09-22 11:30:17','430811','430800','武陵源区','',''),
	(5399,'2015-09-22 11:30:17','2015-09-22 11:30:17','430821','430800','慈利县','',''),
	(5400,'2015-09-22 11:30:17','2015-09-22 11:30:17','430822','430800','桑植县','',''),
	(5401,'2015-09-22 11:30:17','2015-09-22 11:30:17','430900','430000','益阳市','',''),
	(5402,'2015-09-22 11:30:17','2015-09-22 11:30:17','430902','430900','资阳区','',''),
	(5403,'2015-09-22 11:30:17','2015-09-22 11:30:17','430903','430900','赫山区','',''),
	(5404,'2015-09-22 11:30:17','2015-09-22 11:30:17','430921','430900','南县','',''),
	(5405,'2015-09-22 11:30:17','2015-09-22 11:30:17','430922','430900','桃江县','',''),
	(5406,'2015-09-22 11:30:17','2015-09-22 11:30:17','430923','430900','安化县','',''),
	(5407,'2015-09-22 11:30:17','2015-09-22 11:30:17','430981','430900','沅江市','',''),
	(5408,'2015-09-22 11:30:17','2015-09-22 11:30:17','431000','430000','郴州市','',''),
	(5409,'2015-09-22 11:30:17','2015-09-22 11:30:17','431002','431000','北湖区','',''),
	(5410,'2015-09-22 11:30:17','2015-09-22 11:30:17','431003','431000','苏仙区','',''),
	(5411,'2015-09-22 11:30:17','2015-09-22 11:30:17','431021','431000','桂阳县','',''),
	(5412,'2015-09-22 11:30:17','2015-09-22 11:30:17','431022','431000','宜章县','',''),
	(5413,'2015-09-22 11:30:17','2015-09-22 11:30:17','431023','431000','永兴县','',''),
	(5414,'2015-09-22 11:30:17','2015-09-22 11:30:17','431024','431000','嘉禾县','',''),
	(5415,'2015-09-22 11:30:17','2015-09-22 11:30:17','431025','431000','临武县','',''),
	(5416,'2015-09-22 11:30:17','2015-09-22 11:30:17','431026','431000','汝城县','',''),
	(5417,'2015-09-22 11:30:17','2015-09-22 11:30:17','431027','431000','桂东县','',''),
	(5418,'2015-09-22 11:30:17','2015-09-22 11:30:17','431028','431000','安仁县','',''),
	(5419,'2015-09-22 11:30:17','2015-09-22 11:30:17','431081','431000','资兴市','',''),
	(5420,'2015-09-22 11:30:17','2015-09-22 11:30:17','431100','430000','永州市','',''),
	(5421,'2015-09-22 11:30:17','2015-09-22 11:30:17','431102','431100','零陵区','',''),
	(5422,'2015-09-22 11:30:17','2015-09-22 11:30:17','431103','431100','冷水滩区','',''),
	(5423,'2015-09-22 11:30:17','2015-09-22 11:30:17','431121','431100','祁阳县','',''),
	(5424,'2015-09-22 11:30:17','2015-09-22 11:30:17','431122','431100','东安县','',''),
	(5425,'2015-09-22 11:30:17','2015-09-22 11:30:17','431123','431100','双牌县','',''),
	(5426,'2015-09-22 11:30:17','2015-09-22 11:30:17','431124','431100','道县','',''),
	(5427,'2015-09-22 11:30:17','2015-09-22 11:30:17','431125','431100','江永县','',''),
	(5428,'2015-09-22 11:30:17','2015-09-22 11:30:17','431126','431100','宁远县','',''),
	(5429,'2015-09-22 11:30:17','2015-09-22 11:30:17','431127','431100','蓝山县','',''),
	(5430,'2015-09-22 11:30:17','2015-09-22 11:30:17','431128','431100','新田县','',''),
	(5431,'2015-09-22 11:30:17','2015-09-22 11:30:17','431129','431100','江华瑶族自治县','',''),
	(5432,'2015-09-22 11:30:17','2015-09-22 11:30:17','431200','430000','怀化市','',''),
	(5433,'2015-09-22 11:30:17','2015-09-22 11:30:17','431202','431200','鹤城区','',''),
	(5434,'2015-09-22 11:30:17','2015-09-22 11:30:17','431221','431200','中方县','',''),
	(5435,'2015-09-22 11:30:17','2015-09-22 11:30:17','431222','431200','沅陵县','',''),
	(5436,'2015-09-22 11:30:17','2015-09-22 11:30:17','431223','431200','辰溪县','',''),
	(5437,'2015-09-22 11:30:17','2015-09-22 11:30:17','431224','431200','溆浦县','',''),
	(5438,'2015-09-22 11:30:17','2015-09-22 11:30:17','431225','431200','会同县','',''),
	(5439,'2015-09-22 11:30:17','2015-09-22 11:30:17','431226','431200','麻阳苗族自治县','',''),
	(5440,'2015-09-22 11:30:17','2015-09-22 11:30:17','431227','431200','新晃侗族自治县','',''),
	(5441,'2015-09-22 11:30:17','2015-09-22 11:30:17','431228','431200','芷江侗族自治县','',''),
	(5442,'2015-09-22 11:30:17','2015-09-22 11:30:17','431229','431200','靖州苗族侗族自治县','',''),
	(5443,'2015-09-22 11:30:17','2015-09-22 11:30:17','431230','431200','通道侗族自治县','',''),
	(5444,'2015-09-22 11:30:17','2015-09-22 11:30:17','431281','431200','洪江市','',''),
	(5445,'2015-09-22 11:30:17','2015-09-22 11:30:17','431300','430000','娄底市','',''),
	(5446,'2015-09-22 11:30:17','2015-09-22 11:30:17','431302','431300','娄星区','',''),
	(5447,'2015-09-22 11:30:17','2015-09-22 11:30:17','431321','431300','双峰县','',''),
	(5448,'2015-09-22 11:30:17','2015-09-22 11:30:17','431322','431300','新化县','',''),
	(5449,'2015-09-22 11:30:17','2015-09-22 11:30:17','431381','431300','冷水江市','',''),
	(5450,'2015-09-22 11:30:17','2015-09-22 11:30:17','431382','431300','涟源市','',''),
	(5451,'2015-09-22 11:30:17','2015-09-22 11:30:17','433100','430000','湘西土家族苗族自治州','',''),
	(5452,'2015-09-22 11:30:17','2015-09-22 11:30:17','433101','433100','吉首市','',''),
	(5453,'2015-09-22 11:30:17','2015-09-22 11:30:17','433122','433100','泸溪县','',''),
	(5454,'2015-09-22 11:30:17','2015-09-22 11:30:17','433123','433100','凤凰县','',''),
	(5455,'2015-09-22 11:30:17','2015-09-22 11:30:17','433124','433100','花垣县','',''),
	(5456,'2015-09-22 11:30:17','2015-09-22 11:30:17','433125','433100','保靖县','',''),
	(5457,'2015-09-22 11:30:17','2015-09-22 11:30:17','433126','433100','古丈县','',''),
	(5458,'2015-09-22 11:30:17','2015-09-22 11:30:17','433127','433100','永顺县','',''),
	(5459,'2015-09-22 11:30:17','2015-09-22 11:30:17','433130','433100','龙山县','',''),
	(5460,'2015-09-22 11:30:17','2015-09-22 11:30:17','440000','0','广东省','',''),
	(5461,'2015-09-22 11:30:17','2015-09-22 11:30:17','440100','440000','广州市','',''),
	(5462,'2015-09-22 11:30:17','2015-09-22 11:30:17','440103','440100','荔湾区','',''),
	(5463,'2015-09-22 11:30:17','2015-09-22 11:30:17','440104','440100','越秀区','',''),
	(5464,'2015-09-22 11:30:17','2015-09-22 11:30:17','440105','440100','海珠区','',''),
	(5465,'2015-09-22 11:30:17','2015-09-22 11:30:17','440106','440100','天河区','',''),
	(5466,'2015-09-22 11:30:17','2015-09-22 11:30:17','440111','440100','白云区','',''),
	(5467,'2015-09-22 11:30:17','2015-09-22 11:30:17','440112','440100','黄埔区','',''),
	(5468,'2015-09-22 11:30:17','2015-09-22 11:30:17','440113','440100','番禺区','',''),
	(5469,'2015-09-22 11:30:17','2015-09-22 11:30:17','440114','440100','花都区','',''),
	(5470,'2015-09-22 11:30:17','2015-09-22 11:30:17','440115','440100','南沙区','',''),
	(5471,'2015-09-22 11:30:17','2015-09-22 11:30:17','440117','440100','从化区','',''),
	(5472,'2015-09-22 11:30:17','2015-09-22 11:30:17','440118','440100','增城区','',''),
	(5473,'2015-09-22 11:30:17','2015-09-22 11:30:17','440200','440000','韶关市','',''),
	(5474,'2015-09-22 11:30:17','2015-09-22 11:30:17','440203','440200','武江区','',''),
	(5475,'2015-09-22 11:30:17','2015-09-22 11:30:17','440204','440200','浈江区','',''),
	(5476,'2015-09-22 11:30:17','2015-09-22 11:30:17','440205','440200','曲江区','',''),
	(5477,'2015-09-22 11:30:17','2015-09-22 11:30:17','440222','440200','始兴县','',''),
	(5478,'2015-09-22 11:30:17','2015-09-22 11:30:17','440224','440200','仁化县','',''),
	(5479,'2015-09-22 11:30:17','2015-09-22 11:30:17','440229','440200','翁源县','',''),
	(5480,'2015-09-22 11:30:17','2015-09-22 11:30:17','440232','440200','乳源瑶族自治县','',''),
	(5481,'2015-09-22 11:30:17','2015-09-22 11:30:17','440233','440200','新丰县','',''),
	(5482,'2015-09-22 11:30:17','2015-09-22 11:30:17','440281','440200','乐昌市','',''),
	(5483,'2015-09-22 11:30:17','2015-09-22 11:30:17','440282','440200','南雄市','',''),
	(5484,'2015-09-22 11:30:17','2015-09-22 11:30:17','440300','440000','深圳市','',''),
	(5485,'2015-09-22 11:30:17','2015-09-22 11:30:17','440303','440300','罗湖区','',''),
	(5486,'2015-09-22 11:30:17','2015-09-22 11:30:17','440304','440300','福田区','',''),
	(5487,'2015-09-22 11:30:17','2015-09-22 11:30:17','440305','440300','南山区','',''),
	(5488,'2015-09-22 11:30:17','2015-09-22 11:30:17','440306','440300','宝安区','',''),
	(5489,'2015-09-22 11:30:17','2015-09-22 11:30:17','440307','440300','龙岗区','',''),
	(5490,'2015-09-22 11:30:17','2015-09-22 11:30:17','440308','440300','盐田区','',''),
	(5491,'2015-09-22 11:30:17','2015-09-22 11:30:17','440400','440000','珠海市','',''),
	(5492,'2015-09-22 11:30:17','2015-09-22 11:30:17','440402','440400','香洲区','',''),
	(5493,'2015-09-22 11:30:17','2015-09-22 11:30:17','440403','440400','斗门区','',''),
	(5494,'2015-09-22 11:30:17','2015-09-22 11:30:17','440404','440400','金湾区','',''),
	(5495,'2015-09-22 11:30:17','2015-09-22 11:30:17','440500','440000','汕头市','',''),
	(5496,'2015-09-22 11:30:17','2015-09-22 11:30:17','440507','440500','龙湖区','',''),
	(5497,'2015-09-22 11:30:17','2015-09-22 11:30:17','440511','440500','金平区','',''),
	(5498,'2015-09-22 11:30:17','2015-09-22 11:30:17','440512','440500','濠江区','',''),
	(5499,'2015-09-22 11:30:17','2015-09-22 11:30:17','440513','440500','潮阳区','',''),
	(5500,'2015-09-22 11:30:17','2015-09-22 11:30:17','440514','440500','潮南区','',''),
	(5501,'2015-09-22 11:30:17','2015-09-22 11:30:17','440515','440500','澄海区','',''),
	(5502,'2015-09-22 11:30:17','2015-09-22 11:30:17','440523','440500','南澳县','',''),
	(5503,'2015-09-22 11:30:17','2015-09-22 11:30:17','440600','440000','佛山市','',''),
	(5504,'2015-09-22 11:30:17','2015-09-22 11:30:17','440604','440600','禅城区','',''),
	(5505,'2015-09-22 11:30:17','2015-09-22 11:30:17','440605','440600','南海区','',''),
	(5506,'2015-09-22 11:30:17','2015-09-22 11:30:17','440606','440600','顺德区','',''),
	(5507,'2015-09-22 11:30:17','2015-09-22 11:30:17','440607','440600','三水区','',''),
	(5508,'2015-09-22 11:30:17','2015-09-22 11:30:17','440608','440600','高明区','',''),
	(5509,'2015-09-22 11:30:17','2015-09-22 11:30:17','440700','440000','江门市','',''),
	(5510,'2015-09-22 11:30:17','2015-09-22 11:30:17','440703','440700','蓬江区','',''),
	(5511,'2015-09-22 11:30:17','2015-09-22 11:30:17','440704','440700','江海区','',''),
	(5512,'2015-09-22 11:30:17','2015-09-22 11:30:17','440705','440700','新会区','',''),
	(5513,'2015-09-22 11:30:17','2015-09-22 11:30:17','440781','440700','台山市','',''),
	(5514,'2015-09-22 11:30:17','2015-09-22 11:30:17','440783','440700','开平市','',''),
	(5515,'2015-09-22 11:30:17','2015-09-22 11:30:17','440784','440700','鹤山市','',''),
	(5516,'2015-09-22 11:30:17','2015-09-22 11:30:17','440785','440700','恩平市','',''),
	(5517,'2015-09-22 11:30:17','2015-09-22 11:30:17','440800','440000','湛江市','',''),
	(5518,'2015-09-22 11:30:17','2015-09-22 11:30:17','440802','440800','赤坎区','',''),
	(5519,'2015-09-22 11:30:17','2015-09-22 11:30:17','440803','440800','霞山区','',''),
	(5520,'2015-09-22 11:30:17','2015-09-22 11:30:17','440804','440800','坡头区','',''),
	(5521,'2015-09-22 11:30:17','2015-09-22 11:30:17','440811','440800','麻章区','',''),
	(5522,'2015-09-22 11:30:17','2015-09-22 11:30:17','440823','440800','遂溪县','',''),
	(5523,'2015-09-22 11:30:17','2015-09-22 11:30:17','440825','440800','徐闻县','',''),
	(5524,'2015-09-22 11:30:17','2015-09-22 11:30:17','440881','440800','廉江市','',''),
	(5525,'2015-09-22 11:30:17','2015-09-22 11:30:17','440882','440800','雷州市','',''),
	(5526,'2015-09-22 11:30:17','2015-09-22 11:30:17','440883','440800','吴川市','',''),
	(5527,'2015-09-22 11:30:17','2015-09-22 11:30:17','440900','440000','茂名市','',''),
	(5528,'2015-09-22 11:30:17','2015-09-22 11:30:17','440902','440900','茂南区','',''),
	(5529,'2015-09-22 11:30:17','2015-09-22 11:30:17','440904','440900','电白区','',''),
	(5530,'2015-09-22 11:30:17','2015-09-22 11:30:17','440981','440900','高州市','',''),
	(5531,'2015-09-22 11:30:17','2015-09-22 11:30:17','440982','440900','化州市','',''),
	(5532,'2015-09-22 11:30:17','2015-09-22 11:30:17','440983','440900','信宜市','',''),
	(5533,'2015-09-22 11:30:17','2015-09-22 11:30:17','441200','440000','肇庆市','',''),
	(5534,'2015-09-22 11:30:17','2015-09-22 11:30:17','441202','441200','端州区','',''),
	(5535,'2015-09-22 11:30:17','2015-09-22 11:30:17','441203','441200','鼎湖区','',''),
	(5536,'2015-09-22 11:30:17','2015-09-22 11:30:17','441204','441200','高要区','',''),
	(5537,'2015-09-22 11:30:17','2015-09-22 11:30:17','441223','441200','广宁县','',''),
	(5538,'2015-09-22 11:30:17','2015-09-22 11:30:17','441224','441200','怀集县','',''),
	(5539,'2015-09-22 11:30:17','2015-09-22 11:30:17','441225','441200','封开县','',''),
	(5540,'2015-09-22 11:30:17','2015-09-22 11:30:17','441226','441200','德庆县','',''),
	(5541,'2015-09-22 11:30:17','2015-09-22 11:30:17','441284','441200','四会市','',''),
	(5542,'2015-09-22 11:30:17','2015-09-22 11:30:17','441300','440000','惠州市','',''),
	(5543,'2015-09-22 11:30:17','2015-09-22 11:30:17','441302','441300','惠城区','',''),
	(5544,'2015-09-22 11:30:17','2015-09-22 11:30:17','441303','441300','惠阳区','',''),
	(5545,'2015-09-22 11:30:17','2015-09-22 11:30:17','441322','441300','博罗县','',''),
	(5546,'2015-09-22 11:30:17','2015-09-22 11:30:17','441323','441300','惠东县','',''),
	(5547,'2015-09-22 11:30:17','2015-09-22 11:30:17','441324','441300','龙门县','',''),
	(5548,'2015-09-22 11:30:17','2015-09-22 11:30:17','441400','440000','梅州市','',''),
	(5549,'2015-09-22 11:30:17','2015-09-22 11:30:17','441402','441400','梅江区','',''),
	(5550,'2015-09-22 11:30:17','2015-09-22 11:30:17','441403','441400','梅县区','',''),
	(5551,'2015-09-22 11:30:17','2015-09-22 11:30:17','441422','441400','大埔县','',''),
	(5552,'2015-09-22 11:30:17','2015-09-22 11:30:17','441423','441400','丰顺县','',''),
	(5553,'2015-09-22 11:30:17','2015-09-22 11:30:17','441424','441400','五华县','',''),
	(5554,'2015-09-22 11:30:17','2015-09-22 11:30:17','441426','441400','平远县','',''),
	(5555,'2015-09-22 11:30:17','2015-09-22 11:30:17','441427','441400','蕉岭县','',''),
	(5556,'2015-09-22 11:30:17','2015-09-22 11:30:17','441481','441400','兴宁市','',''),
	(5557,'2015-09-22 11:30:17','2015-09-22 11:30:17','441500','440000','汕尾市','',''),
	(5558,'2015-09-22 11:30:17','2015-09-22 11:30:17','441502','441500','城区','',''),
	(5559,'2015-09-22 11:30:17','2015-09-22 11:30:17','441521','441500','海丰县','',''),
	(5560,'2015-09-22 11:30:17','2015-09-22 11:30:17','441523','441500','陆河县','',''),
	(5561,'2015-09-22 11:30:17','2015-09-22 11:30:17','441581','441500','陆丰市','',''),
	(5562,'2015-09-22 11:30:17','2015-09-22 11:30:17','441600','440000','河源市','',''),
	(5563,'2015-09-22 11:30:17','2015-09-22 11:30:17','441602','441600','源城区','',''),
	(5564,'2015-09-22 11:30:17','2015-09-22 11:30:17','441621','441600','紫金县','',''),
	(5565,'2015-09-22 11:30:17','2015-09-22 11:30:17','441622','441600','龙川县','',''),
	(5566,'2015-09-22 11:30:17','2015-09-22 11:30:17','441623','441600','连平县','',''),
	(5567,'2015-09-22 11:30:17','2015-09-22 11:30:17','441624','441600','和平县','',''),
	(5568,'2015-09-22 11:30:17','2015-09-22 11:30:17','441625','441600','东源县','',''),
	(5569,'2015-09-22 11:30:17','2015-09-22 11:30:17','441700','440000','阳江市','',''),
	(5570,'2015-09-22 11:30:17','2015-09-22 11:30:17','441702','441700','江城区','',''),
	(5571,'2015-09-22 11:30:17','2015-09-22 11:30:17','441704','441700','阳东区','',''),
	(5572,'2015-09-22 11:30:17','2015-09-22 11:30:17','441721','441700','阳西县','',''),
	(5573,'2015-09-22 11:30:17','2015-09-22 11:30:17','441781','441700','阳春市','',''),
	(5574,'2015-09-22 11:30:17','2015-09-22 11:30:17','441800','440000','清远市','',''),
	(5575,'2015-09-22 11:30:17','2015-09-22 11:30:17','441802','441800','清城区','',''),
	(5576,'2015-09-22 11:30:17','2015-09-22 11:30:17','441803','441800','清新区','',''),
	(5577,'2015-09-22 11:30:17','2015-09-22 11:30:17','441821','441800','佛冈县','',''),
	(5578,'2015-09-22 11:30:17','2015-09-22 11:30:17','441823','441800','阳山县','',''),
	(5579,'2015-09-22 11:30:17','2015-09-22 11:30:17','441825','441800','连山壮族瑶族自治县','',''),
	(5580,'2015-09-22 11:30:17','2015-09-22 11:30:17','441826','441800','连南瑶族自治县','',''),
	(5581,'2015-09-22 11:30:17','2015-09-22 11:30:17','441881','441800','英德市','',''),
	(5582,'2015-09-22 11:30:17','2015-09-22 11:30:17','441882','441800','连州市','',''),
	(5583,'2015-09-22 11:30:17','2015-09-22 11:30:17','441900','440000','东莞市','',''),
	(5584,'2015-09-22 11:30:17','2015-09-22 11:30:17','442000','440000','中山市','',''),
	(5585,'2015-09-22 11:30:17','2015-09-22 11:30:17','445100','440000','潮州市','',''),
	(5586,'2015-09-22 11:30:17','2015-09-22 11:30:17','445102','445100','湘桥区','',''),
	(5587,'2015-09-22 11:30:17','2015-09-22 11:30:17','445103','445100','潮安区','',''),
	(5588,'2015-09-22 11:30:17','2015-09-22 11:30:17','445122','445100','饶平县','',''),
	(5589,'2015-09-22 11:30:17','2015-09-22 11:30:17','445200','440000','揭阳市','',''),
	(5590,'2015-09-22 11:30:17','2015-09-22 11:30:17','445202','445200','榕城区','',''),
	(5591,'2015-09-22 11:30:17','2015-09-22 11:30:17','445203','445200','揭东区','',''),
	(5592,'2015-09-22 11:30:17','2015-09-22 11:30:17','445222','445200','揭西县','',''),
	(5593,'2015-09-22 11:30:17','2015-09-22 11:30:17','445224','445200','惠来县','',''),
	(5594,'2015-09-22 11:30:17','2015-09-22 11:30:17','445281','445200','普宁市','',''),
	(5595,'2015-09-22 11:30:17','2015-09-22 11:30:17','445300','440000','云浮市','',''),
	(5596,'2015-09-22 11:30:17','2015-09-22 11:30:17','445302','445300','云城区','',''),
	(5597,'2015-09-22 11:30:17','2015-09-22 11:30:17','445303','445300','云安区','',''),
	(5598,'2015-09-22 11:30:17','2015-09-22 11:30:17','445321','445300','新兴县','',''),
	(5599,'2015-09-22 11:30:17','2015-09-22 11:30:17','445322','445300','郁南县','',''),
	(5600,'2015-09-22 11:30:17','2015-09-22 11:30:17','445381','445300','罗定市','',''),
	(5601,'2015-09-22 11:30:17','2015-09-22 11:30:17','450000','0','广西壮族自治区','',''),
	(5602,'2015-09-22 11:30:17','2015-09-22 11:30:17','450100','450000','南宁市','',''),
	(5603,'2015-09-22 11:30:17','2015-09-22 11:30:17','450102','450100','兴宁区','',''),
	(5604,'2015-09-22 11:30:17','2015-09-22 11:30:17','450103','450100','青秀区','',''),
	(5605,'2015-09-22 11:30:17','2015-09-22 11:30:17','450105','450100','江南区','',''),
	(5606,'2015-09-22 11:30:17','2015-09-22 11:30:17','450107','450100','西乡塘区','',''),
	(5607,'2015-09-22 11:30:17','2015-09-22 11:30:17','450108','450100','良庆区','',''),
	(5608,'2015-09-22 11:30:17','2015-09-22 11:30:17','450109','450100','邕宁区','',''),
	(5609,'2015-09-22 11:30:17','2015-09-22 11:30:17','450110','450100','武鸣区','',''),
	(5610,'2015-09-22 11:30:17','2015-09-22 11:30:17','450123','450100','隆安县','',''),
	(5611,'2015-09-22 11:30:17','2015-09-22 11:30:17','450124','450100','马山县','',''),
	(5612,'2015-09-22 11:30:17','2015-09-22 11:30:17','450125','450100','上林县','',''),
	(5613,'2015-09-22 11:30:17','2015-09-22 11:30:17','450126','450100','宾阳县','',''),
	(5614,'2015-09-22 11:30:17','2015-09-22 11:30:17','450127','450100','横县','',''),
	(5615,'2015-09-22 11:30:17','2015-09-22 11:30:17','450200','450000','柳州市','',''),
	(5616,'2015-09-22 11:30:17','2015-09-22 11:30:17','450202','450200','城中区','',''),
	(5617,'2015-09-22 11:30:17','2015-09-22 11:30:17','450203','450200','鱼峰区','',''),
	(5618,'2015-09-22 11:30:17','2015-09-22 11:30:17','450204','450200','柳南区','',''),
	(5619,'2015-09-22 11:30:17','2015-09-22 11:30:17','450205','450200','柳北区','',''),
	(5620,'2015-09-22 11:30:17','2015-09-22 11:30:17','450221','450200','柳江县','',''),
	(5621,'2015-09-22 11:30:17','2015-09-22 11:30:17','450222','450200','柳城县','',''),
	(5622,'2015-09-22 11:30:17','2015-09-22 11:30:17','450223','450200','鹿寨县','',''),
	(5623,'2015-09-22 11:30:17','2015-09-22 11:30:17','450224','450200','融安县','',''),
	(5624,'2015-09-22 11:30:17','2015-09-22 11:30:17','450225','450200','融水苗族自治县','',''),
	(5625,'2015-09-22 11:30:17','2015-09-22 11:30:17','450226','450200','三江侗族自治县','',''),
	(5626,'2015-09-22 11:30:17','2015-09-22 11:30:17','450300','450000','桂林市','',''),
	(5627,'2015-09-22 11:30:17','2015-09-22 11:30:17','450302','450300','秀峰区','',''),
	(5628,'2015-09-22 11:30:17','2015-09-22 11:30:17','450303','450300','叠彩区','',''),
	(5629,'2015-09-22 11:30:17','2015-09-22 11:30:17','450304','450300','象山区','',''),
	(5630,'2015-09-22 11:30:17','2015-09-22 11:30:17','450305','450300','七星区','',''),
	(5631,'2015-09-22 11:30:17','2015-09-22 11:30:17','450311','450300','雁山区','',''),
	(5632,'2015-09-22 11:30:17','2015-09-22 11:30:17','450312','450300','临桂区','',''),
	(5633,'2015-09-22 11:30:17','2015-09-22 11:30:17','450321','450300','阳朔县','',''),
	(5634,'2015-09-22 11:30:17','2015-09-22 11:30:17','450323','450300','灵川县','',''),
	(5635,'2015-09-22 11:30:17','2015-09-22 11:30:17','450324','450300','全州县','',''),
	(5636,'2015-09-22 11:30:17','2015-09-22 11:30:17','450325','450300','兴安县','',''),
	(5637,'2015-09-22 11:30:17','2015-09-22 11:30:17','450326','450300','永福县','',''),
	(5638,'2015-09-22 11:30:17','2015-09-22 11:30:17','450327','450300','灌阳县','',''),
	(5639,'2015-09-22 11:30:17','2015-09-22 11:30:17','450328','450300','龙胜各族自治县','',''),
	(5640,'2015-09-22 11:30:17','2015-09-22 11:30:17','450329','450300','资源县','',''),
	(5641,'2015-09-22 11:30:17','2015-09-22 11:30:17','450330','450300','平乐县','',''),
	(5642,'2015-09-22 11:30:17','2015-09-22 11:30:17','450331','450300','荔浦县','',''),
	(5643,'2015-09-22 11:30:17','2015-09-22 11:30:17','450332','450300','恭城瑶族自治县','',''),
	(5644,'2015-09-22 11:30:17','2015-09-22 11:30:17','450400','450000','梧州市','',''),
	(5645,'2015-09-22 11:30:17','2015-09-22 11:30:17','450403','450400','万秀区','',''),
	(5646,'2015-09-22 11:30:17','2015-09-22 11:30:17','450405','450400','长洲区','',''),
	(5647,'2015-09-22 11:30:17','2015-09-22 11:30:17','450406','450400','龙圩区','',''),
	(5648,'2015-09-22 11:30:17','2015-09-22 11:30:17','450421','450400','苍梧县','',''),
	(5649,'2015-09-22 11:30:17','2015-09-22 11:30:17','450422','450400','藤县','',''),
	(5650,'2015-09-22 11:30:17','2015-09-22 11:30:17','450423','450400','蒙山县','',''),
	(5651,'2015-09-22 11:30:17','2015-09-22 11:30:17','450481','450400','岑溪市','',''),
	(5652,'2015-09-22 11:30:17','2015-09-22 11:30:17','450500','450000','北海市','',''),
	(5653,'2015-09-22 11:30:17','2015-09-22 11:30:17','450502','450500','海城区','',''),
	(5654,'2015-09-22 11:30:17','2015-09-22 11:30:17','450503','450500','银海区','',''),
	(5655,'2015-09-22 11:30:17','2015-09-22 11:30:17','450512','450500','铁山港区','',''),
	(5656,'2015-09-22 11:30:17','2015-09-22 11:30:17','450521','450500','合浦县','',''),
	(5657,'2015-09-22 11:30:17','2015-09-22 11:30:17','450600','450000','防城港市','',''),
	(5658,'2015-09-22 11:30:17','2015-09-22 11:30:17','450602','450600','港口区','',''),
	(5659,'2015-09-22 11:30:17','2015-09-22 11:30:17','450603','450600','防城区','',''),
	(5660,'2015-09-22 11:30:17','2015-09-22 11:30:17','450621','450600','上思县','',''),
	(5661,'2015-09-22 11:30:17','2015-09-22 11:30:17','450681','450600','东兴市','',''),
	(5662,'2015-09-22 11:30:17','2015-09-22 11:30:17','450700','450000','钦州市','',''),
	(5663,'2015-09-22 11:30:17','2015-09-22 11:30:17','450702','450700','钦南区','',''),
	(5664,'2015-09-22 11:30:17','2015-09-22 11:30:17','450703','450700','钦北区','',''),
	(5665,'2015-09-22 11:30:17','2015-09-22 11:30:17','450721','450700','灵山县','',''),
	(5666,'2015-09-22 11:30:17','2015-09-22 11:30:17','450722','450700','浦北县','',''),
	(5667,'2015-09-22 11:30:17','2015-09-22 11:30:17','450800','450000','贵港市','',''),
	(5668,'2015-09-22 11:30:17','2015-09-22 11:30:17','450802','450800','港北区','',''),
	(5669,'2015-09-22 11:30:17','2015-09-22 11:30:17','450803','450800','港南区','',''),
	(5670,'2015-09-22 11:30:17','2015-09-22 11:30:17','450804','450800','覃塘区','',''),
	(5671,'2015-09-22 11:30:17','2015-09-22 11:30:17','450821','450800','平南县','',''),
	(5672,'2015-09-22 11:30:17','2015-09-22 11:30:17','450881','450800','桂平市','',''),
	(5673,'2015-09-22 11:30:17','2015-09-22 11:30:17','450900','450000','玉林市','',''),
	(5674,'2015-09-22 11:30:17','2015-09-22 11:30:17','450902','450900','玉州区','',''),
	(5675,'2015-09-22 11:30:17','2015-09-22 11:30:17','450903','450900','福绵区','',''),
	(5676,'2015-09-22 11:30:17','2015-09-22 11:30:17','450921','450900','容县','',''),
	(5677,'2015-09-22 11:30:17','2015-09-22 11:30:17','450922','450900','陆川县','',''),
	(5678,'2015-09-22 11:30:17','2015-09-22 11:30:17','450923','450900','博白县','',''),
	(5679,'2015-09-22 11:30:17','2015-09-22 11:30:17','450924','450900','兴业县','',''),
	(5680,'2015-09-22 11:30:17','2015-09-22 11:30:17','450981','450900','北流市','',''),
	(5681,'2015-09-22 11:30:17','2015-09-22 11:30:17','451000','450000','百色市','',''),
	(5682,'2015-09-22 11:30:17','2015-09-22 11:30:17','451002','451000','右江区','',''),
	(5683,'2015-09-22 11:30:17','2015-09-22 11:30:17','451021','451000','田阳县','',''),
	(5684,'2015-09-22 11:30:17','2015-09-22 11:30:17','451022','451000','田东县','',''),
	(5685,'2015-09-22 11:30:17','2015-09-22 11:30:17','451023','451000','平果县','',''),
	(5686,'2015-09-22 11:30:17','2015-09-22 11:30:17','451024','451000','德保县','',''),
	(5687,'2015-09-22 11:30:17','2015-09-22 11:30:17','451025','451000','靖西县','',''),
	(5688,'2015-09-22 11:30:17','2015-09-22 11:30:17','451026','451000','那坡县','',''),
	(5689,'2015-09-22 11:30:17','2015-09-22 11:30:17','451027','451000','凌云县','',''),
	(5690,'2015-09-22 11:30:17','2015-09-22 11:30:17','451028','451000','乐业县','',''),
	(5691,'2015-09-22 11:30:17','2015-09-22 11:30:17','451029','451000','田林县','',''),
	(5692,'2015-09-22 11:30:17','2015-09-22 11:30:17','451030','451000','西林县','',''),
	(5693,'2015-09-22 11:30:17','2015-09-22 11:30:17','451031','451000','隆林各族自治县','',''),
	(5694,'2015-09-22 11:30:17','2015-09-22 11:30:17','451100','450000','贺州市','',''),
	(5695,'2015-09-22 11:30:17','2015-09-22 11:30:17','451102','451100','八步区','',''),
	(5696,'2015-09-22 11:30:17','2015-09-22 11:30:17','451121','451100','昭平县','',''),
	(5697,'2015-09-22 11:30:17','2015-09-22 11:30:17','451122','451100','钟山县','',''),
	(5698,'2015-09-22 11:30:17','2015-09-22 11:30:17','451123','451100','富川瑶族自治县','',''),
	(5699,'2015-09-22 11:30:17','2015-09-22 11:30:17','451200','450000','河池市','',''),
	(5700,'2015-09-22 11:30:17','2015-09-22 11:30:17','451202','451200','金城江区','',''),
	(5701,'2015-09-22 11:30:17','2015-09-22 11:30:17','451221','451200','南丹县','',''),
	(5702,'2015-09-22 11:30:17','2015-09-22 11:30:17','451222','451200','天峨县','',''),
	(5703,'2015-09-22 11:30:17','2015-09-22 11:30:17','451223','451200','凤山县','',''),
	(5704,'2015-09-22 11:30:17','2015-09-22 11:30:17','451224','451200','东兰县','',''),
	(5705,'2015-09-22 11:30:17','2015-09-22 11:30:17','451225','451200','罗城仫佬族自治县','',''),
	(5706,'2015-09-22 11:30:17','2015-09-22 11:30:17','451226','451200','环江毛南族自治县','',''),
	(5707,'2015-09-22 11:30:17','2015-09-22 11:30:17','451227','451200','巴马瑶族自治县','',''),
	(5708,'2015-09-22 11:30:17','2015-09-22 11:30:17','451228','451200','都安瑶族自治县','',''),
	(5709,'2015-09-22 11:30:17','2015-09-22 11:30:17','451229','451200','大化瑶族自治县','',''),
	(5710,'2015-09-22 11:30:17','2015-09-22 11:30:17','451281','451200','宜州市','',''),
	(5711,'2015-09-22 11:30:17','2015-09-22 11:30:17','451300','450000','来宾市','',''),
	(5712,'2015-09-22 11:30:17','2015-09-22 11:30:17','451302','451300','兴宾区','',''),
	(5713,'2015-09-22 11:30:17','2015-09-22 11:30:17','451321','451300','忻城县','',''),
	(5714,'2015-09-22 11:30:17','2015-09-22 11:30:17','451322','451300','象州县','',''),
	(5715,'2015-09-22 11:30:17','2015-09-22 11:30:17','451323','451300','武宣县','',''),
	(5716,'2015-09-22 11:30:17','2015-09-22 11:30:17','451324','451300','金秀瑶族自治县','',''),
	(5717,'2015-09-22 11:30:17','2015-09-22 11:30:17','451381','451300','合山市','',''),
	(5718,'2015-09-22 11:30:17','2015-09-22 11:30:17','451400','450000','崇左市','',''),
	(5719,'2015-09-22 11:30:17','2015-09-22 11:30:17','451402','451400','江州区','',''),
	(5720,'2015-09-22 11:30:17','2015-09-22 11:30:17','451421','451400','扶绥县','',''),
	(5721,'2015-09-22 11:30:17','2015-09-22 11:30:17','451422','451400','宁明县','',''),
	(5722,'2015-09-22 11:30:17','2015-09-22 11:30:17','451423','451400','龙州县','',''),
	(5723,'2015-09-22 11:30:17','2015-09-22 11:30:17','451424','451400','大新县','',''),
	(5724,'2015-09-22 11:30:17','2015-09-22 11:30:17','451425','451400','天等县','',''),
	(5725,'2015-09-22 11:30:17','2015-09-22 11:30:17','451481','451400','凭祥市','',''),
	(5726,'2015-09-22 11:30:17','2015-09-22 11:30:17','460000','0','海南省','',''),
	(5727,'2015-09-22 11:30:17','2015-09-22 11:30:17','460100','460000','海口市','',''),
	(5728,'2015-09-22 11:30:17','2015-09-22 11:30:17','460105','460100','秀英区','',''),
	(5729,'2015-09-22 11:30:17','2015-09-22 11:30:17','460106','460100','龙华区','',''),
	(5730,'2015-09-22 11:30:17','2015-09-22 11:30:17','460107','460100','琼山区','',''),
	(5731,'2015-09-22 11:30:17','2015-09-22 11:30:17','460108','460100','美兰区','',''),
	(5732,'2015-09-22 11:30:17','2015-09-22 11:30:17','460200','460000','三亚市','',''),
	(5733,'2015-09-22 11:30:17','2015-09-22 11:30:17','460202','460200','海棠区','',''),
	(5734,'2015-09-22 11:30:17','2015-09-22 11:30:17','460203','460200','吉阳区','',''),
	(5735,'2015-09-22 11:30:17','2015-09-22 11:30:17','460204','460200','天涯区','',''),
	(5736,'2015-09-22 11:30:17','2015-09-22 11:30:17','460205','460200','崖州区','',''),
	(5737,'2015-09-22 11:30:17','2015-09-22 11:30:17','460300','460000','三沙市','',''),
	(5738,'2015-09-22 11:30:17','2015-09-22 11:30:17','460400','460000','儋州市','',''),
	(5739,'2015-09-22 11:30:17','2015-09-22 11:30:17','469001','469000','五指山市','',''),
	(5740,'2015-09-22 11:30:17','2015-09-22 11:30:17','469002','469000','琼海市','',''),
	(5741,'2015-09-22 11:30:17','2015-09-22 11:30:17','469005','469000','文昌市','',''),
	(5742,'2015-09-22 11:30:17','2015-09-22 11:30:17','469006','469000','万宁市','',''),
	(5743,'2015-09-22 11:30:17','2015-09-22 11:30:17','469007','469000','东方市','',''),
	(5744,'2015-09-22 11:30:17','2015-09-22 11:30:17','469021','469000','定安县','',''),
	(5745,'2015-09-22 11:30:17','2015-09-22 11:30:17','469022','469000','屯昌县','',''),
	(5746,'2015-09-22 11:30:17','2015-09-22 11:30:17','469023','469000','澄迈县','',''),
	(5747,'2015-09-22 11:30:17','2015-09-22 11:30:17','469024','469000','临高县','',''),
	(5748,'2015-09-22 11:30:17','2015-09-22 11:30:17','469025','469000','白沙黎族自治县','',''),
	(5749,'2015-09-22 11:30:17','2015-09-22 11:30:17','469026','469000','昌江黎族自治县','',''),
	(5750,'2015-09-22 11:30:17','2015-09-22 11:30:17','469027','469000','乐东黎族自治县','',''),
	(5751,'2015-09-22 11:30:17','2015-09-22 11:30:17','469028','469000','陵水黎族自治县','',''),
	(5752,'2015-09-22 11:30:17','2015-09-22 11:30:17','469029','469000','保亭黎族苗族自治县','',''),
	(5753,'2015-09-22 11:30:17','2015-09-22 11:30:17','469030','469000','琼中黎族苗族自治县','',''),
	(5754,'2015-09-22 11:30:17','2015-09-22 11:30:17','500000','0','重庆市','',''),
	(5755,'2015-09-22 11:30:17','2015-09-22 11:30:17','500100','500000','重庆市','',''),
	(5756,'2015-09-22 11:30:17','2015-09-22 11:30:17','500101','500100','万州区','',''),
	(5757,'2015-09-22 11:30:17','2015-09-22 11:30:17','500102','500100','涪陵区','',''),
	(5758,'2015-09-22 11:30:17','2015-09-22 11:30:17','500103','500100','渝中区','',''),
	(5759,'2015-09-22 11:30:17','2015-09-22 11:30:17','500104','500100','大渡口区','',''),
	(5760,'2015-09-22 11:30:17','2015-09-22 11:30:17','500105','500100','江北区','',''),
	(5761,'2015-09-22 11:30:17','2015-09-22 11:30:17','500106','500100','沙坪坝区','',''),
	(5762,'2015-09-22 11:30:17','2015-09-22 11:30:17','500107','500100','九龙坡区','',''),
	(5763,'2015-09-22 11:30:17','2015-09-22 11:30:17','500108','500100','南岸区','',''),
	(5764,'2015-09-22 11:30:17','2015-09-22 11:30:17','500109','500100','北碚区','',''),
	(5765,'2015-09-22 11:30:17','2015-09-22 11:30:17','500110','500100','綦江区','',''),
	(5766,'2015-09-22 11:30:17','2015-09-22 11:30:17','500111','500100','大足区','',''),
	(5767,'2015-09-22 11:30:17','2015-09-22 11:30:17','500112','500100','渝北区','',''),
	(5768,'2015-09-22 11:30:17','2015-09-22 11:30:17','500113','500100','巴南区','',''),
	(5769,'2015-09-22 11:30:17','2015-09-22 11:30:17','500114','500100','黔江区','',''),
	(5770,'2015-09-22 11:30:17','2015-09-22 11:30:17','500115','500100','长寿区','',''),
	(5771,'2015-09-22 11:30:17','2015-09-22 11:30:17','500116','500100','江津区','',''),
	(5772,'2015-09-22 11:30:17','2015-09-22 11:30:17','500117','500100','合川区','',''),
	(5773,'2015-09-22 11:30:17','2015-09-22 11:30:17','500118','500100','永川区','',''),
	(5774,'2015-09-22 11:30:17','2015-09-22 11:30:17','500119','500100','南川区','',''),
	(5775,'2015-09-22 11:30:17','2015-09-22 11:30:17','500120','500100','璧山区','',''),
	(5776,'2015-09-22 11:30:17','2015-09-22 11:30:17','500151','500100','铜梁区','',''),
	(5777,'2015-09-22 11:30:17','2015-09-22 11:30:17','500152','500100','潼南区','',''),
	(5778,'2015-09-22 11:30:17','2015-09-22 11:30:17','500153','500100','荣昌区','',''),
	(5779,'2015-09-22 11:30:17','2015-09-22 11:30:17','500228','500200','梁平县','',''),
	(5780,'2015-09-22 11:30:17','2015-09-22 11:30:17','500229','500200','城口县','',''),
	(5781,'2015-09-22 11:30:17','2015-09-22 11:30:17','500230','500200','丰都县','',''),
	(5782,'2015-09-22 11:30:17','2015-09-22 11:30:17','500231','500200','垫江县','',''),
	(5783,'2015-09-22 11:30:17','2015-09-22 11:30:17','500232','500200','武隆县','',''),
	(5784,'2015-09-22 11:30:17','2015-09-22 11:30:17','500233','500200','忠县','',''),
	(5785,'2015-09-22 11:30:17','2015-09-22 11:30:17','500234','500200','开县','',''),
	(5786,'2015-09-22 11:30:17','2015-09-22 11:30:17','500235','500200','云阳县','',''),
	(5787,'2015-09-22 11:30:17','2015-09-22 11:30:17','500236','500200','奉节县','',''),
	(5788,'2015-09-22 11:30:17','2015-09-22 11:30:17','500237','500200','巫山县','',''),
	(5789,'2015-09-22 11:30:17','2015-09-22 11:30:17','500238','500200','巫溪县','',''),
	(5790,'2015-09-22 11:30:17','2015-09-22 11:30:17','500240','500200','石柱土家族自治县','',''),
	(5791,'2015-09-22 11:30:17','2015-09-22 11:30:17','500241','500200','秀山土家族苗族自治县','',''),
	(5792,'2015-09-22 11:30:17','2015-09-22 11:30:17','500242','500200','酉阳土家族苗族自治县','',''),
	(5793,'2015-09-22 11:30:17','2015-09-22 11:30:17','500243','500200','彭水苗族土家族自治县','',''),
	(5794,'2015-09-22 11:30:17','2015-09-22 11:30:17','510000','0','四川省','',''),
	(5795,'2015-09-22 11:30:17','2015-09-22 11:30:17','510100','510000','成都市','',''),
	(5796,'2015-09-22 11:30:17','2015-09-22 11:30:17','510104','510100','锦江区','',''),
	(5797,'2015-09-22 11:30:17','2015-09-22 11:30:17','510105','510100','青羊区','',''),
	(5798,'2015-09-22 11:30:17','2015-09-22 11:30:17','510106','510100','金牛区','',''),
	(5799,'2015-09-22 11:30:17','2015-09-22 11:30:17','510107','510100','武侯区','',''),
	(5800,'2015-09-22 11:30:17','2015-09-22 11:30:17','510108','510100','成华区','',''),
	(5801,'2015-09-22 11:30:17','2015-09-22 11:30:17','510112','510100','龙泉驿区','',''),
	(5802,'2015-09-22 11:30:17','2015-09-22 11:30:17','510113','510100','青白江区','',''),
	(5803,'2015-09-22 11:30:17','2015-09-22 11:30:17','510114','510100','新都区','',''),
	(5804,'2015-09-22 11:30:17','2015-09-22 11:30:17','510115','510100','温江区','',''),
	(5805,'2015-09-22 11:30:17','2015-09-22 11:30:17','510121','510100','金堂县','',''),
	(5806,'2015-09-22 11:30:17','2015-09-22 11:30:17','510122','510100','双流县','',''),
	(5807,'2015-09-22 11:30:17','2015-09-22 11:30:17','510124','510100','郫县','',''),
	(5808,'2015-09-22 11:30:17','2015-09-22 11:30:17','510129','510100','大邑县','',''),
	(5809,'2015-09-22 11:30:17','2015-09-22 11:30:17','510131','510100','蒲江县','',''),
	(5810,'2015-09-22 11:30:17','2015-09-22 11:30:17','510132','510100','新津县','',''),
	(5811,'2015-09-22 11:30:17','2015-09-22 11:30:17','510181','510100','都江堰市','',''),
	(5812,'2015-09-22 11:30:17','2015-09-22 11:30:17','510182','510100','彭州市','',''),
	(5813,'2015-09-22 11:30:17','2015-09-22 11:30:17','510183','510100','邛崃市','',''),
	(5814,'2015-09-22 11:30:17','2015-09-22 11:30:17','510184','510100','崇州市','',''),
	(5815,'2015-09-22 11:30:17','2015-09-22 11:30:17','510300','510000','自贡市','',''),
	(5816,'2015-09-22 11:30:17','2015-09-22 11:30:17','510302','510300','自流井区','',''),
	(5817,'2015-09-22 11:30:17','2015-09-22 11:30:17','510303','510300','贡井区','',''),
	(5818,'2015-09-22 11:30:17','2015-09-22 11:30:17','510304','510300','大安区','',''),
	(5819,'2015-09-22 11:30:17','2015-09-22 11:30:17','510311','510300','沿滩区','',''),
	(5820,'2015-09-22 11:30:17','2015-09-22 11:30:17','510321','510300','荣县','',''),
	(5821,'2015-09-22 11:30:17','2015-09-22 11:30:17','510322','510300','富顺县','',''),
	(5822,'2015-09-22 11:30:17','2015-09-22 11:30:17','510400','510000','攀枝花市','',''),
	(5823,'2015-09-22 11:30:17','2015-09-22 11:30:17','510402','510400','东区','',''),
	(5824,'2015-09-22 11:30:17','2015-09-22 11:30:17','510403','510400','西区','',''),
	(5825,'2015-09-22 11:30:17','2015-09-22 11:30:17','510411','510400','仁和区','',''),
	(5826,'2015-09-22 11:30:17','2015-09-22 11:30:17','510421','510400','米易县','',''),
	(5827,'2015-09-22 11:30:17','2015-09-22 11:30:17','510422','510400','盐边县','',''),
	(5828,'2015-09-22 11:30:17','2015-09-22 11:30:17','510500','510000','泸州市','',''),
	(5829,'2015-09-22 11:30:17','2015-09-22 11:30:17','510502','510500','江阳区','',''),
	(5830,'2015-09-22 11:30:17','2015-09-22 11:30:17','510503','510500','纳溪区','',''),
	(5831,'2015-09-22 11:30:17','2015-09-22 11:30:17','510504','510500','龙马潭区','',''),
	(5832,'2015-09-22 11:30:17','2015-09-22 11:30:17','510521','510500','泸县','',''),
	(5833,'2015-09-22 11:30:17','2015-09-22 11:30:17','510522','510500','合江县','',''),
	(5834,'2015-09-22 11:30:17','2015-09-22 11:30:17','510524','510500','叙永县','',''),
	(5835,'2015-09-22 11:30:17','2015-09-22 11:30:17','510525','510500','古蔺县','',''),
	(5836,'2015-09-22 11:30:17','2015-09-22 11:30:17','510600','510000','德阳市','',''),
	(5837,'2015-09-22 11:30:17','2015-09-22 11:30:17','510603','510600','旌阳区','',''),
	(5838,'2015-09-22 11:30:17','2015-09-22 11:30:17','510623','510600','中江县','',''),
	(5839,'2015-09-22 11:30:17','2015-09-22 11:30:17','510626','510600','罗江县','',''),
	(5840,'2015-09-22 11:30:17','2015-09-22 11:30:17','510681','510600','广汉市','',''),
	(5841,'2015-09-22 11:30:17','2015-09-22 11:30:17','510682','510600','什邡市','',''),
	(5842,'2015-09-22 11:30:17','2015-09-22 11:30:17','510683','510600','绵竹市','',''),
	(5843,'2015-09-22 11:30:17','2015-09-22 11:30:17','510700','510000','绵阳市','',''),
	(5844,'2015-09-22 11:30:17','2015-09-22 11:30:17','510703','510700','涪城区','',''),
	(5845,'2015-09-22 11:30:17','2015-09-22 11:30:17','510704','510700','游仙区','',''),
	(5846,'2015-09-22 11:30:17','2015-09-22 11:30:17','510722','510700','三台县','',''),
	(5847,'2015-09-22 11:30:17','2015-09-22 11:30:17','510723','510700','盐亭县','',''),
	(5848,'2015-09-22 11:30:17','2015-09-22 11:30:17','510724','510700','安县','',''),
	(5849,'2015-09-22 11:30:17','2015-09-22 11:30:17','510725','510700','梓潼县','',''),
	(5850,'2015-09-22 11:30:17','2015-09-22 11:30:17','510726','510700','北川羌族自治县','',''),
	(5851,'2015-09-22 11:30:17','2015-09-22 11:30:17','510727','510700','平武县','',''),
	(5852,'2015-09-22 11:30:17','2015-09-22 11:30:17','510781','510700','江油市','',''),
	(5853,'2015-09-22 11:30:17','2015-09-22 11:30:17','510800','510000','广元市','',''),
	(5854,'2015-09-22 11:30:17','2015-09-22 11:30:17','510802','510800','利州区','',''),
	(5855,'2015-09-22 11:30:17','2015-09-22 11:30:17','510811','510800','昭化区','',''),
	(5856,'2015-09-22 11:30:17','2015-09-22 11:30:17','510812','510800','朝天区','',''),
	(5857,'2015-09-22 11:30:17','2015-09-22 11:30:17','510821','510800','旺苍县','',''),
	(5858,'2015-09-22 11:30:17','2015-09-22 11:30:17','510822','510800','青川县','',''),
	(5859,'2015-09-22 11:30:17','2015-09-22 11:30:17','510823','510800','剑阁县','',''),
	(5860,'2015-09-22 11:30:17','2015-09-22 11:30:17','510824','510800','苍溪县','',''),
	(5861,'2015-09-22 11:30:17','2015-09-22 11:30:17','510900','510000','遂宁市','',''),
	(5862,'2015-09-22 11:30:17','2015-09-22 11:30:17','510903','510900','船山区','',''),
	(5863,'2015-09-22 11:30:17','2015-09-22 11:30:17','510904','510900','安居区','',''),
	(5864,'2015-09-22 11:30:17','2015-09-22 11:30:17','510921','510900','蓬溪县','',''),
	(5865,'2015-09-22 11:30:17','2015-09-22 11:30:17','510922','510900','射洪县','',''),
	(5866,'2015-09-22 11:30:17','2015-09-22 11:30:17','510923','510900','大英县','',''),
	(5867,'2015-09-22 11:30:17','2015-09-22 11:30:17','511000','510000','内江市','',''),
	(5868,'2015-09-22 11:30:17','2015-09-22 11:30:17','511002','511000','市中区','',''),
	(5869,'2015-09-22 11:30:17','2015-09-22 11:30:17','511011','511000','东兴区','',''),
	(5870,'2015-09-22 11:30:17','2015-09-22 11:30:17','511024','511000','威远县','',''),
	(5871,'2015-09-22 11:30:17','2015-09-22 11:30:17','511025','511000','资中县','',''),
	(5872,'2015-09-22 11:30:17','2015-09-22 11:30:17','511028','511000','隆昌县','',''),
	(5873,'2015-09-22 11:30:17','2015-09-22 11:30:17','511100','510000','乐山市','',''),
	(5874,'2015-09-22 11:30:17','2015-09-22 11:30:17','511102','511100','市中区','',''),
	(5875,'2015-09-22 11:30:17','2015-09-22 11:30:17','511111','511100','沙湾区','',''),
	(5876,'2015-09-22 11:30:17','2015-09-22 11:30:17','511112','511100','五通桥区','',''),
	(5877,'2015-09-22 11:30:17','2015-09-22 11:30:17','511113','511100','金口河区','',''),
	(5878,'2015-09-22 11:30:17','2015-09-22 11:30:17','511123','511100','犍为县','',''),
	(5879,'2015-09-22 11:30:17','2015-09-22 11:30:17','511124','511100','井研县','',''),
	(5880,'2015-09-22 11:30:17','2015-09-22 11:30:17','511126','511100','夹江县','',''),
	(5881,'2015-09-22 11:30:17','2015-09-22 11:30:17','511129','511100','沐川县','',''),
	(5882,'2015-09-22 11:30:17','2015-09-22 11:30:17','511132','511100','峨边彝族自治县','',''),
	(5883,'2015-09-22 11:30:17','2015-09-22 11:30:17','511133','511100','马边彝族自治县','',''),
	(5884,'2015-09-22 11:30:17','2015-09-22 11:30:17','511181','511100','峨眉山市','',''),
	(5885,'2015-09-22 11:30:17','2015-09-22 11:30:17','511300','510000','南充市','',''),
	(5886,'2015-09-22 11:30:17','2015-09-22 11:30:17','511302','511300','顺庆区','',''),
	(5887,'2015-09-22 11:30:17','2015-09-22 11:30:17','511303','511300','高坪区','',''),
	(5888,'2015-09-22 11:30:17','2015-09-22 11:30:17','511304','511300','嘉陵区','',''),
	(5889,'2015-09-22 11:30:17','2015-09-22 11:30:17','511321','511300','南部县','',''),
	(5890,'2015-09-22 11:30:17','2015-09-22 11:30:17','511322','511300','营山县','',''),
	(5891,'2015-09-22 11:30:17','2015-09-22 11:30:17','511323','511300','蓬安县','',''),
	(5892,'2015-09-22 11:30:17','2015-09-22 11:30:17','511324','511300','仪陇县','',''),
	(5893,'2015-09-22 11:30:17','2015-09-22 11:30:17','511325','511300','西充县','',''),
	(5894,'2015-09-22 11:30:17','2015-09-22 11:30:17','511381','511300','阆中市','',''),
	(5895,'2015-09-22 11:30:17','2015-09-22 11:30:17','511400','510000','眉山市','',''),
	(5896,'2015-09-22 11:30:17','2015-09-22 11:30:17','511402','511400','东坡区','',''),
	(5897,'2015-09-22 11:30:17','2015-09-22 11:30:17','511403','511400','彭山区','',''),
	(5898,'2015-09-22 11:30:17','2015-09-22 11:30:17','511421','511400','仁寿县','',''),
	(5899,'2015-09-22 11:30:17','2015-09-22 11:30:17','511423','511400','洪雅县','',''),
	(5900,'2015-09-22 11:30:17','2015-09-22 11:30:17','511424','511400','丹棱县','',''),
	(5901,'2015-09-22 11:30:17','2015-09-22 11:30:17','511425','511400','青神县','',''),
	(5902,'2015-09-22 11:30:17','2015-09-22 11:30:17','511500','510000','宜宾市','',''),
	(5903,'2015-09-22 11:30:17','2015-09-22 11:30:17','511502','511500','翠屏区','',''),
	(5904,'2015-09-22 11:30:17','2015-09-22 11:30:17','511503','511500','南溪区','',''),
	(5905,'2015-09-22 11:30:17','2015-09-22 11:30:17','511521','511500','宜宾县','',''),
	(5906,'2015-09-22 11:30:17','2015-09-22 11:30:17','511523','511500','江安县','',''),
	(5907,'2015-09-22 11:30:17','2015-09-22 11:30:17','511524','511500','长宁县','',''),
	(5908,'2015-09-22 11:30:17','2015-09-22 11:30:17','511525','511500','高县','',''),
	(5909,'2015-09-22 11:30:17','2015-09-22 11:30:17','511526','511500','珙县','',''),
	(5910,'2015-09-22 11:30:17','2015-09-22 11:30:17','511527','511500','筠连县','',''),
	(5911,'2015-09-22 11:30:17','2015-09-22 11:30:17','511528','511500','兴文县','',''),
	(5912,'2015-09-22 11:30:17','2015-09-22 11:30:17','511529','511500','屏山县','',''),
	(5913,'2015-09-22 11:30:17','2015-09-22 11:30:17','511600','510000','广安市','',''),
	(5914,'2015-09-22 11:30:17','2015-09-22 11:30:17','511602','511600','广安区','',''),
	(5915,'2015-09-22 11:30:17','2015-09-22 11:30:17','511603','511600','前锋区','',''),
	(5916,'2015-09-22 11:30:17','2015-09-22 11:30:17','511621','511600','岳池县','',''),
	(5917,'2015-09-22 11:30:17','2015-09-22 11:30:17','511622','511600','武胜县','',''),
	(5918,'2015-09-22 11:30:17','2015-09-22 11:30:17','511623','511600','邻水县','',''),
	(5919,'2015-09-22 11:30:17','2015-09-22 11:30:17','511681','511600','华蓥市','',''),
	(5920,'2015-09-22 11:30:17','2015-09-22 11:30:17','511700','510000','达州市','',''),
	(5921,'2015-09-22 11:30:17','2015-09-22 11:30:17','511702','511700','通川区','',''),
	(5922,'2015-09-22 11:30:17','2015-09-22 11:30:17','511703','511700','达川区','',''),
	(5923,'2015-09-22 11:30:17','2015-09-22 11:30:17','511722','511700','宣汉县','',''),
	(5924,'2015-09-22 11:30:17','2015-09-22 11:30:17','511723','511700','开江县','',''),
	(5925,'2015-09-22 11:30:17','2015-09-22 11:30:17','511724','511700','大竹县','',''),
	(5926,'2015-09-22 11:30:17','2015-09-22 11:30:17','511725','511700','渠县','',''),
	(5927,'2015-09-22 11:30:17','2015-09-22 11:30:17','511781','511700','万源市','',''),
	(5928,'2015-09-22 11:30:17','2015-09-22 11:30:17','511800','510000','雅安市','',''),
	(5929,'2015-09-22 11:30:17','2015-09-22 11:30:17','511802','511800','雨城区','',''),
	(5930,'2015-09-22 11:30:17','2015-09-22 11:30:17','511803','511800','名山区','',''),
	(5931,'2015-09-22 11:30:17','2015-09-22 11:30:17','511822','511800','荥经县','',''),
	(5932,'2015-09-22 11:30:17','2015-09-22 11:30:17','511823','511800','汉源县','',''),
	(5933,'2015-09-22 11:30:17','2015-09-22 11:30:17','511824','511800','石棉县','',''),
	(5934,'2015-09-22 11:30:17','2015-09-22 11:30:17','511825','511800','天全县','',''),
	(5935,'2015-09-22 11:30:17','2015-09-22 11:30:17','511826','511800','芦山县','',''),
	(5936,'2015-09-22 11:30:17','2015-09-22 11:30:17','511827','511800','宝兴县','',''),
	(5937,'2015-09-22 11:30:17','2015-09-22 11:30:17','511900','510000','巴中市','',''),
	(5938,'2015-09-22 11:30:17','2015-09-22 11:30:17','511902','511900','巴州区','',''),
	(5939,'2015-09-22 11:30:17','2015-09-22 11:30:17','511903','511900','恩阳区','',''),
	(5940,'2015-09-22 11:30:17','2015-09-22 11:30:17','511921','511900','通江县','',''),
	(5941,'2015-09-22 11:30:17','2015-09-22 11:30:17','511922','511900','南江县','',''),
	(5942,'2015-09-22 11:30:17','2015-09-22 11:30:17','511923','511900','平昌县','',''),
	(5943,'2015-09-22 11:30:17','2015-09-22 11:30:17','512000','510000','资阳市','',''),
	(5944,'2015-09-22 11:30:17','2015-09-22 11:30:17','512002','512000','雁江区','',''),
	(5945,'2015-09-22 11:30:17','2015-09-22 11:30:17','512021','512000','安岳县','',''),
	(5946,'2015-09-22 11:30:17','2015-09-22 11:30:17','512022','512000','乐至县','',''),
	(5947,'2015-09-22 11:30:17','2015-09-22 11:30:17','512081','512000','简阳市','',''),
	(5948,'2015-09-22 11:30:17','2015-09-22 11:30:17','513200','510000','阿坝藏族羌族自治州','',''),
	(5949,'2015-09-22 11:30:17','2015-09-22 11:30:17','513221','513200','汶川县','',''),
	(5950,'2015-09-22 11:30:17','2015-09-22 11:30:17','513222','513200','理县','',''),
	(5951,'2015-09-22 11:30:17','2015-09-22 11:30:17','513223','513200','茂县','',''),
	(5952,'2015-09-22 11:30:17','2015-09-22 11:30:17','513224','513200','松潘县','',''),
	(5953,'2015-09-22 11:30:17','2015-09-22 11:30:17','513225','513200','九寨沟县','',''),
	(5954,'2015-09-22 11:30:17','2015-09-22 11:30:17','513226','513200','金川县','',''),
	(5955,'2015-09-22 11:30:17','2015-09-22 11:30:17','513227','513200','小金县','',''),
	(5956,'2015-09-22 11:30:17','2015-09-22 11:30:17','513228','513200','黑水县','',''),
	(5957,'2015-09-22 11:30:17','2015-09-22 11:30:17','513229','513200','马尔康县','',''),
	(5958,'2015-09-22 11:30:17','2015-09-22 11:30:17','513230','513200','壤塘县','',''),
	(5959,'2015-09-22 11:30:17','2015-09-22 11:30:17','513231','513200','阿坝县','',''),
	(5960,'2015-09-22 11:30:17','2015-09-22 11:30:17','513232','513200','若尔盖县','',''),
	(5961,'2015-09-22 11:30:17','2015-09-22 11:30:17','513233','513200','红原县','',''),
	(5962,'2015-09-22 11:30:17','2015-09-22 11:30:17','513300','510000','甘孜藏族自治州','',''),
	(5963,'2015-09-22 11:30:17','2015-09-22 11:30:17','513301','513300','康定市','',''),
	(5964,'2015-09-22 11:30:17','2015-09-22 11:30:17','513322','513300','泸定县','',''),
	(5965,'2015-09-22 11:30:17','2015-09-22 11:30:17','513323','513300','丹巴县','',''),
	(5966,'2015-09-22 11:30:17','2015-09-22 11:30:17','513324','513300','九龙县','',''),
	(5967,'2015-09-22 11:30:17','2015-09-22 11:30:17','513325','513300','雅江县','',''),
	(5968,'2015-09-22 11:30:17','2015-09-22 11:30:17','513326','513300','道孚县','',''),
	(5969,'2015-09-22 11:30:17','2015-09-22 11:30:17','513327','513300','炉霍县','',''),
	(5970,'2015-09-22 11:30:17','2015-09-22 11:30:17','513328','513300','甘孜县','',''),
	(5971,'2015-09-22 11:30:17','2015-09-22 11:30:17','513329','513300','新龙县','',''),
	(5972,'2015-09-22 11:30:17','2015-09-22 11:30:17','513330','513300','德格县','',''),
	(5973,'2015-09-22 11:30:17','2015-09-22 11:30:17','513331','513300','白玉县','',''),
	(5974,'2015-09-22 11:30:17','2015-09-22 11:30:17','513332','513300','石渠县','',''),
	(5975,'2015-09-22 11:30:17','2015-09-22 11:30:17','513333','513300','色达县','',''),
	(5976,'2015-09-22 11:30:17','2015-09-22 11:30:17','513334','513300','理塘县','',''),
	(5977,'2015-09-22 11:30:17','2015-09-22 11:30:17','513335','513300','巴塘县','',''),
	(5978,'2015-09-22 11:30:17','2015-09-22 11:30:17','513336','513300','乡城县','',''),
	(5979,'2015-09-22 11:30:17','2015-09-22 11:30:17','513337','513300','稻城县','',''),
	(5980,'2015-09-22 11:30:17','2015-09-22 11:30:17','513338','513300','得荣县','',''),
	(5981,'2015-09-22 11:30:17','2015-09-22 11:30:17','513400','510000','凉山彝族自治州','',''),
	(5982,'2015-09-22 11:30:17','2015-09-22 11:30:17','513401','513400','西昌市','',''),
	(5983,'2015-09-22 11:30:17','2015-09-22 11:30:17','513422','513400','木里藏族自治县','',''),
	(5984,'2015-09-22 11:30:17','2015-09-22 11:30:17','513423','513400','盐源县','',''),
	(5985,'2015-09-22 11:30:17','2015-09-22 11:30:17','513424','513400','德昌县','',''),
	(5986,'2015-09-22 11:30:17','2015-09-22 11:30:17','513425','513400','会理县','',''),
	(5987,'2015-09-22 11:30:17','2015-09-22 11:30:17','513426','513400','会东县','',''),
	(5988,'2015-09-22 11:30:17','2015-09-22 11:30:17','513427','513400','宁南县','',''),
	(5989,'2015-09-22 11:30:17','2015-09-22 11:30:17','513428','513400','普格县','',''),
	(5990,'2015-09-22 11:30:17','2015-09-22 11:30:17','513429','513400','布拖县','',''),
	(5991,'2015-09-22 11:30:17','2015-09-22 11:30:17','513430','513400','金阳县','',''),
	(5992,'2015-09-22 11:30:17','2015-09-22 11:30:17','513431','513400','昭觉县','',''),
	(5993,'2015-09-22 11:30:17','2015-09-22 11:30:17','513432','513400','喜德县','',''),
	(5994,'2015-09-22 11:30:17','2015-09-22 11:30:17','513433','513400','冕宁县','',''),
	(5995,'2015-09-22 11:30:17','2015-09-22 11:30:17','513434','513400','越西县','',''),
	(5996,'2015-09-22 11:30:17','2015-09-22 11:30:17','513435','513400','甘洛县','',''),
	(5997,'2015-09-22 11:30:17','2015-09-22 11:30:17','513436','513400','美姑县','',''),
	(5998,'2015-09-22 11:30:17','2015-09-22 11:30:17','513437','513400','雷波县','',''),
	(5999,'2015-09-22 11:30:17','2015-09-22 11:30:17','520000','0','贵州省','',''),
	(6000,'2015-09-22 11:30:17','2015-09-22 11:30:17','520100','520000','贵阳市','',''),
	(6001,'2015-09-22 11:30:17','2015-09-22 11:30:17','520102','520100','南明区','',''),
	(6002,'2015-09-22 11:30:17','2015-09-22 11:30:17','520103','520100','云岩区','',''),
	(6003,'2015-09-22 11:30:17','2015-09-22 11:30:17','520111','520100','花溪区','',''),
	(6004,'2015-09-22 11:30:17','2015-09-22 11:30:17','520112','520100','乌当区','',''),
	(6005,'2015-09-22 11:30:17','2015-09-22 11:30:17','520113','520100','白云区','',''),
	(6006,'2015-09-22 11:30:17','2015-09-22 11:30:17','520115','520100','观山湖区','',''),
	(6007,'2015-09-22 11:30:17','2015-09-22 11:30:17','520121','520100','开阳县','',''),
	(6008,'2015-09-22 11:30:17','2015-09-22 11:30:17','520122','520100','息烽县','',''),
	(6009,'2015-09-22 11:30:17','2015-09-22 11:30:17','520123','520100','修文县','',''),
	(6010,'2015-09-22 11:30:17','2015-09-22 11:30:17','520181','520100','清镇市','',''),
	(6011,'2015-09-22 11:30:17','2015-09-22 11:30:17','520200','520000','六盘水市','',''),
	(6012,'2015-09-22 11:30:17','2015-09-22 11:30:17','520201','520200','钟山区','',''),
	(6013,'2015-09-22 11:30:17','2015-09-22 11:30:17','520203','520200','六枝特区','',''),
	(6014,'2015-09-22 11:30:17','2015-09-22 11:30:17','520221','520200','水城县','',''),
	(6015,'2015-09-22 11:30:17','2015-09-22 11:30:17','520222','520200','盘县','',''),
	(6016,'2015-09-22 11:30:17','2015-09-22 11:30:17','520300','520000','遵义市','',''),
	(6017,'2015-09-22 11:30:17','2015-09-22 11:30:17','520302','520300','红花岗区','',''),
	(6018,'2015-09-22 11:30:17','2015-09-22 11:30:17','520303','520300','汇川区','',''),
	(6019,'2015-09-22 11:30:17','2015-09-22 11:30:17','520321','520300','遵义县','',''),
	(6020,'2015-09-22 11:30:17','2015-09-22 11:30:17','520322','520300','桐梓县','',''),
	(6021,'2015-09-22 11:30:17','2015-09-22 11:30:17','520323','520300','绥阳县','',''),
	(6022,'2015-09-22 11:30:17','2015-09-22 11:30:17','520324','520300','正安县','',''),
	(6023,'2015-09-22 11:30:17','2015-09-22 11:30:17','520325','520300','道真仡佬族苗族自治县','',''),
	(6024,'2015-09-22 11:30:17','2015-09-22 11:30:17','520326','520300','务川仡佬族苗族自治县','',''),
	(6025,'2015-09-22 11:30:17','2015-09-22 11:30:17','520327','520300','凤冈县','',''),
	(6026,'2015-09-22 11:30:17','2015-09-22 11:30:17','520328','520300','湄潭县','',''),
	(6027,'2015-09-22 11:30:17','2015-09-22 11:30:17','520329','520300','余庆县','',''),
	(6028,'2015-09-22 11:30:17','2015-09-22 11:30:17','520330','520300','习水县','',''),
	(6029,'2015-09-22 11:30:17','2015-09-22 11:30:17','520381','520300','赤水市','',''),
	(6030,'2015-09-22 11:30:17','2015-09-22 11:30:17','520382','520300','仁怀市','',''),
	(6031,'2015-09-22 11:30:17','2015-09-22 11:30:17','520400','520000','安顺市','',''),
	(6032,'2015-09-22 11:30:17','2015-09-22 11:30:17','520402','520400','西秀区','',''),
	(6033,'2015-09-22 11:30:17','2015-09-22 11:30:17','520403','520400','平坝区','',''),
	(6034,'2015-09-22 11:30:17','2015-09-22 11:30:17','520422','520400','普定县','',''),
	(6035,'2015-09-22 11:30:17','2015-09-22 11:30:17','520423','520400','镇宁布依族苗族自治县','',''),
	(6036,'2015-09-22 11:30:17','2015-09-22 11:30:17','520424','520400','关岭布依族苗族自治县','',''),
	(6037,'2015-09-22 11:30:17','2015-09-22 11:30:17','520425','520400','紫云苗族布依族自治县','',''),
	(6038,'2015-09-22 11:30:17','2015-09-22 11:30:17','520500','520000','毕节市','',''),
	(6039,'2015-09-22 11:30:17','2015-09-22 11:30:17','520502','520500','七星关区','',''),
	(6040,'2015-09-22 11:30:17','2015-09-22 11:30:17','520521','520500','大方县','',''),
	(6041,'2015-09-22 11:30:17','2015-09-22 11:30:17','520522','520500','黔西县','',''),
	(6042,'2015-09-22 11:30:17','2015-09-22 11:30:17','520523','520500','金沙县','',''),
	(6043,'2015-09-22 11:30:17','2015-09-22 11:30:17','520524','520500','织金县','',''),
	(6044,'2015-09-22 11:30:17','2015-09-22 11:30:17','520525','520500','纳雍县','',''),
	(6045,'2015-09-22 11:30:17','2015-09-22 11:30:17','520526','520500','威宁彝族回族苗族自治县','',''),
	(6046,'2015-09-22 11:30:17','2015-09-22 11:30:17','520527','520500','赫章县','',''),
	(6047,'2015-09-22 11:30:17','2015-09-22 11:30:17','520600','520000','铜仁市','',''),
	(6048,'2015-09-22 11:30:17','2015-09-22 11:30:17','520602','520600','碧江区','',''),
	(6049,'2015-09-22 11:30:17','2015-09-22 11:30:17','520603','520600','万山区','',''),
	(6050,'2015-09-22 11:30:17','2015-09-22 11:30:17','520621','520600','江口县','',''),
	(6051,'2015-09-22 11:30:17','2015-09-22 11:30:17','520622','520600','玉屏侗族自治县','',''),
	(6052,'2015-09-22 11:30:17','2015-09-22 11:30:17','520623','520600','石阡县','',''),
	(6053,'2015-09-22 11:30:17','2015-09-22 11:30:17','520624','520600','思南县','',''),
	(6054,'2015-09-22 11:30:17','2015-09-22 11:30:17','520625','520600','印江土家族苗族自治县','',''),
	(6055,'2015-09-22 11:30:17','2015-09-22 11:30:17','520626','520600','德江县','',''),
	(6056,'2015-09-22 11:30:17','2015-09-22 11:30:17','520627','520600','沿河土家族自治县','',''),
	(6057,'2015-09-22 11:30:17','2015-09-22 11:30:17','520628','520600','松桃苗族自治县','',''),
	(6058,'2015-09-22 11:30:17','2015-09-22 11:30:17','522300','520000','黔西南布依族苗族自治州','',''),
	(6059,'2015-09-22 11:30:17','2015-09-22 11:30:17','522301','522300','兴义市','',''),
	(6060,'2015-09-22 11:30:17','2015-09-22 11:30:17','522322','522300','兴仁县','',''),
	(6061,'2015-09-22 11:30:17','2015-09-22 11:30:17','522323','522300','普安县','',''),
	(6062,'2015-09-22 11:30:17','2015-09-22 11:30:17','522324','522300','晴隆县','',''),
	(6063,'2015-09-22 11:30:17','2015-09-22 11:30:17','522325','522300','贞丰县','',''),
	(6064,'2015-09-22 11:30:17','2015-09-22 11:30:17','522326','522300','望谟县','',''),
	(6065,'2015-09-22 11:30:17','2015-09-22 11:30:17','522327','522300','册亨县','',''),
	(6066,'2015-09-22 11:30:17','2015-09-22 11:30:17','522328','522300','安龙县','',''),
	(6067,'2015-09-22 11:30:17','2015-09-22 11:30:17','522600','520000','黔东南苗族侗族自治州','',''),
	(6068,'2015-09-22 11:30:17','2015-09-22 11:30:17','522601','522600','凯里市','',''),
	(6069,'2015-09-22 11:30:17','2015-09-22 11:30:17','522622','522600','黄平县','',''),
	(6070,'2015-09-22 11:30:17','2015-09-22 11:30:17','522623','522600','施秉县','',''),
	(6071,'2015-09-22 11:30:17','2015-09-22 11:30:17','522624','522600','三穗县','',''),
	(6072,'2015-09-22 11:30:17','2015-09-22 11:30:17','522625','522600','镇远县','',''),
	(6073,'2015-09-22 11:30:17','2015-09-22 11:30:17','522626','522600','岑巩县','',''),
	(6074,'2015-09-22 11:30:17','2015-09-22 11:30:17','522627','522600','天柱县','',''),
	(6075,'2015-09-22 11:30:17','2015-09-22 11:30:17','522628','522600','锦屏县','',''),
	(6076,'2015-09-22 11:30:17','2015-09-22 11:30:17','522629','522600','剑河县','',''),
	(6077,'2015-09-22 11:30:17','2015-09-22 11:30:17','522630','522600','台江县','',''),
	(6078,'2015-09-22 11:30:17','2015-09-22 11:30:17','522631','522600','黎平县','',''),
	(6079,'2015-09-22 11:30:17','2015-09-22 11:30:17','522632','522600','榕江县','',''),
	(6080,'2015-09-22 11:30:17','2015-09-22 11:30:17','522633','522600','从江县','',''),
	(6081,'2015-09-22 11:30:17','2015-09-22 11:30:17','522634','522600','雷山县','',''),
	(6082,'2015-09-22 11:30:17','2015-09-22 11:30:17','522635','522600','麻江县','',''),
	(6083,'2015-09-22 11:30:17','2015-09-22 11:30:17','522636','522600','丹寨县','',''),
	(6084,'2015-09-22 11:30:17','2015-09-22 11:30:17','522700','520000','黔南布依族苗族自治州','',''),
	(6085,'2015-09-22 11:30:17','2015-09-22 11:30:17','522701','522700','都匀市','',''),
	(6086,'2015-09-22 11:30:17','2015-09-22 11:30:17','522702','522700','福泉市','',''),
	(6087,'2015-09-22 11:30:17','2015-09-22 11:30:17','522722','522700','荔波县','',''),
	(6088,'2015-09-22 11:30:17','2015-09-22 11:30:17','522723','522700','贵定县','',''),
	(6089,'2015-09-22 11:30:17','2015-09-22 11:30:17','522725','522700','瓮安县','',''),
	(6090,'2015-09-22 11:30:17','2015-09-22 11:30:17','522726','522700','独山县','',''),
	(6091,'2015-09-22 11:30:17','2015-09-22 11:30:17','522727','522700','平塘县','',''),
	(6092,'2015-09-22 11:30:17','2015-09-22 11:30:17','522728','522700','罗甸县','',''),
	(6093,'2015-09-22 11:30:17','2015-09-22 11:30:17','522729','522700','长顺县','',''),
	(6094,'2015-09-22 11:30:17','2015-09-22 11:30:17','522730','522700','龙里县','',''),
	(6095,'2015-09-22 11:30:17','2015-09-22 11:30:17','522731','522700','惠水县','',''),
	(6096,'2015-09-22 11:30:17','2015-09-22 11:30:17','522732','522700','三都水族自治县','',''),
	(6097,'2015-09-22 11:30:17','2015-09-22 11:30:17','530000','0','云南省','',''),
	(6098,'2015-09-22 11:30:17','2015-09-22 11:30:17','530100','530000','昆明市','',''),
	(6099,'2015-09-22 11:30:17','2015-09-22 11:30:17','530102','530100','五华区','',''),
	(6100,'2015-09-22 11:30:17','2015-09-22 11:30:17','530103','530100','盘龙区','',''),
	(6101,'2015-09-22 11:30:17','2015-09-22 11:30:17','530111','530100','官渡区','',''),
	(6102,'2015-09-22 11:30:17','2015-09-22 11:30:17','530112','530100','西山区','',''),
	(6103,'2015-09-22 11:30:17','2015-09-22 11:30:17','530113','530100','东川区','',''),
	(6104,'2015-09-22 11:30:17','2015-09-22 11:30:17','530114','530100','呈贡区','',''),
	(6105,'2015-09-22 11:30:17','2015-09-22 11:30:17','530122','530100','晋宁县','',''),
	(6106,'2015-09-22 11:30:17','2015-09-22 11:30:17','530124','530100','富民县','',''),
	(6107,'2015-09-22 11:30:17','2015-09-22 11:30:17','530125','530100','宜良县','',''),
	(6108,'2015-09-22 11:30:17','2015-09-22 11:30:17','530126','530100','石林彝族自治县','',''),
	(6109,'2015-09-22 11:30:17','2015-09-22 11:30:17','530127','530100','嵩明县','',''),
	(6110,'2015-09-22 11:30:17','2015-09-22 11:30:17','530128','530100','禄劝彝族苗族自治县','',''),
	(6111,'2015-09-22 11:30:17','2015-09-22 11:30:17','530129','530100','寻甸回族彝族自治县','',''),
	(6112,'2015-09-22 11:30:17','2015-09-22 11:30:17','530181','530100','安宁市','',''),
	(6113,'2015-09-22 11:30:17','2015-09-22 11:30:17','530300','530000','曲靖市','',''),
	(6114,'2015-09-22 11:30:17','2015-09-22 11:30:17','530302','530300','麒麟区','',''),
	(6115,'2015-09-22 11:30:17','2015-09-22 11:30:17','530321','530300','马龙县','',''),
	(6116,'2015-09-22 11:30:17','2015-09-22 11:30:17','530322','530300','陆良县','',''),
	(6117,'2015-09-22 11:30:17','2015-09-22 11:30:17','530323','530300','师宗县','',''),
	(6118,'2015-09-22 11:30:17','2015-09-22 11:30:17','530324','530300','罗平县','',''),
	(6119,'2015-09-22 11:30:17','2015-09-22 11:30:17','530325','530300','富源县','',''),
	(6120,'2015-09-22 11:30:17','2015-09-22 11:30:17','530326','530300','会泽县','',''),
	(6121,'2015-09-22 11:30:17','2015-09-22 11:30:17','530328','530300','沾益县','',''),
	(6122,'2015-09-22 11:30:17','2015-09-22 11:30:17','530381','530300','宣威市','',''),
	(6123,'2015-09-22 11:30:17','2015-09-22 11:30:17','530400','530000','玉溪市','',''),
	(6124,'2015-09-22 11:30:17','2015-09-22 11:30:17','530402','530400','红塔区','',''),
	(6125,'2015-09-22 11:30:17','2015-09-22 11:30:17','530421','530400','江川县','',''),
	(6126,'2015-09-22 11:30:17','2015-09-22 11:30:17','530422','530400','澄江县','',''),
	(6127,'2015-09-22 11:30:17','2015-09-22 11:30:17','530423','530400','通海县','',''),
	(6128,'2015-09-22 11:30:17','2015-09-22 11:30:17','530424','530400','华宁县','',''),
	(6129,'2015-09-22 11:30:17','2015-09-22 11:30:17','530425','530400','易门县','',''),
	(6130,'2015-09-22 11:30:17','2015-09-22 11:30:17','530426','530400','峨山彝族自治县','',''),
	(6131,'2015-09-22 11:30:17','2015-09-22 11:30:17','530427','530400','新平彝族傣族自治县','',''),
	(6132,'2015-09-22 11:30:17','2015-09-22 11:30:17','530428','530400','元江哈尼族彝族傣族自治县','',''),
	(6133,'2015-09-22 11:30:17','2015-09-22 11:30:17','530500','530000','保山市','',''),
	(6134,'2015-09-22 11:30:17','2015-09-22 11:30:17','530502','530500','隆阳区','',''),
	(6135,'2015-09-22 11:30:17','2015-09-22 11:30:17','530521','530500','施甸县','',''),
	(6136,'2015-09-22 11:30:17','2015-09-22 11:30:17','530522','530500','腾冲县','',''),
	(6137,'2015-09-22 11:30:17','2015-09-22 11:30:17','530523','530500','龙陵县','',''),
	(6138,'2015-09-22 11:30:17','2015-09-22 11:30:17','530524','530500','昌宁县','',''),
	(6139,'2015-09-22 11:30:17','2015-09-22 11:30:17','530600','530000','昭通市','',''),
	(6140,'2015-09-22 11:30:17','2015-09-22 11:30:17','530602','530600','昭阳区','',''),
	(6141,'2015-09-22 11:30:17','2015-09-22 11:30:17','530621','530600','鲁甸县','',''),
	(6142,'2015-09-22 11:30:17','2015-09-22 11:30:17','530622','530600','巧家县','',''),
	(6143,'2015-09-22 11:30:17','2015-09-22 11:30:17','530623','530600','盐津县','',''),
	(6144,'2015-09-22 11:30:17','2015-09-22 11:30:17','530624','530600','大关县','',''),
	(6145,'2015-09-22 11:30:17','2015-09-22 11:30:17','530625','530600','永善县','',''),
	(6146,'2015-09-22 11:30:17','2015-09-22 11:30:17','530626','530600','绥江县','',''),
	(6147,'2015-09-22 11:30:17','2015-09-22 11:30:17','530627','530600','镇雄县','',''),
	(6148,'2015-09-22 11:30:17','2015-09-22 11:30:17','530628','530600','彝良县','',''),
	(6149,'2015-09-22 11:30:17','2015-09-22 11:30:17','530629','530600','威信县','',''),
	(6150,'2015-09-22 11:30:17','2015-09-22 11:30:17','530630','530600','水富县','',''),
	(6151,'2015-09-22 11:30:17','2015-09-22 11:30:17','530700','530000','丽江市','',''),
	(6152,'2015-09-22 11:30:17','2015-09-22 11:30:17','530702','530700','古城区','',''),
	(6153,'2015-09-22 11:30:17','2015-09-22 11:30:17','530721','530700','玉龙纳西族自治县','',''),
	(6154,'2015-09-22 11:30:17','2015-09-22 11:30:17','530722','530700','永胜县','',''),
	(6155,'2015-09-22 11:30:17','2015-09-22 11:30:17','530723','530700','华坪县','',''),
	(6156,'2015-09-22 11:30:17','2015-09-22 11:30:17','530724','530700','宁蒗彝族自治县','',''),
	(6157,'2015-09-22 11:30:17','2015-09-22 11:30:17','530800','530000','普洱市','',''),
	(6158,'2015-09-22 11:30:17','2015-09-22 11:30:17','530802','530800','思茅区','',''),
	(6159,'2015-09-22 11:30:17','2015-09-22 11:30:17','530821','530800','宁洱哈尼族彝族自治县','',''),
	(6160,'2015-09-22 11:30:17','2015-09-22 11:30:17','530822','530800','墨江哈尼族自治县','',''),
	(6161,'2015-09-22 11:30:17','2015-09-22 11:30:17','530823','530800','景东彝族自治县','',''),
	(6162,'2015-09-22 11:30:17','2015-09-22 11:30:17','530824','530800','景谷傣族彝族自治县','',''),
	(6163,'2015-09-22 11:30:17','2015-09-22 11:30:17','530825','530800','镇沅彝族哈尼族拉祜族自治县','',''),
	(6164,'2015-09-22 11:30:17','2015-09-22 11:30:17','530826','530800','江城哈尼族彝族自治县','',''),
	(6165,'2015-09-22 11:30:17','2015-09-22 11:30:17','530827','530800','孟连傣族拉祜族佤族自治县','',''),
	(6166,'2015-09-22 11:30:17','2015-09-22 11:30:17','530828','530800','澜沧拉祜族自治县','',''),
	(6167,'2015-09-22 11:30:17','2015-09-22 11:30:17','530829','530800','西盟佤族自治县','',''),
	(6168,'2015-09-22 11:30:17','2015-09-22 11:30:17','530900','530000','临沧市','',''),
	(6169,'2015-09-22 11:30:17','2015-09-22 11:30:17','530902','530900','临翔区','',''),
	(6170,'2015-09-22 11:30:17','2015-09-22 11:30:17','530921','530900','凤庆县','',''),
	(6171,'2015-09-22 11:30:17','2015-09-22 11:30:17','530922','530900','云县','',''),
	(6172,'2015-09-22 11:30:17','2015-09-22 11:30:17','530923','530900','永德县','',''),
	(6173,'2015-09-22 11:30:17','2015-09-22 11:30:17','530924','530900','镇康县','',''),
	(6174,'2015-09-22 11:30:17','2015-09-22 11:30:17','530925','530900','双江拉祜族佤族布朗族傣族自治县','',''),
	(6175,'2015-09-22 11:30:17','2015-09-22 11:30:17','530926','530900','耿马傣族佤族自治县','',''),
	(6176,'2015-09-22 11:30:17','2015-09-22 11:30:17','530927','530900','沧源佤族自治县','',''),
	(6177,'2015-09-22 11:30:17','2015-09-22 11:30:17','532300','530000','楚雄彝族自治州','',''),
	(6178,'2015-09-22 11:30:17','2015-09-22 11:30:17','532301','532300','楚雄市','',''),
	(6179,'2015-09-22 11:30:17','2015-09-22 11:30:17','532322','532300','双柏县','',''),
	(6180,'2015-09-22 11:30:17','2015-09-22 11:30:17','532323','532300','牟定县','',''),
	(6181,'2015-09-22 11:30:17','2015-09-22 11:30:17','532324','532300','南华县','',''),
	(6182,'2015-09-22 11:30:17','2015-09-22 11:30:17','532325','532300','姚安县','',''),
	(6183,'2015-09-22 11:30:17','2015-09-22 11:30:17','532326','532300','大姚县','',''),
	(6184,'2015-09-22 11:30:17','2015-09-22 11:30:17','532327','532300','永仁县','',''),
	(6185,'2015-09-22 11:30:17','2015-09-22 11:30:17','532328','532300','元谋县','',''),
	(6186,'2015-09-22 11:30:17','2015-09-22 11:30:17','532329','532300','武定县','',''),
	(6187,'2015-09-22 11:30:17','2015-09-22 11:30:17','532331','532300','禄丰县','',''),
	(6188,'2015-09-22 11:30:17','2015-09-22 11:30:17','532500','530000','红河哈尼族彝族自治州','',''),
	(6189,'2015-09-22 11:30:17','2015-09-22 11:30:17','532501','532500','个旧市','',''),
	(6190,'2015-09-22 11:30:17','2015-09-22 11:30:17','532502','532500','开远市','',''),
	(6191,'2015-09-22 11:30:17','2015-09-22 11:30:17','532503','532500','蒙自市','',''),
	(6192,'2015-09-22 11:30:17','2015-09-22 11:30:17','532504','532500','弥勒市','',''),
	(6193,'2015-09-22 11:30:17','2015-09-22 11:30:17','532523','532500','屏边苗族自治县','',''),
	(6194,'2015-09-22 11:30:17','2015-09-22 11:30:17','532524','532500','建水县','',''),
	(6195,'2015-09-22 11:30:17','2015-09-22 11:30:17','532525','532500','石屏县','',''),
	(6196,'2015-09-22 11:30:17','2015-09-22 11:30:17','532527','532500','泸西县','',''),
	(6197,'2015-09-22 11:30:17','2015-09-22 11:30:17','532528','532500','元阳县','',''),
	(6198,'2015-09-22 11:30:17','2015-09-22 11:30:17','532529','532500','红河县','',''),
	(6199,'2015-09-22 11:30:17','2015-09-22 11:30:17','532530','532500','金平苗族瑶族傣族自治县','',''),
	(6200,'2015-09-22 11:30:17','2015-09-22 11:30:17','532531','532500','绿春县','',''),
	(6201,'2015-09-22 11:30:17','2015-09-22 11:30:17','532532','532500','河口瑶族自治县','',''),
	(6202,'2015-09-22 11:30:17','2015-09-22 11:30:17','532600','530000','文山壮族苗族自治州','',''),
	(6203,'2015-09-22 11:30:17','2015-09-22 11:30:17','532601','532600','文山市','',''),
	(6204,'2015-09-22 11:30:17','2015-09-22 11:30:17','532622','532600','砚山县','',''),
	(6205,'2015-09-22 11:30:17','2015-09-22 11:30:17','532623','532600','西畴县','',''),
	(6206,'2015-09-22 11:30:17','2015-09-22 11:30:17','532624','532600','麻栗坡县','',''),
	(6207,'2015-09-22 11:30:17','2015-09-22 11:30:17','532625','532600','马关县','',''),
	(6208,'2015-09-22 11:30:17','2015-09-22 11:30:17','532626','532600','丘北县','',''),
	(6209,'2015-09-22 11:30:17','2015-09-22 11:30:17','532627','532600','广南县','',''),
	(6210,'2015-09-22 11:30:17','2015-09-22 11:30:17','532628','532600','富宁县','',''),
	(6211,'2015-09-22 11:30:17','2015-09-22 11:30:17','532800','530000','西双版纳傣族自治州','',''),
	(6212,'2015-09-22 11:30:17','2015-09-22 11:30:17','532801','532800','景洪市','',''),
	(6213,'2015-09-22 11:30:17','2015-09-22 11:30:17','532822','532800','勐海县','',''),
	(6214,'2015-09-22 11:30:17','2015-09-22 11:30:17','532823','532800','勐腊县','',''),
	(6215,'2015-09-22 11:30:17','2015-09-22 11:30:17','532900','530000','大理白族自治州','',''),
	(6216,'2015-09-22 11:30:17','2015-09-22 11:30:17','532901','532900','大理市','',''),
	(6217,'2015-09-22 11:30:17','2015-09-22 11:30:17','532922','532900','漾濞彝族自治县','',''),
	(6218,'2015-09-22 11:30:17','2015-09-22 11:30:17','532923','532900','祥云县','',''),
	(6219,'2015-09-22 11:30:17','2015-09-22 11:30:17','532924','532900','宾川县','',''),
	(6220,'2015-09-22 11:30:17','2015-09-22 11:30:17','532925','532900','弥渡县','',''),
	(6221,'2015-09-22 11:30:17','2015-09-22 11:30:17','532926','532900','南涧彝族自治县','',''),
	(6222,'2015-09-22 11:30:17','2015-09-22 11:30:17','532927','532900','巍山彝族回族自治县','',''),
	(6223,'2015-09-22 11:30:17','2015-09-22 11:30:17','532928','532900','永平县','',''),
	(6224,'2015-09-22 11:30:17','2015-09-22 11:30:17','532929','532900','云龙县','',''),
	(6225,'2015-09-22 11:30:17','2015-09-22 11:30:17','532930','532900','洱源县','',''),
	(6226,'2015-09-22 11:30:17','2015-09-22 11:30:17','532931','532900','剑川县','',''),
	(6227,'2015-09-22 11:30:17','2015-09-22 11:30:17','532932','532900','鹤庆县','',''),
	(6228,'2015-09-22 11:30:17','2015-09-22 11:30:17','533100','530000','德宏傣族景颇族自治州','',''),
	(6229,'2015-09-22 11:30:17','2015-09-22 11:30:17','533102','533100','瑞丽市','',''),
	(6230,'2015-09-22 11:30:17','2015-09-22 11:30:17','533103','533100','芒市','',''),
	(6231,'2015-09-22 11:30:17','2015-09-22 11:30:17','533122','533100','梁河县','',''),
	(6232,'2015-09-22 11:30:17','2015-09-22 11:30:17','533123','533100','盈江县','',''),
	(6233,'2015-09-22 11:30:17','2015-09-22 11:30:17','533124','533100','陇川县','',''),
	(6234,'2015-09-22 11:30:17','2015-09-22 11:30:17','533300','530000','怒江傈僳族自治州','',''),
	(6235,'2015-09-22 11:30:17','2015-09-22 11:30:17','533321','533300','泸水县','',''),
	(6236,'2015-09-22 11:30:17','2015-09-22 11:30:17','533323','533300','福贡县','',''),
	(6237,'2015-09-22 11:30:17','2015-09-22 11:30:17','533324','533300','贡山独龙族怒族自治县','',''),
	(6238,'2015-09-22 11:30:17','2015-09-22 11:30:17','533325','533300','兰坪白族普米族自治县','',''),
	(6239,'2015-09-22 11:30:17','2015-09-22 11:30:17','533400','530000','迪庆藏族自治州','',''),
	(6240,'2015-09-22 11:30:17','2015-09-22 11:30:17','533401','533400','香格里拉市','',''),
	(6241,'2015-09-22 11:30:17','2015-09-22 11:30:17','533422','533400','德钦县','',''),
	(6242,'2015-09-22 11:30:17','2015-09-22 11:30:17','533423','533400','维西傈僳族自治县','',''),
	(6243,'2015-09-22 11:30:17','2015-09-22 11:30:17','540000','0','西藏自治区','',''),
	(6244,'2015-09-22 11:30:17','2015-09-22 11:30:17','540100','540000','拉萨市','',''),
	(6245,'2015-09-22 11:30:17','2015-09-22 11:30:17','540102','540100','城关区','',''),
	(6246,'2015-09-22 11:30:17','2015-09-22 11:30:17','540121','540100','林周县','',''),
	(6247,'2015-09-22 11:30:17','2015-09-22 11:30:17','540122','540100','当雄县','',''),
	(6248,'2015-09-22 11:30:17','2015-09-22 11:30:17','540123','540100','尼木县','',''),
	(6249,'2015-09-22 11:30:17','2015-09-22 11:30:17','540124','540100','曲水县','',''),
	(6250,'2015-09-22 11:30:17','2015-09-22 11:30:17','540125','540100','堆龙德庆县','',''),
	(6251,'2015-09-22 11:30:17','2015-09-22 11:30:17','540126','540100','达孜县','',''),
	(6252,'2015-09-22 11:30:17','2015-09-22 11:30:17','540127','540100','墨竹工卡县','',''),
	(6253,'2015-09-22 11:30:17','2015-09-22 11:30:17','540200','540000','日喀则市','',''),
	(6254,'2015-09-22 11:30:17','2015-09-22 11:30:17','540202','540200','桑珠孜区','',''),
	(6255,'2015-09-22 11:30:17','2015-09-22 11:30:17','540221','540200','南木林县','',''),
	(6256,'2015-09-22 11:30:17','2015-09-22 11:30:17','540222','540200','江孜县','',''),
	(6257,'2015-09-22 11:30:17','2015-09-22 11:30:17','540223','540200','定日县','',''),
	(6258,'2015-09-22 11:30:17','2015-09-22 11:30:17','540224','540200','萨迦县','',''),
	(6259,'2015-09-22 11:30:17','2015-09-22 11:30:17','540225','540200','拉孜县','',''),
	(6260,'2015-09-22 11:30:17','2015-09-22 11:30:17','540226','540200','昂仁县','',''),
	(6261,'2015-09-22 11:30:17','2015-09-22 11:30:17','540227','540200','谢通门县','',''),
	(6262,'2015-09-22 11:30:17','2015-09-22 11:30:17','540228','540200','白朗县','',''),
	(6263,'2015-09-22 11:30:17','2015-09-22 11:30:17','540229','540200','仁布县','',''),
	(6264,'2015-09-22 11:30:17','2015-09-22 11:30:17','540230','540200','康马县','',''),
	(6265,'2015-09-22 11:30:17','2015-09-22 11:30:17','540231','540200','定结县','',''),
	(6266,'2015-09-22 11:30:17','2015-09-22 11:30:17','540232','540200','仲巴县','',''),
	(6267,'2015-09-22 11:30:17','2015-09-22 11:30:17','540233','540200','亚东县','',''),
	(6268,'2015-09-22 11:30:17','2015-09-22 11:30:17','540234','540200','吉隆县','',''),
	(6269,'2015-09-22 11:30:17','2015-09-22 11:30:17','540235','540200','聂拉木县','',''),
	(6270,'2015-09-22 11:30:17','2015-09-22 11:30:17','540236','540200','萨嘎县','',''),
	(6271,'2015-09-22 11:30:17','2015-09-22 11:30:17','540237','540200','岗巴县','',''),
	(6272,'2015-09-22 11:30:17','2015-09-22 11:30:17','540300','540000','昌都市','',''),
	(6273,'2015-09-22 11:30:17','2015-09-22 11:30:17','540302','540300','卡若区','',''),
	(6274,'2015-09-22 11:30:17','2015-09-22 11:30:17','540321','540300','江达县','',''),
	(6275,'2015-09-22 11:30:17','2015-09-22 11:30:17','540322','540300','贡觉县','',''),
	(6276,'2015-09-22 11:30:17','2015-09-22 11:30:17','540323','540300','类乌齐县','',''),
	(6277,'2015-09-22 11:30:17','2015-09-22 11:30:17','540324','540300','丁青县','',''),
	(6278,'2015-09-22 11:30:17','2015-09-22 11:30:17','540325','540300','察雅县','',''),
	(6279,'2015-09-22 11:30:17','2015-09-22 11:30:17','540326','540300','八宿县','',''),
	(6280,'2015-09-22 11:30:17','2015-09-22 11:30:17','540327','540300','左贡县','',''),
	(6281,'2015-09-22 11:30:17','2015-09-22 11:30:17','540328','540300','芒康县','',''),
	(6282,'2015-09-22 11:30:17','2015-09-22 11:30:17','540329','540300','洛隆县','',''),
	(6283,'2015-09-22 11:30:17','2015-09-22 11:30:17','540330','540300','边坝县','',''),
	(6284,'2015-09-22 11:30:17','2015-09-22 11:30:17','540400','540000','林芝市','',''),
	(6285,'2015-09-22 11:30:17','2015-09-22 11:30:17','540402','540400','巴宜区','',''),
	(6286,'2015-09-22 11:30:17','2015-09-22 11:30:17','540421','540400','工布江达县','',''),
	(6287,'2015-09-22 11:30:17','2015-09-22 11:30:17','540422','540400','米林县','',''),
	(6288,'2015-09-22 11:30:17','2015-09-22 11:30:17','540423','540400','墨脱县','',''),
	(6289,'2015-09-22 11:30:17','2015-09-22 11:30:17','540424','540400','波密县','',''),
	(6290,'2015-09-22 11:30:17','2015-09-22 11:30:17','540425','540400','察隅县','',''),
	(6291,'2015-09-22 11:30:17','2015-09-22 11:30:17','540426','540400','朗县','',''),
	(6292,'2015-09-22 11:30:17','2015-09-22 11:30:17','542200','540000','山南地区','',''),
	(6293,'2015-09-22 11:30:17','2015-09-22 11:30:17','542221','542200','乃东县','',''),
	(6294,'2015-09-22 11:30:17','2015-09-22 11:30:17','542222','542200','扎囊县','',''),
	(6295,'2015-09-22 11:30:17','2015-09-22 11:30:17','542223','542200','贡嘎县','',''),
	(6296,'2015-09-22 11:30:17','2015-09-22 11:30:17','542224','542200','桑日县','',''),
	(6297,'2015-09-22 11:30:17','2015-09-22 11:30:17','542225','542200','琼结县','',''),
	(6298,'2015-09-22 11:30:17','2015-09-22 11:30:17','542226','542200','曲松县','',''),
	(6299,'2015-09-22 11:30:17','2015-09-22 11:30:17','542227','542200','措美县','',''),
	(6300,'2015-09-22 11:30:17','2015-09-22 11:30:17','542228','542200','洛扎县','',''),
	(6301,'2015-09-22 11:30:17','2015-09-22 11:30:17','542229','542200','加查县','',''),
	(6302,'2015-09-22 11:30:17','2015-09-22 11:30:17','542231','542200','隆子县','',''),
	(6303,'2015-09-22 11:30:17','2015-09-22 11:30:17','542232','542200','错那县','',''),
	(6304,'2015-09-22 11:30:17','2015-09-22 11:30:17','542233','542200','浪卡子县','',''),
	(6305,'2015-09-22 11:30:17','2015-09-22 11:30:17','542400','540000','那曲地区','',''),
	(6306,'2015-09-22 11:30:17','2015-09-22 11:30:17','542421','542400','那曲县','',''),
	(6307,'2015-09-22 11:30:17','2015-09-22 11:30:17','542422','542400','嘉黎县','',''),
	(6308,'2015-09-22 11:30:17','2015-09-22 11:30:17','542423','542400','比如县','',''),
	(6309,'2015-09-22 11:30:17','2015-09-22 11:30:17','542424','542400','聂荣县','',''),
	(6310,'2015-09-22 11:30:17','2015-09-22 11:30:17','542425','542400','安多县','',''),
	(6311,'2015-09-22 11:30:17','2015-09-22 11:30:17','542426','542400','申扎县','',''),
	(6312,'2015-09-22 11:30:17','2015-09-22 11:30:17','542427','542400','索县','',''),
	(6313,'2015-09-22 11:30:17','2015-09-22 11:30:17','542428','542400','班戈县','',''),
	(6314,'2015-09-22 11:30:17','2015-09-22 11:30:17','542429','542400','巴青县','',''),
	(6315,'2015-09-22 11:30:17','2015-09-22 11:30:17','542430','542400','尼玛县','',''),
	(6316,'2015-09-22 11:30:17','2015-09-22 11:30:17','542431','542400','双湖县','',''),
	(6317,'2015-09-22 11:30:17','2015-09-22 11:30:17','542500','540000','阿里地区','',''),
	(6318,'2015-09-22 11:30:17','2015-09-22 11:30:17','542521','542500','普兰县','',''),
	(6319,'2015-09-22 11:30:17','2015-09-22 11:30:17','542522','542500','札达县','',''),
	(6320,'2015-09-22 11:30:17','2015-09-22 11:30:17','542523','542500','噶尔县','',''),
	(6321,'2015-09-22 11:30:17','2015-09-22 11:30:17','542524','542500','日土县','',''),
	(6322,'2015-09-22 11:30:17','2015-09-22 11:30:17','542525','542500','革吉县','',''),
	(6323,'2015-09-22 11:30:17','2015-09-22 11:30:17','542526','542500','改则县','',''),
	(6324,'2015-09-22 11:30:17','2015-09-22 11:30:17','542527','542500','措勤县','',''),
	(6325,'2015-09-22 11:30:17','2015-09-22 11:30:17','610000','0','陕西省','',''),
	(6326,'2015-09-22 11:30:17','2015-09-22 11:30:17','610100','610000','西安市','',''),
	(6327,'2015-09-22 11:30:17','2015-09-22 11:30:17','610102','610100','新城区','',''),
	(6328,'2015-09-22 11:30:17','2015-09-22 11:30:17','610103','610100','碑林区','',''),
	(6329,'2015-09-22 11:30:17','2015-09-22 11:30:17','610104','610100','莲湖区','',''),
	(6330,'2015-09-22 11:30:17','2015-09-22 11:30:17','610111','610100','灞桥区','',''),
	(6331,'2015-09-22 11:30:17','2015-09-22 11:30:17','610112','610100','未央区','',''),
	(6332,'2015-09-22 11:30:17','2015-09-22 11:30:17','610113','610100','雁塔区','',''),
	(6333,'2015-09-22 11:30:17','2015-09-22 11:30:17','610114','610100','阎良区','',''),
	(6334,'2015-09-22 11:30:17','2015-09-22 11:30:17','610115','610100','临潼区','',''),
	(6335,'2015-09-22 11:30:17','2015-09-22 11:30:17','610116','610100','长安区','',''),
	(6336,'2015-09-22 11:30:17','2015-09-22 11:30:17','610117','610100','高陵区','',''),
	(6337,'2015-09-22 11:30:17','2015-09-22 11:30:17','610122','610100','蓝田县','',''),
	(6338,'2015-09-22 11:30:17','2015-09-22 11:30:17','610124','610100','周至县','',''),
	(6339,'2015-09-22 11:30:17','2015-09-22 11:30:17','610125','610100','户县','',''),
	(6340,'2015-09-22 11:30:17','2015-09-22 11:30:17','610200','610000','铜川市','',''),
	(6341,'2015-09-22 11:30:17','2015-09-22 11:30:17','610202','610200','王益区','',''),
	(6342,'2015-09-22 11:30:17','2015-09-22 11:30:17','610203','610200','印台区','',''),
	(6343,'2015-09-22 11:30:17','2015-09-22 11:30:17','610204','610200','耀州区','',''),
	(6344,'2015-09-22 11:30:17','2015-09-22 11:30:17','610222','610200','宜君县','',''),
	(6345,'2015-09-22 11:30:17','2015-09-22 11:30:17','610300','610000','宝鸡市','',''),
	(6346,'2015-09-22 11:30:17','2015-09-22 11:30:17','610302','610300','渭滨区','',''),
	(6347,'2015-09-22 11:30:17','2015-09-22 11:30:17','610303','610300','金台区','',''),
	(6348,'2015-09-22 11:30:17','2015-09-22 11:30:17','610304','610300','陈仓区','',''),
	(6349,'2015-09-22 11:30:17','2015-09-22 11:30:17','610322','610300','凤翔县','',''),
	(6350,'2015-09-22 11:30:17','2015-09-22 11:30:17','610323','610300','岐山县','',''),
	(6351,'2015-09-22 11:30:17','2015-09-22 11:30:17','610324','610300','扶风县','',''),
	(6352,'2015-09-22 11:30:17','2015-09-22 11:30:17','610326','610300','眉县','',''),
	(6353,'2015-09-22 11:30:17','2015-09-22 11:30:17','610327','610300','陇县','',''),
	(6354,'2015-09-22 11:30:17','2015-09-22 11:30:17','610328','610300','千阳县','',''),
	(6355,'2015-09-22 11:30:17','2015-09-22 11:30:17','610329','610300','麟游县','',''),
	(6356,'2015-09-22 11:30:17','2015-09-22 11:30:17','610330','610300','凤县','',''),
	(6357,'2015-09-22 11:30:17','2015-09-22 11:30:17','610331','610300','太白县','',''),
	(6358,'2015-09-22 11:30:17','2015-09-22 11:30:17','610400','610000','咸阳市','',''),
	(6359,'2015-09-22 11:30:17','2015-09-22 11:30:17','610402','610400','秦都区','',''),
	(6360,'2015-09-22 11:30:17','2015-09-22 11:30:17','610403','610400','杨陵区','',''),
	(6361,'2015-09-22 11:30:17','2015-09-22 11:30:17','610404','610400','渭城区','',''),
	(6362,'2015-09-22 11:30:17','2015-09-22 11:30:17','610422','610400','三原县','',''),
	(6363,'2015-09-22 11:30:17','2015-09-22 11:30:17','610423','610400','泾阳县','',''),
	(6364,'2015-09-22 11:30:17','2015-09-22 11:30:17','610424','610400','乾县','',''),
	(6365,'2015-09-22 11:30:17','2015-09-22 11:30:17','610425','610400','礼泉县','',''),
	(6366,'2015-09-22 11:30:17','2015-09-22 11:30:17','610426','610400','永寿县','',''),
	(6367,'2015-09-22 11:30:17','2015-09-22 11:30:17','610427','610400','彬县','',''),
	(6368,'2015-09-22 11:30:17','2015-09-22 11:30:17','610428','610400','长武县','',''),
	(6369,'2015-09-22 11:30:17','2015-09-22 11:30:17','610429','610400','旬邑县','',''),
	(6370,'2015-09-22 11:30:17','2015-09-22 11:30:17','610430','610400','淳化县','',''),
	(6371,'2015-09-22 11:30:17','2015-09-22 11:30:17','610431','610400','武功县','',''),
	(6372,'2015-09-22 11:30:17','2015-09-22 11:30:17','610481','610400','兴平市','',''),
	(6373,'2015-09-22 11:30:17','2015-09-22 11:30:17','610500','610000','渭南市','',''),
	(6374,'2015-09-22 11:30:17','2015-09-22 11:30:17','610502','610500','临渭区','',''),
	(6375,'2015-09-22 11:30:17','2015-09-22 11:30:17','610521','610500','华县','',''),
	(6376,'2015-09-22 11:30:17','2015-09-22 11:30:17','610522','610500','潼关县','',''),
	(6377,'2015-09-22 11:30:17','2015-09-22 11:30:17','610523','610500','大荔县','',''),
	(6378,'2015-09-22 11:30:17','2015-09-22 11:30:17','610524','610500','合阳县','',''),
	(6379,'2015-09-22 11:30:17','2015-09-22 11:30:17','610525','610500','澄城县','',''),
	(6380,'2015-09-22 11:30:17','2015-09-22 11:30:17','610526','610500','蒲城县','',''),
	(6381,'2015-09-22 11:30:17','2015-09-22 11:30:17','610527','610500','白水县','',''),
	(6382,'2015-09-22 11:30:17','2015-09-22 11:30:17','610528','610500','富平县','',''),
	(6383,'2015-09-22 11:30:17','2015-09-22 11:30:17','610581','610500','韩城市','',''),
	(6384,'2015-09-22 11:30:17','2015-09-22 11:30:17','610582','610500','华阴市','',''),
	(6385,'2015-09-22 11:30:17','2015-09-22 11:30:17','610600','610000','延安市','',''),
	(6386,'2015-09-22 11:30:17','2015-09-22 11:30:17','610602','610600','宝塔区','',''),
	(6387,'2015-09-22 11:30:17','2015-09-22 11:30:17','610621','610600','延长县','',''),
	(6388,'2015-09-22 11:30:17','2015-09-22 11:30:17','610622','610600','延川县','',''),
	(6389,'2015-09-22 11:30:17','2015-09-22 11:30:17','610623','610600','子长县','',''),
	(6390,'2015-09-22 11:30:17','2015-09-22 11:30:17','610624','610600','安塞县','',''),
	(6391,'2015-09-22 11:30:17','2015-09-22 11:30:17','610625','610600','志丹县','',''),
	(6392,'2015-09-22 11:30:17','2015-09-22 11:30:17','610626','610600','吴起县','',''),
	(6393,'2015-09-22 11:30:17','2015-09-22 11:30:17','610627','610600','甘泉县','',''),
	(6394,'2015-09-22 11:30:17','2015-09-22 11:30:17','610628','610600','富县','',''),
	(6395,'2015-09-22 11:30:17','2015-09-22 11:30:17','610629','610600','洛川县','',''),
	(6396,'2015-09-22 11:30:17','2015-09-22 11:30:17','610630','610600','宜川县','',''),
	(6397,'2015-09-22 11:30:17','2015-09-22 11:30:17','610631','610600','黄龙县','',''),
	(6398,'2015-09-22 11:30:17','2015-09-22 11:30:17','610632','610600','黄陵县','',''),
	(6399,'2015-09-22 11:30:17','2015-09-22 11:30:17','610700','610000','汉中市','',''),
	(6400,'2015-09-22 11:30:17','2015-09-22 11:30:17','610702','610700','汉台区','',''),
	(6401,'2015-09-22 11:30:17','2015-09-22 11:30:17','610721','610700','南郑县','',''),
	(6402,'2015-09-22 11:30:17','2015-09-22 11:30:17','610722','610700','城固县','',''),
	(6403,'2015-09-22 11:30:17','2015-09-22 11:30:17','610723','610700','洋县','',''),
	(6404,'2015-09-22 11:30:17','2015-09-22 11:30:17','610724','610700','西乡县','',''),
	(6405,'2015-09-22 11:30:17','2015-09-22 11:30:17','610725','610700','勉县','',''),
	(6406,'2015-09-22 11:30:17','2015-09-22 11:30:17','610726','610700','宁强县','',''),
	(6407,'2015-09-22 11:30:17','2015-09-22 11:30:17','610727','610700','略阳县','',''),
	(6408,'2015-09-22 11:30:17','2015-09-22 11:30:17','610728','610700','镇巴县','',''),
	(6409,'2015-09-22 11:30:17','2015-09-22 11:30:17','610729','610700','留坝县','',''),
	(6410,'2015-09-22 11:30:17','2015-09-22 11:30:17','610730','610700','佛坪县','',''),
	(6411,'2015-09-22 11:30:17','2015-09-22 11:30:17','610800','610000','榆林市','',''),
	(6412,'2015-09-22 11:30:17','2015-09-22 11:30:17','610802','610800','榆阳区','',''),
	(6413,'2015-09-22 11:30:17','2015-09-22 11:30:17','610821','610800','神木县','',''),
	(6414,'2015-09-22 11:30:17','2015-09-22 11:30:17','610822','610800','府谷县','',''),
	(6415,'2015-09-22 11:30:17','2015-09-22 11:30:17','610823','610800','横山县','',''),
	(6416,'2015-09-22 11:30:17','2015-09-22 11:30:17','610824','610800','靖边县','',''),
	(6417,'2015-09-22 11:30:17','2015-09-22 11:30:17','610825','610800','定边县','',''),
	(6418,'2015-09-22 11:30:17','2015-09-22 11:30:17','610826','610800','绥德县','',''),
	(6419,'2015-09-22 11:30:17','2015-09-22 11:30:17','610827','610800','米脂县','',''),
	(6420,'2015-09-22 11:30:17','2015-09-22 11:30:17','610828','610800','佳县','',''),
	(6421,'2015-09-22 11:30:17','2015-09-22 11:30:17','610829','610800','吴堡县','',''),
	(6422,'2015-09-22 11:30:17','2015-09-22 11:30:17','610830','610800','清涧县','',''),
	(6423,'2015-09-22 11:30:17','2015-09-22 11:30:17','610831','610800','子洲县','',''),
	(6424,'2015-09-22 11:30:17','2015-09-22 11:30:17','610900','610000','安康市','',''),
	(6425,'2015-09-22 11:30:17','2015-09-22 11:30:17','610902','610900','汉滨区','',''),
	(6426,'2015-09-22 11:30:17','2015-09-22 11:30:17','610921','610900','汉阴县','',''),
	(6427,'2015-09-22 11:30:17','2015-09-22 11:30:17','610922','610900','石泉县','',''),
	(6428,'2015-09-22 11:30:17','2015-09-22 11:30:17','610923','610900','宁陕县','',''),
	(6429,'2015-09-22 11:30:17','2015-09-22 11:30:17','610924','610900','紫阳县','',''),
	(6430,'2015-09-22 11:30:17','2015-09-22 11:30:17','610925','610900','岚皋县','',''),
	(6431,'2015-09-22 11:30:17','2015-09-22 11:30:17','610926','610900','平利县','',''),
	(6432,'2015-09-22 11:30:17','2015-09-22 11:30:17','610927','610900','镇坪县','',''),
	(6433,'2015-09-22 11:30:17','2015-09-22 11:30:17','610928','610900','旬阳县','',''),
	(6434,'2015-09-22 11:30:17','2015-09-22 11:30:17','610929','610900','白河县','',''),
	(6435,'2015-09-22 11:30:17','2015-09-22 11:30:17','611000','610000','商洛市','',''),
	(6436,'2015-09-22 11:30:17','2015-09-22 11:30:17','611002','611000','商州区','',''),
	(6437,'2015-09-22 11:30:17','2015-09-22 11:30:17','611021','611000','洛南县','',''),
	(6438,'2015-09-22 11:30:17','2015-09-22 11:30:17','611022','611000','丹凤县','',''),
	(6439,'2015-09-22 11:30:17','2015-09-22 11:30:17','611023','611000','商南县','',''),
	(6440,'2015-09-22 11:30:17','2015-09-22 11:30:17','611024','611000','山阳县','',''),
	(6441,'2015-09-22 11:30:17','2015-09-22 11:30:17','611025','611000','镇安县','',''),
	(6442,'2015-09-22 11:30:17','2015-09-22 11:30:17','611026','611000','柞水县','',''),
	(6443,'2015-09-22 11:30:17','2015-09-22 11:30:17','620000','0','甘肃省','',''),
	(6444,'2015-09-22 11:30:17','2015-09-22 11:30:17','620100','620000','兰州市','',''),
	(6445,'2015-09-22 11:30:17','2015-09-22 11:30:17','620102','620100','城关区','',''),
	(6446,'2015-09-22 11:30:17','2015-09-22 11:30:17','620103','620100','七里河区','',''),
	(6447,'2015-09-22 11:30:17','2015-09-22 11:30:17','620104','620100','西固区','',''),
	(6448,'2015-09-22 11:30:17','2015-09-22 11:30:17','620105','620100','安宁区','',''),
	(6449,'2015-09-22 11:30:17','2015-09-22 11:30:17','620111','620100','红古区','',''),
	(6450,'2015-09-22 11:30:17','2015-09-22 11:30:17','620121','620100','永登县','',''),
	(6451,'2015-09-22 11:30:17','2015-09-22 11:30:17','620122','620100','皋兰县','',''),
	(6452,'2015-09-22 11:30:17','2015-09-22 11:30:17','620123','620100','榆中县','',''),
	(6453,'2015-09-22 11:30:17','2015-09-22 11:30:17','620200','620000','嘉峪关市','',''),
	(6454,'2015-09-22 11:30:17','2015-09-22 11:30:17','620300','620000','金昌市','',''),
	(6455,'2015-09-22 11:30:17','2015-09-22 11:30:17','620302','620300','金川区','',''),
	(6456,'2015-09-22 11:30:17','2015-09-22 11:30:17','620321','620300','永昌县','',''),
	(6457,'2015-09-22 11:30:17','2015-09-22 11:30:17','620400','620000','白银市','',''),
	(6458,'2015-09-22 11:30:17','2015-09-22 11:30:17','620402','620400','白银区','',''),
	(6459,'2015-09-22 11:30:17','2015-09-22 11:30:17','620403','620400','平川区','',''),
	(6460,'2015-09-22 11:30:17','2015-09-22 11:30:17','620421','620400','靖远县','',''),
	(6461,'2015-09-22 11:30:17','2015-09-22 11:30:17','620422','620400','会宁县','',''),
	(6462,'2015-09-22 11:30:17','2015-09-22 11:30:17','620423','620400','景泰县','',''),
	(6463,'2015-09-22 11:30:17','2015-09-22 11:30:17','620500','620000','天水市','',''),
	(6464,'2015-09-22 11:30:17','2015-09-22 11:30:17','620502','620500','秦州区','',''),
	(6465,'2015-09-22 11:30:17','2015-09-22 11:30:17','620503','620500','麦积区','',''),
	(6466,'2015-09-22 11:30:17','2015-09-22 11:30:17','620521','620500','清水县','',''),
	(6467,'2015-09-22 11:30:17','2015-09-22 11:30:17','620522','620500','秦安县','',''),
	(6468,'2015-09-22 11:30:17','2015-09-22 11:30:17','620523','620500','甘谷县','',''),
	(6469,'2015-09-22 11:30:17','2015-09-22 11:30:17','620524','620500','武山县','',''),
	(6470,'2015-09-22 11:30:17','2015-09-22 11:30:17','620525','620500','张家川回族自治县','',''),
	(6471,'2015-09-22 11:30:17','2015-09-22 11:30:17','620600','620000','武威市','',''),
	(6472,'2015-09-22 11:30:17','2015-09-22 11:30:17','620602','620600','凉州区','',''),
	(6473,'2015-09-22 11:30:17','2015-09-22 11:30:17','620621','620600','民勤县','',''),
	(6474,'2015-09-22 11:30:17','2015-09-22 11:30:17','620622','620600','古浪县','',''),
	(6475,'2015-09-22 11:30:17','2015-09-22 11:30:17','620623','620600','天祝藏族自治县','',''),
	(6476,'2015-09-22 11:30:17','2015-09-22 11:30:17','620700','620000','张掖市','',''),
	(6477,'2015-09-22 11:30:18','2015-09-22 11:30:18','620702','620700','甘州区','',''),
	(6478,'2015-09-22 11:30:18','2015-09-22 11:30:18','620721','620700','肃南裕固族自治县','',''),
	(6479,'2015-09-22 11:30:18','2015-09-22 11:30:18','620722','620700','民乐县','',''),
	(6480,'2015-09-22 11:30:18','2015-09-22 11:30:18','620723','620700','临泽县','',''),
	(6481,'2015-09-22 11:30:18','2015-09-22 11:30:18','620724','620700','高台县','',''),
	(6482,'2015-09-22 11:30:18','2015-09-22 11:30:18','620725','620700','山丹县','',''),
	(6483,'2015-09-22 11:30:18','2015-09-22 11:30:18','620800','620000','平凉市','',''),
	(6484,'2015-09-22 11:30:18','2015-09-22 11:30:18','620802','620800','崆峒区','',''),
	(6485,'2015-09-22 11:30:18','2015-09-22 11:30:18','620821','620800','泾川县','',''),
	(6486,'2015-09-22 11:30:18','2015-09-22 11:30:18','620822','620800','灵台县','',''),
	(6487,'2015-09-22 11:30:18','2015-09-22 11:30:18','620823','620800','崇信县','',''),
	(6488,'2015-09-22 11:30:18','2015-09-22 11:30:18','620824','620800','华亭县','',''),
	(6489,'2015-09-22 11:30:18','2015-09-22 11:30:18','620825','620800','庄浪县','',''),
	(6490,'2015-09-22 11:30:18','2015-09-22 11:30:18','620826','620800','静宁县','',''),
	(6491,'2015-09-22 11:30:18','2015-09-22 11:30:18','620900','620000','酒泉市','',''),
	(6492,'2015-09-22 11:30:18','2015-09-22 11:30:18','620902','620900','肃州区','',''),
	(6493,'2015-09-22 11:30:18','2015-09-22 11:30:18','620921','620900','金塔县','',''),
	(6494,'2015-09-22 11:30:18','2015-09-22 11:30:18','620922','620900','瓜州县','',''),
	(6495,'2015-09-22 11:30:18','2015-09-22 11:30:18','620923','620900','肃北蒙古族自治县','',''),
	(6496,'2015-09-22 11:30:18','2015-09-22 11:30:18','620924','620900','阿克塞哈萨克族自治县','',''),
	(6497,'2015-09-22 11:30:18','2015-09-22 11:30:18','620981','620900','玉门市','',''),
	(6498,'2015-09-22 11:30:18','2015-09-22 11:30:18','620982','620900','敦煌市','',''),
	(6499,'2015-09-22 11:30:18','2015-09-22 11:30:18','621000','620000','庆阳市','',''),
	(6500,'2015-09-22 11:30:18','2015-09-22 11:30:18','621002','621000','西峰区','',''),
	(6501,'2015-09-22 11:30:18','2015-09-22 11:30:18','621021','621000','庆城县','',''),
	(6502,'2015-09-22 11:30:18','2015-09-22 11:30:18','621022','621000','环县','',''),
	(6503,'2015-09-22 11:30:18','2015-09-22 11:30:18','621023','621000','华池县','',''),
	(6504,'2015-09-22 11:30:18','2015-09-22 11:30:18','621024','621000','合水县','',''),
	(6505,'2015-09-22 11:30:18','2015-09-22 11:30:18','621025','621000','正宁县','',''),
	(6506,'2015-09-22 11:30:18','2015-09-22 11:30:18','621026','621000','宁县','',''),
	(6507,'2015-09-22 11:30:18','2015-09-22 11:30:18','621027','621000','镇原县','',''),
	(6508,'2015-09-22 11:30:18','2015-09-22 11:30:18','621100','620000','定西市','',''),
	(6509,'2015-09-22 11:30:18','2015-09-22 11:30:18','621102','621100','安定区','',''),
	(6510,'2015-09-22 11:30:18','2015-09-22 11:30:18','621121','621100','通渭县','',''),
	(6511,'2015-09-22 11:30:18','2015-09-22 11:30:18','621122','621100','陇西县','',''),
	(6512,'2015-09-22 11:30:18','2015-09-22 11:30:18','621123','621100','渭源县','',''),
	(6513,'2015-09-22 11:30:18','2015-09-22 11:30:18','621124','621100','临洮县','',''),
	(6514,'2015-09-22 11:30:18','2015-09-22 11:30:18','621125','621100','漳县','',''),
	(6515,'2015-09-22 11:30:18','2015-09-22 11:30:18','621126','621100','岷县','',''),
	(6516,'2015-09-22 11:30:18','2015-09-22 11:30:18','621200','620000','陇南市','',''),
	(6517,'2015-09-22 11:30:18','2015-09-22 11:30:18','621202','621200','武都区','',''),
	(6518,'2015-09-22 11:30:18','2015-09-22 11:30:18','621221','621200','成县','',''),
	(6519,'2015-09-22 11:30:18','2015-09-22 11:30:18','621222','621200','文县','',''),
	(6520,'2015-09-22 11:30:18','2015-09-22 11:30:18','621223','621200','宕昌县','',''),
	(6521,'2015-09-22 11:30:18','2015-09-22 11:30:18','621224','621200','康县','',''),
	(6522,'2015-09-22 11:30:18','2015-09-22 11:30:18','621225','621200','西和县','',''),
	(6523,'2015-09-22 11:30:18','2015-09-22 11:30:18','621226','621200','礼县','',''),
	(6524,'2015-09-22 11:30:18','2015-09-22 11:30:18','621227','621200','徽县','',''),
	(6525,'2015-09-22 11:30:18','2015-09-22 11:30:18','621228','621200','两当县','',''),
	(6526,'2015-09-22 11:30:18','2015-09-22 11:30:18','622900','620000','临夏回族自治州','',''),
	(6527,'2015-09-22 11:30:18','2015-09-22 11:30:18','622901','622900','临夏市','',''),
	(6528,'2015-09-22 11:30:18','2015-09-22 11:30:18','622921','622900','临夏县','',''),
	(6529,'2015-09-22 11:30:18','2015-09-22 11:30:18','622922','622900','康乐县','',''),
	(6530,'2015-09-22 11:30:18','2015-09-22 11:30:18','622923','622900','永靖县','',''),
	(6531,'2015-09-22 11:30:18','2015-09-22 11:30:18','622924','622900','广河县','',''),
	(6532,'2015-09-22 11:30:18','2015-09-22 11:30:18','622925','622900','和政县','',''),
	(6533,'2015-09-22 11:30:18','2015-09-22 11:30:18','622926','622900','东乡族自治县','',''),
	(6534,'2015-09-22 11:30:18','2015-09-22 11:30:18','622927','622900','积石山保安族东乡族撒拉族自治县','',''),
	(6535,'2015-09-22 11:30:18','2015-09-22 11:30:18','623000','620000','甘南藏族自治州','',''),
	(6536,'2015-09-22 11:30:18','2015-09-22 11:30:18','623001','623000','合作市','',''),
	(6537,'2015-09-22 11:30:18','2015-09-22 11:30:18','623021','623000','临潭县','',''),
	(6538,'2015-09-22 11:30:18','2015-09-22 11:30:18','623022','623000','卓尼县','',''),
	(6539,'2015-09-22 11:30:18','2015-09-22 11:30:18','623023','623000','舟曲县','',''),
	(6540,'2015-09-22 11:30:18','2015-09-22 11:30:18','623024','623000','迭部县','',''),
	(6541,'2015-09-22 11:30:18','2015-09-22 11:30:18','623025','623000','玛曲县','',''),
	(6542,'2015-09-22 11:30:18','2015-09-22 11:30:18','623026','623000','碌曲县','',''),
	(6543,'2015-09-22 11:30:18','2015-09-22 11:30:18','623027','623000','夏河县','',''),
	(6544,'2015-09-22 11:30:18','2015-09-22 11:30:18','630000','0','青海省','',''),
	(6545,'2015-09-22 11:30:18','2015-09-22 11:30:18','630100','630000','西宁市','',''),
	(6546,'2015-09-22 11:30:18','2015-09-22 11:30:18','630102','630100','城东区','',''),
	(6547,'2015-09-22 11:30:18','2015-09-22 11:30:18','630103','630100','城中区','',''),
	(6548,'2015-09-22 11:30:18','2015-09-22 11:30:18','630104','630100','城西区','',''),
	(6549,'2015-09-22 11:30:18','2015-09-22 11:30:18','630105','630100','城北区','',''),
	(6550,'2015-09-22 11:30:18','2015-09-22 11:30:18','630121','630100','大通回族土族自治县','',''),
	(6551,'2015-09-22 11:30:18','2015-09-22 11:30:18','630122','630100','湟中县','',''),
	(6552,'2015-09-22 11:30:18','2015-09-22 11:30:18','630123','630100','湟源县','',''),
	(6553,'2015-09-22 11:30:18','2015-09-22 11:30:18','630200','630000','海东市','',''),
	(6554,'2015-09-22 11:30:18','2015-09-22 11:30:18','630202','630200','乐都区','',''),
	(6555,'2015-09-22 11:30:18','2015-09-22 11:30:18','630203','630200','平安区','',''),
	(6556,'2015-09-22 11:30:18','2015-09-22 11:30:18','630222','630200','民和回族土族自治县','',''),
	(6557,'2015-09-22 11:30:18','2015-09-22 11:30:18','630223','630200','互助土族自治县','',''),
	(6558,'2015-09-22 11:30:18','2015-09-22 11:30:18','630224','630200','化隆回族自治县','',''),
	(6559,'2015-09-22 11:30:18','2015-09-22 11:30:18','630225','630200','循化撒拉族自治县','',''),
	(6560,'2015-09-22 11:30:18','2015-09-22 11:30:18','632200','630000','海北藏族自治州','',''),
	(6561,'2015-09-22 11:30:18','2015-09-22 11:30:18','632221','632200','门源回族自治县','',''),
	(6562,'2015-09-22 11:30:18','2015-09-22 11:30:18','632222','632200','祁连县','',''),
	(6563,'2015-09-22 11:30:18','2015-09-22 11:30:18','632223','632200','海晏县','',''),
	(6564,'2015-09-22 11:30:18','2015-09-22 11:30:18','632224','632200','刚察县','',''),
	(6565,'2015-09-22 11:30:18','2015-09-22 11:30:18','632300','630000','黄南藏族自治州','',''),
	(6566,'2015-09-22 11:30:18','2015-09-22 11:30:18','632321','632300','同仁县','',''),
	(6567,'2015-09-22 11:30:18','2015-09-22 11:30:18','632322','632300','尖扎县','',''),
	(6568,'2015-09-22 11:30:18','2015-09-22 11:30:18','632323','632300','泽库县','',''),
	(6569,'2015-09-22 11:30:18','2015-09-22 11:30:18','632324','632300','河南蒙古族自治县','',''),
	(6570,'2015-09-22 11:30:18','2015-09-22 11:30:18','632500','630000','海南藏族自治州','',''),
	(6571,'2015-09-22 11:30:18','2015-09-22 11:30:18','632521','632500','共和县','',''),
	(6572,'2015-09-22 11:30:18','2015-09-22 11:30:18','632522','632500','同德县','',''),
	(6573,'2015-09-22 11:30:18','2015-09-22 11:30:18','632523','632500','贵德县','',''),
	(6574,'2015-09-22 11:30:18','2015-09-22 11:30:18','632524','632500','兴海县','',''),
	(6575,'2015-09-22 11:30:18','2015-09-22 11:30:18','632525','632500','贵南县','',''),
	(6576,'2015-09-22 11:30:18','2015-09-22 11:30:18','632600','630000','果洛藏族自治州','',''),
	(6577,'2015-09-22 11:30:18','2015-09-22 11:30:18','632621','632600','玛沁县','',''),
	(6578,'2015-09-22 11:30:18','2015-09-22 11:30:18','632622','632600','班玛县','',''),
	(6579,'2015-09-22 11:30:18','2015-09-22 11:30:18','632623','632600','甘德县','',''),
	(6580,'2015-09-22 11:30:18','2015-09-22 11:30:18','632624','632600','达日县','',''),
	(6581,'2015-09-22 11:30:18','2015-09-22 11:30:18','632625','632600','久治县','',''),
	(6582,'2015-09-22 11:30:18','2015-09-22 11:30:18','632626','632600','玛多县','',''),
	(6583,'2015-09-22 11:30:18','2015-09-22 11:30:18','632700','630000','玉树藏族自治州','',''),
	(6584,'2015-09-22 11:30:18','2015-09-22 11:30:18','632701','632700','玉树市','',''),
	(6585,'2015-09-22 11:30:18','2015-09-22 11:30:18','632722','632700','杂多县','',''),
	(6586,'2015-09-22 11:30:18','2015-09-22 11:30:18','632723','632700','称多县','',''),
	(6587,'2015-09-22 11:30:18','2015-09-22 11:30:18','632724','632700','治多县','',''),
	(6588,'2015-09-22 11:30:18','2015-09-22 11:30:18','632725','632700','囊谦县','',''),
	(6589,'2015-09-22 11:30:18','2015-09-22 11:30:18','632726','632700','曲麻莱县','',''),
	(6590,'2015-09-22 11:30:18','2015-09-22 11:30:18','632800','630000','海西蒙古族藏族自治州','',''),
	(6591,'2015-09-22 11:30:18','2015-09-22 11:30:18','632801','632800','格尔木市','',''),
	(6592,'2015-09-22 11:30:18','2015-09-22 11:30:18','632802','632800','德令哈市','',''),
	(6593,'2015-09-22 11:30:18','2015-09-22 11:30:18','632821','632800','乌兰县','',''),
	(6594,'2015-09-22 11:30:18','2015-09-22 11:30:18','632822','632800','都兰县','',''),
	(6595,'2015-09-22 11:30:18','2015-09-22 11:30:18','632823','632800','天峻县','',''),
	(6596,'2015-09-22 11:30:18','2015-09-22 11:30:18','640000','0','宁夏回族自治区','',''),
	(6597,'2015-09-22 11:30:18','2015-09-22 11:30:18','640100','640000','银川市','',''),
	(6598,'2015-09-22 11:30:18','2015-09-22 11:30:18','640104','640100','兴庆区','',''),
	(6599,'2015-09-22 11:30:18','2015-09-22 11:30:18','640105','640100','西夏区','',''),
	(6600,'2015-09-22 11:30:18','2015-09-22 11:30:18','640106','640100','金凤区','',''),
	(6601,'2015-09-22 11:30:18','2015-09-22 11:30:18','640121','640100','永宁县','',''),
	(6602,'2015-09-22 11:30:18','2015-09-22 11:30:18','640122','640100','贺兰县','',''),
	(6603,'2015-09-22 11:30:18','2015-09-22 11:30:18','640181','640100','灵武市','',''),
	(6604,'2015-09-22 11:30:18','2015-09-22 11:30:18','640200','640000','石嘴山市','',''),
	(6605,'2015-09-22 11:30:18','2015-09-22 11:30:18','640202','640200','大武口区','',''),
	(6606,'2015-09-22 11:30:18','2015-09-22 11:30:18','640205','640200','惠农区','',''),
	(6607,'2015-09-22 11:30:18','2015-09-22 11:30:18','640221','640200','平罗县','',''),
	(6608,'2015-09-22 11:30:18','2015-09-22 11:30:18','640300','640000','吴忠市','',''),
	(6609,'2015-09-22 11:30:18','2015-09-22 11:30:18','640302','640300','利通区','',''),
	(6610,'2015-09-22 11:30:18','2015-09-22 11:30:18','640303','640300','红寺堡区','',''),
	(6611,'2015-09-22 11:30:18','2015-09-22 11:30:18','640323','640300','盐池县','',''),
	(6612,'2015-09-22 11:30:18','2015-09-22 11:30:18','640324','640300','同心县','',''),
	(6613,'2015-09-22 11:30:18','2015-09-22 11:30:18','640381','640300','青铜峡市','',''),
	(6614,'2015-09-22 11:30:18','2015-09-22 11:30:18','640400','640000','固原市','',''),
	(6615,'2015-09-22 11:30:18','2015-09-22 11:30:18','640402','640400','原州区','',''),
	(6616,'2015-09-22 11:30:18','2015-09-22 11:30:18','640422','640400','西吉县','',''),
	(6617,'2015-09-22 11:30:18','2015-09-22 11:30:18','640423','640400','隆德县','',''),
	(6618,'2015-09-22 11:30:18','2015-09-22 11:30:18','640424','640400','泾源县','',''),
	(6619,'2015-09-22 11:30:18','2015-09-22 11:30:18','640425','640400','彭阳县','',''),
	(6620,'2015-09-22 11:30:18','2015-09-22 11:30:18','640500','640000','中卫市','',''),
	(6621,'2015-09-22 11:30:18','2015-09-22 11:30:18','640502','640500','沙坡头区','',''),
	(6622,'2015-09-22 11:30:18','2015-09-22 11:30:18','640521','640500','中宁县','',''),
	(6623,'2015-09-22 11:30:18','2015-09-22 11:30:18','640522','640500','海原县','',''),
	(6624,'2015-09-22 11:30:18','2015-09-22 11:30:18','650000','0','新疆维吾尔自治区','',''),
	(6625,'2015-09-22 11:30:18','2015-09-22 11:30:18','650100','650000','乌鲁木齐市','',''),
	(6626,'2015-09-22 11:30:18','2015-09-22 11:30:18','650102','650100','天山区','',''),
	(6627,'2015-09-22 11:30:18','2015-09-22 11:30:18','650103','650100','沙依巴克区','',''),
	(6628,'2015-09-22 11:30:18','2015-09-22 11:30:18','650104','650100','新市区','',''),
	(6629,'2015-09-22 11:30:18','2015-09-22 11:30:18','650105','650100','水磨沟区','',''),
	(6630,'2015-09-22 11:30:18','2015-09-22 11:30:18','650106','650100','头屯河区','',''),
	(6631,'2015-09-22 11:30:18','2015-09-22 11:30:18','650107','650100','达坂城区','',''),
	(6632,'2015-09-22 11:30:18','2015-09-22 11:30:18','650109','650100','米东区','',''),
	(6633,'2015-09-22 11:30:18','2015-09-22 11:30:18','650121','650100','乌鲁木齐县','',''),
	(6634,'2015-09-22 11:30:18','2015-09-22 11:30:18','650200','650000','克拉玛依市','',''),
	(6635,'2015-09-22 11:30:18','2015-09-22 11:30:18','650202','650200','独山子区','',''),
	(6636,'2015-09-22 11:30:18','2015-09-22 11:30:18','650203','650200','克拉玛依区','',''),
	(6637,'2015-09-22 11:30:18','2015-09-22 11:30:18','650204','650200','白碱滩区','',''),
	(6638,'2015-09-22 11:30:18','2015-09-22 11:30:18','650205','650200','乌尔禾区','',''),
	(6639,'2015-09-22 11:30:18','2015-09-22 11:30:18','650400','650000','吐鲁番市','',''),
	(6640,'2015-09-22 11:30:18','2015-09-22 11:30:18','650402','650400','高昌区','',''),
	(6641,'2015-09-22 11:30:18','2015-09-22 11:30:18','650421','650400','鄯善县','',''),
	(6642,'2015-09-22 11:30:18','2015-09-22 11:30:18','650422','650400','托克逊县','',''),
	(6643,'2015-09-22 11:30:18','2015-09-22 11:30:18','652200','650000','哈密地区','',''),
	(6644,'2015-09-22 11:30:18','2015-09-22 11:30:18','652201','652200','哈密市','',''),
	(6645,'2015-09-22 11:30:18','2015-09-22 11:30:18','652222','652200','巴里坤哈萨克自治县','',''),
	(6646,'2015-09-22 11:30:18','2015-09-22 11:30:18','652223','652200','伊吾县','',''),
	(6647,'2015-09-22 11:30:18','2015-09-22 11:30:18','652300','650000','昌吉回族自治州','',''),
	(6648,'2015-09-22 11:30:18','2015-09-22 11:30:18','652301','652300','昌吉市','',''),
	(6649,'2015-09-22 11:30:18','2015-09-22 11:30:18','652302','652300','阜康市','',''),
	(6650,'2015-09-22 11:30:18','2015-09-22 11:30:18','652323','652300','呼图壁县','',''),
	(6651,'2015-09-22 11:30:18','2015-09-22 11:30:18','652324','652300','玛纳斯县','',''),
	(6652,'2015-09-22 11:30:18','2015-09-22 11:30:18','652325','652300','奇台县','',''),
	(6653,'2015-09-22 11:30:18','2015-09-22 11:30:18','652327','652300','吉木萨尔县','',''),
	(6654,'2015-09-22 11:30:18','2015-09-22 11:30:18','652328','652300','木垒哈萨克自治县','',''),
	(6655,'2015-09-22 11:30:18','2015-09-22 11:30:18','652700','650000','博尔塔拉蒙古自治州','',''),
	(6656,'2015-09-22 11:30:18','2015-09-22 11:30:18','652701','652700','博乐市','',''),
	(6657,'2015-09-22 11:30:18','2015-09-22 11:30:18','652702','652700','阿拉山口市','',''),
	(6658,'2015-09-22 11:30:18','2015-09-22 11:30:18','652722','652700','精河县','',''),
	(6659,'2015-09-22 11:30:18','2015-09-22 11:30:18','652723','652700','温泉县','',''),
	(6660,'2015-09-22 11:30:18','2015-09-22 11:30:18','652800','650000','巴音郭楞蒙古自治州','',''),
	(6661,'2015-09-22 11:30:18','2015-09-22 11:30:18','652801','652800','库尔勒市','',''),
	(6662,'2015-09-22 11:30:18','2015-09-22 11:30:18','652822','652800','轮台县','',''),
	(6663,'2015-09-22 11:30:18','2015-09-22 11:30:18','652823','652800','尉犁县','',''),
	(6664,'2015-09-22 11:30:18','2015-09-22 11:30:18','652824','652800','若羌县','',''),
	(6665,'2015-09-22 11:30:18','2015-09-22 11:30:18','652825','652800','且末县','',''),
	(6666,'2015-09-22 11:30:18','2015-09-22 11:30:18','652826','652800','焉耆回族自治县','',''),
	(6667,'2015-09-22 11:30:18','2015-09-22 11:30:18','652827','652800','和静县','',''),
	(6668,'2015-09-22 11:30:18','2015-09-22 11:30:18','652828','652800','和硕县','',''),
	(6669,'2015-09-22 11:30:18','2015-09-22 11:30:18','652829','652800','博湖县','',''),
	(6670,'2015-09-22 11:30:18','2015-09-22 11:30:18','652900','650000','阿克苏地区','',''),
	(6671,'2015-09-22 11:30:18','2015-09-22 11:30:18','652901','652900','阿克苏市','',''),
	(6672,'2015-09-22 11:30:18','2015-09-22 11:30:18','652922','652900','温宿县','',''),
	(6673,'2015-09-22 11:30:18','2015-09-22 11:30:18','652923','652900','库车县','',''),
	(6674,'2015-09-22 11:30:18','2015-09-22 11:30:18','652924','652900','沙雅县','',''),
	(6675,'2015-09-22 11:30:18','2015-09-22 11:30:18','652925','652900','新和县','',''),
	(6676,'2015-09-22 11:30:18','2015-09-22 11:30:18','652926','652900','拜城县','',''),
	(6677,'2015-09-22 11:30:18','2015-09-22 11:30:18','652927','652900','乌什县','',''),
	(6678,'2015-09-22 11:30:18','2015-09-22 11:30:18','652928','652900','阿瓦提县','',''),
	(6679,'2015-09-22 11:30:18','2015-09-22 11:30:18','652929','652900','柯坪县','',''),
	(6680,'2015-09-22 11:30:18','2015-09-22 11:30:18','653000','650000','克孜勒苏柯尔克孜自治州','',''),
	(6681,'2015-09-22 11:30:18','2015-09-22 11:30:18','653001','653000','阿图什市','',''),
	(6682,'2015-09-22 11:30:18','2015-09-22 11:30:18','653022','653000','阿克陶县','',''),
	(6683,'2015-09-22 11:30:18','2015-09-22 11:30:18','653023','653000','阿合奇县','',''),
	(6684,'2015-09-22 11:30:18','2015-09-22 11:30:18','653024','653000','乌恰县','',''),
	(6685,'2015-09-22 11:30:18','2015-09-22 11:30:18','653100','650000','喀什地区','',''),
	(6686,'2015-09-22 11:30:18','2015-09-22 11:30:18','653101','653100','喀什市','',''),
	(6687,'2015-09-22 11:30:18','2015-09-22 11:30:18','653121','653100','疏附县','',''),
	(6688,'2015-09-22 11:30:18','2015-09-22 11:30:18','653122','653100','疏勒县','',''),
	(6689,'2015-09-22 11:30:18','2015-09-22 11:30:18','653123','653100','英吉沙县','',''),
	(6690,'2015-09-22 11:30:18','2015-09-22 11:30:18','653124','653100','泽普县','',''),
	(6691,'2015-09-22 11:30:18','2015-09-22 11:30:18','653125','653100','莎车县','',''),
	(6692,'2015-09-22 11:30:18','2015-09-22 11:30:18','653126','653100','叶城县','',''),
	(6693,'2015-09-22 11:30:18','2015-09-22 11:30:18','653127','653100','麦盖提县','',''),
	(6694,'2015-09-22 11:30:18','2015-09-22 11:30:18','653128','653100','岳普湖县','',''),
	(6695,'2015-09-22 11:30:18','2015-09-22 11:30:18','653129','653100','伽师县','',''),
	(6696,'2015-09-22 11:30:18','2015-09-22 11:30:18','653130','653100','巴楚县','',''),
	(6697,'2015-09-22 11:30:18','2015-09-22 11:30:18','653131','653100','塔什库尔干塔吉克自治县','',''),
	(6698,'2015-09-22 11:30:18','2015-09-22 11:30:18','653200','650000','和田地区','',''),
	(6699,'2015-09-22 11:30:18','2015-09-22 11:30:18','653201','653200','和田市','',''),
	(6700,'2015-09-22 11:30:18','2015-09-22 11:30:18','653221','653200','和田县','',''),
	(6701,'2015-09-22 11:30:18','2015-09-22 11:30:18','653222','653200','墨玉县','',''),
	(6702,'2015-09-22 11:30:18','2015-09-22 11:30:18','653223','653200','皮山县','',''),
	(6703,'2015-09-22 11:30:18','2015-09-22 11:30:18','653224','653200','洛浦县','',''),
	(6704,'2015-09-22 11:30:18','2015-09-22 11:30:18','653225','653200','策勒县','',''),
	(6705,'2015-09-22 11:30:18','2015-09-22 11:30:18','653226','653200','于田县','',''),
	(6706,'2015-09-22 11:30:18','2015-09-22 11:30:18','653227','653200','民丰县','',''),
	(6707,'2015-09-22 11:30:18','2015-09-22 11:30:18','654000','650000','伊犁哈萨克自治州','',''),
	(6708,'2015-09-22 11:30:18','2015-09-22 11:30:18','654002','654000','伊宁市','',''),
	(6709,'2015-09-22 11:30:18','2015-09-22 11:30:18','654003','654000','奎屯市','',''),
	(6710,'2015-09-22 11:30:18','2015-09-22 11:30:18','654004','654000','霍尔果斯市','',''),
	(6711,'2015-09-22 11:30:18','2015-09-22 11:30:18','654021','654000','伊宁县','',''),
	(6712,'2015-09-22 11:30:18','2015-09-22 11:30:18','654022','654000','察布查尔锡伯自治县','',''),
	(6713,'2015-09-22 11:30:18','2015-09-22 11:30:18','654023','654000','霍城县','',''),
	(6714,'2015-09-22 11:30:18','2015-09-22 11:30:18','654024','654000','巩留县','',''),
	(6715,'2015-09-22 11:30:18','2015-09-22 11:30:18','654025','654000','新源县','',''),
	(6716,'2015-09-22 11:30:18','2015-09-22 11:30:18','654026','654000','昭苏县','',''),
	(6717,'2015-09-22 11:30:18','2015-09-22 11:30:18','654027','654000','特克斯县','',''),
	(6718,'2015-09-22 11:30:18','2015-09-22 11:30:18','654028','654000','尼勒克县','',''),
	(6719,'2015-09-22 11:30:18','2015-09-22 11:30:18','654200','650000','塔城地区','',''),
	(6720,'2015-09-22 11:30:18','2015-09-22 11:30:18','654201','654200','塔城市','',''),
	(6721,'2015-09-22 11:30:18','2015-09-22 11:30:18','654202','654200','乌苏市','',''),
	(6722,'2015-09-22 11:30:18','2015-09-22 11:30:18','654221','654200','额敏县','',''),
	(6723,'2015-09-22 11:30:18','2015-09-22 11:30:18','654223','654200','沙湾县','',''),
	(6724,'2015-09-22 11:30:18','2015-09-22 11:30:18','654224','654200','托里县','',''),
	(6725,'2015-09-22 11:30:18','2015-09-22 11:30:18','654225','654200','裕民县','',''),
	(6726,'2015-09-22 11:30:18','2015-09-22 11:30:18','654226','654200','和布克赛尔蒙古自治县','',''),
	(6727,'2015-09-22 11:30:18','2015-09-22 11:30:18','654300','650000','阿勒泰地区','',''),
	(6728,'2015-09-22 11:30:18','2015-09-22 11:30:18','654301','654300','阿勒泰市','',''),
	(6729,'2015-09-22 11:30:18','2015-09-22 11:30:18','654321','654300','布尔津县','',''),
	(6730,'2015-09-22 11:30:18','2015-09-22 11:30:18','654322','654300','富蕴县','',''),
	(6731,'2015-09-22 11:30:18','2015-09-22 11:30:18','654323','654300','福海县','',''),
	(6732,'2015-09-22 11:30:18','2015-09-22 11:30:18','654324','654300','哈巴河县','',''),
	(6733,'2015-09-22 11:30:18','2015-09-22 11:30:18','654325','654300','青河县','',''),
	(6734,'2015-09-22 11:30:18','2015-09-22 11:30:18','654326','654300','吉木乃县','',''),
	(6735,'2015-09-22 11:30:18','2015-09-22 11:30:18','659001','659000','石河子市','',''),
	(6736,'2015-09-22 11:30:18','2015-09-22 11:30:18','659002','659000','阿拉尔市','',''),
	(6737,'2015-09-22 11:30:18','2015-09-22 11:30:18','659003','659000','图木舒克市','',''),
	(6738,'2015-09-22 11:30:18','2015-09-22 11:30:18','659004','659000','五家渠市','',''),
	(6739,'2015-09-22 11:30:18','2015-09-22 11:30:18','659005','659000','北屯市','',''),
	(6740,'2015-09-22 11:30:18','2015-09-22 11:30:18','659006','659000','铁门关市','',''),
	(6741,'2015-09-22 11:30:18','2015-09-22 11:30:18','659007','659000','双河市','',''),
	(6742,'2015-09-22 11:30:18','2015-09-22 11:30:18','659008','659000','可克达拉市','',''),
	(6746,'2015-09-22 12:04:06','2015-09-22 12:04:06','441901','441900','市辖区','',''),
	(6747,'2015-09-22 12:04:06','2015-09-22 12:04:06','442001','442000','市辖区','',''),
	(6748,'2015-09-22 12:04:06','2015-09-22 12:04:06','460301','460300','市辖区','',''),
	(6749,'2015-09-22 12:04:06','2015-09-22 12:04:06','460401','460400','市辖区','',''),
	(6750,'2015-09-22 12:04:06','2015-09-22 12:04:06','620201','620200','市辖区','','');

/*!40000 ALTER TABLE `tbl_province` ENABLE KEYS */;
UNLOCK TABLES;


# Dump of table test_locate
# ------------------------------------------------------------

DROP TABLE IF EXISTS `test_locate`;

CREATE TABLE `test_locate` (
  `id` int(11) NOT NULL AUTO_INCREMENT COMMENT '主键',
  `latitude` decimal(20,10) NOT NULL DEFAULT '0.0000000000' COMMENT '位置纬度',
  `longitude` decimal(20,10) NOT NULL DEFAULT '0.0000000000' COMMENT '经度',
  `locate_info` varchar(800) NOT NULL DEFAULT '' COMMENT '位置信息',
  `locate_type` tinyint(4) NOT NULL DEFAULT '0' COMMENT '上报类型：1、位置跟踪 2、围栏定位',
  `create_time` datetime NOT NULL DEFAULT CURRENT_TIMESTAMP COMMENT '生成时间',
  `update_time` datetime NOT NULL DEFAULT CURRENT_TIMESTAMP COMMENT '更新时间',
  PRIMARY KEY (`id`)
) ENGINE=InnoDB DEFAULT CHARSET=utf8 COMMENT='临时定位表（测试使用）';



# Dump of table unarrived_box
# ------------------------------------------------------------

DROP TABLE IF EXISTS `unarrived_box`;

CREATE TABLE `unarrived_box` (
  `id` int(11) NOT NULL AUTO_INCREMENT COMMENT '主键',
  `order_freight_id` int(11) NOT NULL DEFAULT '0' COMMENT '订单id',
  `tidan_code` varchar(50) NOT NULL DEFAULT '' COMMENT '提单号',
  `box_code` varchar(50) NOT NULL DEFAULT '' COMMENT '箱号',
  `box_ensupe` varchar(50) NOT NULL DEFAULT '' COMMENT '铅封号',
  `create_time` datetime NOT NULL DEFAULT CURRENT_TIMESTAMP COMMENT '创建时间',
  `update_time` datetime NOT NULL DEFAULT CURRENT_TIMESTAMP COMMENT '更新时间',
  PRIMARY KEY (`id`)
) ENGINE=InnoDB DEFAULT CHARSET=utf8 COMMENT='未运抵的箱子表（即：查询天津港口局，抓取的箱子信息与数据表存储不匹配）';



# Dump of table unregister_users
# ------------------------------------------------------------

DROP TABLE IF EXISTS `unregister_users`;

CREATE TABLE `unregister_users` (
  `id` int(11) NOT NULL AUTO_INCREMENT COMMENT 'ä¸»é”®',
  `mobile` varchar(50) COLLATE utf8_bin NOT NULL DEFAULT '' COMMENT 'æ‰‹æœºå·ç ',
  `source_platform` tinyint(4) NOT NULL DEFAULT '0',
  `status` tinyint(4) NOT NULL DEFAULT '0' COMMENT '0ã€æœªæ³¨å†Œ 1ã€å·²æˆä¸ºæ³¨å†Œç”¨æˆ·',
  `create_time` datetime NOT NULL DEFAULT CURRENT_TIMESTAMP COMMENT 'åˆ›å»ºæ—¶é—´',
  `update_time` datetime NOT NULL DEFAULT CURRENT_TIMESTAMP COMMENT 'æ›´æ–°æ—¶é—´',
  PRIMARY KEY (`id`),
  UNIQUE KEY `ms` (`mobile`,`source_platform`)
) ENGINE=InnoDB DEFAULT CHARSET=utf8 COLLATE=utf8_bin COMMENT='æœªæ³¨å†Œçš„ç”¨æˆ·è¡¨';



# Dump of table user_friendship
# ------------------------------------------------------------

DROP TABLE IF EXISTS `user_friendship`;

CREATE TABLE `user_friendship` (
  `id` int(11) unsigned NOT NULL AUTO_INCREMENT,
  `sender_id` varchar(128) NOT NULL DEFAULT '' COMMENT '合作主动发起人',
  `rec_id` varchar(128) DEFAULT '' COMMENT '合作被动人',
  `friend_token` varchar(128) NOT NULL DEFAULT '' COMMENT '邀请token',
  `friendship_type` tinyint(4) NOT NULL DEFAULT '0' COMMENT '合作关系建立方式类型',
  `invite_type` tinyint(4) NOT NULL DEFAULT '0' COMMENT '邀请类型',
  `friendship_status` tinyint(4) DEFAULT '0' COMMENT '状态',
  `create_time` timestamp NOT NULL DEFAULT CURRENT_TIMESTAMP COMMENT '生成时间',
  `update_time` timestamp NOT NULL DEFAULT CURRENT_TIMESTAMP ON UPDATE CURRENT_TIMESTAMP COMMENT 'update时间',
  `agree_time` timestamp NOT NULL DEFAULT CURRENT_TIMESTAMP COMMENT 'agree时间',
  `exp_time` timestamp NOT NULL DEFAULT CURRENT_TIMESTAMP COMMENT '过期时间',
  PRIMARY KEY (`id`),
  UNIQUE KEY `uni_send_rec` (`sender_id`,`rec_id`)
) ENGINE=InnoDB DEFAULT CHARSET=utf8 COMMENT='合作关系表';



# Dump of table users
# ------------------------------------------------------------

DROP TABLE IF EXISTS `users`;

CREATE TABLE `users` (
  `id` int(10) unsigned NOT NULL AUTO_INCREMENT,
  `created_at` timestamp NOT NULL DEFAULT CURRENT_TIMESTAMP,
  `updated_at` timestamp NOT NULL DEFAULT CURRENT_TIMESTAMP ON UPDATE CURRENT_TIMESTAMP,
  `usertype` int(11) NOT NULL COMMENT '用户类型（货代 车队 司机）',
  `mobile` char(32) COLLATE utf8_unicode_ci NOT NULL,
  `telephone_number` varchar(48) COLLATE utf8_unicode_ci NOT NULL DEFAULT '' COMMENT '座机电话',
  `contactName` varchar(64) COLLATE utf8_unicode_ci NOT NULL DEFAULT '' COMMENT '联系人',
  `contactNumber` varchar(32) COLLATE utf8_unicode_ci NOT NULL DEFAULT '' COMMENT '联系电话',
  `pwd` char(64) COLLATE utf8_unicode_ci NOT NULL DEFAULT '',
  `salt` char(32) COLLATE utf8_unicode_ci NOT NULL DEFAULT '',
  `enable` tinyint(1) NOT NULL DEFAULT '1' COMMENT '是否有效',
  `regist_platform` tinyint(4) NOT NULL DEFAULT '0',
  `remember_token` varchar(64) COLLATE utf8_unicode_ci NOT NULL DEFAULT '',
  `regist_version` varchar(16) COLLATE utf8_unicode_ci NOT NULL DEFAULT '',
  `username` varchar(32) COLLATE utf8_unicode_ci NOT NULL DEFAULT '' COMMENT '用户名',
  `email` varchar(32) COLLATE utf8_unicode_ci NOT NULL DEFAULT '' COMMENT '邮箱',
  `invite_userid` int(11) unsigned NOT NULL DEFAULT '0' COMMENT '邀请的userid',
  `avatarpicurl` varchar(128) COLLATE utf8_unicode_ci NOT NULL DEFAULT '' COMMENT '头像',
  `enterprise_licence` varchar(64) COLLATE utf8_unicode_ci NOT NULL DEFAULT '' COMMENT '企业执照注册号',
  `enterpriseid` int(11) unsigned NOT NULL DEFAULT '0' COMMENT '企业id',
  `unverify_enterprisename` varchar(128) COLLATE utf8_unicode_ci NOT NULL DEFAULT '' COMMENT '待认证的企业名字',
  `enterprise_groupid` int(11) unsigned NOT NULL DEFAULT '0' COMMENT 'groupid',
  `invite_token` varchar(128) COLLATE utf8_unicode_ci NOT NULL DEFAULT '' COMMENT '合作好友邀请码',
  `real_name` varchar(32) COLLATE utf8_unicode_ci NOT NULL DEFAULT '' COMMENT '真实姓名',
  PRIMARY KEY (`id`),
  UNIQUE KEY `uni_name` (`username`),
  UNIQUE KEY `uni_mobile` (`mobile`) USING BTREE
) ENGINE=InnoDB DEFAULT CHARSET=utf8 COLLATE=utf8_unicode_ci;

LOCK TABLES `users` WRITE;
/*!40000 ALTER TABLE `users` DISABLE KEYS */;

INSERT INTO `users` (`id`, `created_at`, `updated_at`, `usertype`, `mobile`, `telephone_number`, `contactName`, `contactNumber`, `pwd`, `salt`, `enable`, `regist_platform`, `remember_token`, `regist_version`, `username`, `email`, `invite_userid`, `avatarpicurl`, `enterprise_licence`, `enterpriseid`, `unverify_enterprisename`, `enterprise_groupid`, `invite_token`, `real_name`)
VALUES
	(237,'2015-09-22 19:29:44','2015-09-22 19:29:44',1,'13661101935','010-99887766','','13661101935','9e256dd2a038e4048b6ac9458466a71e','E4sySEUVwoyHaCkP',1,1,'237-1443007784','1.0','wangsonglin','',0,'','123456789',35,'王松林车队',0,'9C54CCC3@5F42@B632@6043@0CB0D51D9307','王松林'),
	(238,'2015-09-22 19:34:47','2015-09-22 19:34:47',1,'18611768663','086-01010086','','','b390ecb127785f7ebc65a5dc53242b3e','l85jnwiIa20pzjId',1,1,'238-1443008087','1.0','xdd56','',0,'','8182384629464',34,'北京burt测试车队',0,'F9EBAC93@7F3B@C46B@B83F@877D729B5A16',''),
	(239,'2015-09-22 19:41:27','2015-09-22 19:41:27',1,'18633795181','010-23909090-300','','','651f6e99c160a9db6b44ee13c4fd65da','h0QGoHNQpf1rxUqs',1,1,'239-1443008487','1.0','weiqi','',0,'','123891273981723',36,'韦其车队',0,'830C795F@CD14@A138@7E4E@835AE863F8C6',''),
	(240,'2015-09-22 19:42:23','2015-09-22 19:42:23',2,'13661101933','010-77665544','','13661101933','8c354045f96ecdf6cad6b5d9d6dada99','aYHbJVnzW79Gjuit',1,1,'240-1443010506','1.0','songlin','',0,'','987654321',37,'王松林货代',0,'820A7E3D@BA61@B6B0@97D2@3BD1125392C6','王松林'),
	(241,'2015-09-22 19:44:37','2015-09-22 19:44:37',2,'15133612381','010-37483294-823','','','ccd390fd9dcc06c0218646ea4c175fb0','b0KZClaHwdLcJCAA',1,1,'241-1443009640','1.0','weizongqi','',0,'','12903819287398',42,'韦其货代',0,'C4FBF6B4@AFCB@74D6@23E6@A9715C9E922E',''),
	(242,'2015-09-22 19:45:10','2015-09-22 19:45:10',1,'18610794321','0354-8231728','','','d6dc0c6acde6f12048e9b82f88bedf7d','MeZiqQkESX5hTcfF',1,1,'242-1443010590','1.0','gongyao','',0,'','7618281',38,'蛋蛋车队',0,'38F5F441@0FFD@BA33@060D@DE5C44015141',''),
	(243,'2015-09-22 19:52:49','2015-09-22 19:52:49',3,'18611768664','','','','no_pwd','no_slat',1,1,'243-1443010877','1.0','18611768664_sj博文','',0,'','',0,'',0,'0240E365@7FC2@C6FF@C9BE@EA97B90A87AB','博文'),
	(244,'2015-09-22 19:52:49','2015-09-22 19:52:49',3,'13910531861','','','','no_pwd','no_slat',1,1,'no_token','1.0','13910531861_sj志磊','',0,'','',0,'',0,'6749F114@801F@A963@E0C6@3F73742BC3AC','志磊'),
	(245,'2015-09-22 19:52:49','2015-09-22 19:52:49',3,'15010447505','','','','no_pwd','no_slat',1,1,'no_token','1.0','15010447505_sj鑫亮','',0,'','',0,'',0,'1B4F36BB@D060@B9D4@1464@2228DA049B09','鑫亮'),
	(246,'2015-09-22 19:56:31','2015-09-22 19:56:31',1,'13641069324','010-8678433','','','2de171dc3f5010ed88e98a56b74aa4b9','67OCIcfrZtpEVOqh',1,1,'246-1443009391','1.0','wanghui','',0,'','1111',40,'辉哥车队',0,'A3F08862@6AA3@86EA@1258@F2C512AA0B00',''),
	(247,'2015-09-22 19:57:52','2015-09-22 19:57:52',2,'18233565928','020-8129233','','','bf6930e11a2da30032dc872853e9f17d','bN2Xtei2JfRbJIEB',1,1,'247-1443009472','1.0','gyao','',0,'','1324256378171178273321',39,'蛋蛋货代',0,'CFF4644D@A681@BCB4@BBDA@FDF614D56CDC',''),
	(248,'2015-09-22 20:01:40','2015-09-22 20:01:40',2,'18611768665','010-01010086','','','9c8b4ba94a9f63d284de6ca23a95ed66','mgdYZTgdsmTelVTN',1,1,'248-1443009700','1.0','xdd65','',0,'','123123123',41,'北京burt货代',0,'0186615B@5858@2489@CDCA@F31CEDBB3A23',''),
	(249,'2015-09-22 20:08:07','2015-09-22 20:08:07',2,'18210286771','010-82807867-111','','','3ef5eefb3ae8fbbc27ceb3f1e300dc7b','HOGRelTnbwzAhN4z',1,1,'249-1443010526','1.0','qizhihuodai','',0,'','288002',43,'啟志货代',0,'27FCBA83@63D1@4456@9C58@00E06044CB6A',''),
	(250,'2015-09-22 20:10:55','2015-09-22 20:10:55',1,'18210286772','010-78907060-211','','','8f45419c8cacb698066da0b766a6f1c1','dGelAZGAs25hNRJ7',1,1,'250-1443010255','1.0','qizhichedui','',0,'','3266533',44,'啟志车队',0,'31D9B867@3D5F@AF4F@7A21@014D2C6DDF7E','');

/*!40000 ALTER TABLE `users` ENABLE KEYS */;
UNLOCK TABLES;


# Dump of table yard_info
# ------------------------------------------------------------

DROP TABLE IF EXISTS `yard_info`;

CREATE TABLE `yard_info` (
  `id` int(11) unsigned NOT NULL AUTO_INCREMENT,
  `cock_city_code` varchar(50) NOT NULL COMMENT '堆场所属城市 province id',
  `yard_name` varchar(50) NOT NULL COMMENT '堆场名字',
  `type` tinyint(4) NOT NULL DEFAULT '0' COMMENT '1时admin 创建的，2时是 www创建的等待审核',
  `create_time` timestamp NOT NULL DEFAULT CURRENT_TIMESTAMP COMMENT '生成时间',
  `update_time` timestamp NOT NULL DEFAULT CURRENT_TIMESTAMP ON UPDATE CURRENT_TIMESTAMP COMMENT 'update time',
  `pinyin` varchar(100) CHARACTER SET utf8 COLLATE utf8_bin DEFAULT '',
  PRIMARY KEY (`id`),
  KEY `inx_pinyin` (`pinyin`)
) ENGINE=InnoDB DEFAULT CHARSET=utf8 COMMENT='堆场信息';

LOCK TABLES `yard_info` WRITE;
/*!40000 ALTER TABLE `yard_info` DISABLE KEYS */;

INSERT INTO `yard_info` (`id`, `cock_city_code`, `yard_name`, `type`, `create_time`, `update_time`, `pinyin`)
VALUES
	(2,'tianjin','中国外运箱发展',0,'2015-09-08 02:47:39','2015-09-08 02:47:39',X''),
	(3,'tianjin','新振华',0,'2015-09-08 04:09:07','2015-09-22 20:09:12',X''),
	(7,'tianjin','东疆港太平洋码头',0,'2015-09-08 07:11:24','2015-09-08 07:11:58',X''),
	(8,'tianjin','太平洋克运陆海',0,'2015-09-08 07:38:48','2015-09-22 20:09:21',X''),
	(10,'tianjin','朝华中电',0,'2015-09-08 07:59:11','2015-09-08 07:59:11',X''),
	(11,'tianjin','振华海晶',0,'2015-09-08 08:05:05','2015-09-08 08:05:05',X'');

/*!40000 ALTER TABLE `yard_info` ENABLE KEYS */;
UNLOCK TABLES;


# Dump of table yard_location
# ------------------------------------------------------------

DROP TABLE IF EXISTS `yard_location`;

CREATE TABLE `yard_location` (
  `id` int(11) unsigned NOT NULL AUTO_INCREMENT,
  `yard_id` int(10) unsigned NOT NULL COMMENT '堆场所属城市 province id',
  `location_car_type` tinyint(4) unsigned NOT NULL DEFAULT '0' COMMENT '对应车型:1重车、2空车',
  `location_degree_type` tinyint(4) unsigned NOT NULL DEFAULT '0' COMMENT '角度类型:1中心',
  `location_type` tinyint(4) unsigned NOT NULL COMMENT '位置类型:1进口、2出口',
  `latitude` decimal(20,10) NOT NULL COMMENT '纬度',
  `longitude` decimal(20,10) NOT NULL COMMENT '经度',
  `yard_address` varchar(200) NOT NULL DEFAULT '' COMMENT 'å †åŽ‚åœ°å€ï¼ŒåæŸ¥é«˜å¾·api',
  `create_time` timestamp NOT NULL DEFAULT CURRENT_TIMESTAMP COMMENT '生成时间',
  `update_time` timestamp NOT NULL DEFAULT CURRENT_TIMESTAMP ON UPDATE CURRENT_TIMESTAMP COMMENT 'update time',
  PRIMARY KEY (`id`),
  KEY `yid` (`yard_id`)
) ENGINE=InnoDB DEFAULT CHARSET=utf8 COMMENT='堆场location信息';

LOCK TABLES `yard_location` WRITE;
/*!40000 ALTER TABLE `yard_location` DISABLE KEYS */;

INSERT INTO `yard_location` (`id`, `yard_id`, `location_car_type`, `location_degree_type`, `location_type`, `latitude`, `longitude`, `yard_address`, `create_time`, `update_time`)
VALUES
	(2,2,1,0,1,39.0086361801,117.7419987002,'','2015-09-08 02:47:39','2015-09-08 02:47:39'),
	(4,3,1,0,2,39.0165433342,117.7674542469,'','2015-09-08 04:09:07','2015-09-08 04:09:07'),
	(5,3,2,0,2,39.0162872607,117.7672960598,'','2015-09-08 04:10:00','2015-09-08 04:10:00'),
	(6,3,1,0,1,39.0130422898,117.7660129951,'','2015-09-08 04:19:33','2015-09-22 20:08:26'),
	(7,3,2,0,1,39.0131825970,117.7660068972,'','2015-09-08 04:19:48','2015-09-22 20:08:27'),
	(8,3,0,1,0,39.0139728304,117.7642824106,'','2015-09-08 04:23:51','2015-09-22 20:08:29'),
	(9,7,0,0,0,39.0069976183,117.8030714322,'','2015-09-08 07:11:24','2015-09-08 07:11:58'),
	(10,8,0,1,0,39.0439568048,117.7978882394,'','2015-09-08 07:38:48','2015-09-08 07:38:48'),
	(11,8,1,0,1,39.0437384584,117.7973666532,'','2015-09-08 07:40:26','2015-09-22 20:09:34'),
	(12,10,1,0,1,39.0636187918,117.7484714886,'','2015-09-08 07:59:11','2015-09-08 07:59:11'),
	(13,11,1,0,1,39.0460279870,117.7504082740,'','2015-09-08 08:05:05','2015-09-08 08:05:05');

/*!40000 ALTER TABLE `yard_location` ENABLE KEYS */;
UNLOCK TABLES;



/*!40111 SET SQL_NOTES=@OLD_SQL_NOTES */;
/*!40101 SET SQL_MODE=@OLD_SQL_MODE */;
/*!40014 SET FOREIGN_KEY_CHECKS=@OLD_FOREIGN_KEY_CHECKS */;
/*!40101 SET CHARACTER_SET_CLIENT=@OLD_CHARACTER_SET_CLIENT */;
/*!40101 SET CHARACTER_SET_RESULTS=@OLD_CHARACTER_SET_RESULTS */;
/*!40101 SET COLLATION_CONNECTION=@OLD_COLLATION_CONNECTION */;
