# ************************************************************
# Sequel Pro SQL dump
# Version 4096
#
# http://www.sequelpro.com/
# http://code.google.com/p/sequel-pro/
#
# Host: 127.0.0.1 (MySQL 5.6.25)
# Database: phalcon
# Generation Time: 2015-08-09 04:15:40 +0000
# ************************************************************


/*!40101 SET @OLD_CHARACTER_SET_CLIENT=@@CHARACTER_SET_CLIENT */;
/*!40101 SET @OLD_CHARACTER_SET_RESULTS=@@CHARACTER_SET_RESULTS */;
/*!40101 SET @OLD_COLLATION_CONNECTION=@@COLLATION_CONNECTION */;
/*!40101 SET NAMES utf8 */;
/*!40014 SET @OLD_FOREIGN_KEY_CHECKS=@@FOREIGN_KEY_CHECKS, FOREIGN_KEY_CHECKS=0 */;
/*!40101 SET @OLD_SQL_MODE=@@SQL_MODE, SQL_MODE='NO_AUTO_VALUE_ON_ZERO' */;
/*!40111 SET @OLD_SQL_NOTES=@@SQL_NOTES, SQL_NOTES=0 */;


# Dump of table enterprise_group
# ------------------------------------------------------------

DROP TABLE IF EXISTS `enterprise_group`;

CREATE TABLE `enterprise_group` (
  `id` int(11) unsigned NOT NULL AUTO_INCREMENT,
  `enterprise_id` varchar(64) CHARACTER SET utf8 COLLATE utf8_unicode_ci NOT NULL DEFAULT '' COMMENT '企业id',
  `group_name` varchar(32) NOT NULL DEFAULT '',
  `description` varchar(500) DEFAULT '',
  `updated_at` timestamp NOT NULL DEFAULT CURRENT_TIMESTAMP ON UPDATE CURRENT_TIMESTAMP,
  `created_at` timestamp NOT NULL DEFAULT '0000-00-00 00:00:00',
  PRIMARY KEY (`id`)
) ENGINE=InnoDB DEFAULT CHARSET=utf8;

LOCK TABLES `enterprise_group` WRITE;
/*!40000 ALTER TABLE `enterprise_group` DISABLE KEYS */;

INSERT INTO `enterprise_group` (`id`, `enterprise_id`, `group_name`, `description`, `updated_at`, `created_at`)
VALUES
	(1,'1','销售部','销售','2015-08-09 11:44:14','2015-08-09 11:44:14'),
	(2,'1','财政部','管理财政','2015-08-09 11:46:36','2015-08-09 11:46:36'),
	(3,'1','管理部','管理','2015-08-09 11:46:37','2015-08-09 11:46:37'),
	(4,'1','经理部','经理','2015-08-09 11:46:37','2015-08-09 11:46:37'),
	(5,'1','技术部','技术','2015-08-09 11:46:37','2015-08-09 11:46:37'),
	(6,'1','广告部','广告','2015-08-09 11:46:37','2015-08-09 11:46:37'),
	(7,'1','运营部','运营','2015-08-09 11:46:37','2015-08-09 11:46:37');

/*!40000 ALTER TABLE `enterprise_group` ENABLE KEYS */;
UNLOCK TABLES;


# Dump of table freightagent_user
# ------------------------------------------------------------

DROP TABLE IF EXISTS `freightagent_user`;

CREATE TABLE `freightagent_user` (
  `id` int(10) unsigned NOT NULL AUTO_INCREMENT,
  `created_at` timestamp NOT NULL DEFAULT '0000-00-00 00:00:00',
  `updated_at` timestamp NOT NULL DEFAULT '0000-00-00 00:00:00',
  `userid` varchar(64) COLLATE utf8_unicode_ci NOT NULL DEFAULT '',
  `status` enum('0','1','2') COLLATE utf8_unicode_ci NOT NULL,
  `enable` tinyint(1) NOT NULL,
  `avartar_idcard_pic` varchar(64) COLLATE utf8_unicode_ci NOT NULL DEFAULT '' COMMENT '持证照片',
  `idcard_back_pic` varchar(64) COLLATE utf8_unicode_ci NOT NULL DEFAULT '' COMMENT '身份证照片',
  `cargo_pic` varchar(64) COLLATE utf8_unicode_ci NOT NULL DEFAULT '' COMMENT '营业执照',
  PRIMARY KEY (`id`),
  UNIQUE KEY `userid` (`userid`)
) ENGINE=InnoDB DEFAULT CHARSET=utf8 COLLATE=utf8_unicode_ci;

LOCK TABLES `freightagent_user` WRITE;
/*!40000 ALTER TABLE `freightagent_user` DISABLE KEYS */;

INSERT INTO `freightagent_user` (`id`, `created_at`, `updated_at`, `userid`, `status`, `enable`, `avartar_idcard_pic`, `idcard_back_pic`, `cargo_pic`)
VALUES
	(1,'2015-08-09 11:55:09','2015-08-09 11:55:09','A063FB85@3123@818A@E2B1@949191501217','1',1,'','',''),
	(2,'2015-08-09 11:55:09','2015-08-09 11:55:09','52E89BC4@EBAC@723D@42D8@5932FAE6A2FC','1',1,'','',''),
	(3,'2015-08-09 11:55:09','2015-08-09 11:55:09','284E1C11@4806@6E2B@0026@B867B5563185','1',1,'','',''),
	(4,'2015-08-09 11:55:09','2015-08-09 11:55:09','7CEA6FD1@780F@C618@0AF3@9B68D3E863F2','1',1,'','',''),
	(5,'2015-08-09 11:55:09','2015-08-09 11:55:09','6548D60A@82F4@C4E1@7C3C@8CB8C20BEB98','1',1,'','',''),
	(6,'2015-08-09 11:55:09','2015-08-09 11:55:09','D5A15CF3@7608@90AA@C9EA@8C65195D974D','1',1,'','',''),
	(7,'2015-08-09 11:55:09','2015-08-09 11:55:09','0C3A72CF@9278@B8B6@97E0@1573E91FAAB1','1',1,'','',''),
	(8,'2015-08-09 11:55:09','2015-08-09 11:55:09','CE8F9D57@E2C2@B7AD@8ED6@8A5C4C7321BA','1',1,'','',''),
	(9,'2015-08-09 11:55:10','2015-08-09 11:55:10','E548B9FE@920A@86D7@F05A@C5E848E91E0E','1',1,'','',''),
	(10,'2015-08-09 11:55:10','2015-08-09 11:55:10','1351301C@18CC@27C3@14F0@AFC1CB4CE1D1','1',1,'','',''),
	(11,'2015-08-09 11:55:10','2015-08-09 11:55:10','A15F0A22@574C@87E3@2E65@29D2BEFDED95','1',1,'','',''),
	(12,'2015-08-09 11:55:10','2015-08-09 11:55:10','5FD95E72@24BE@5308@FAA7@349263D148AB','1',1,'','',''),
	(13,'2015-08-09 11:55:10','2015-08-09 11:55:10','17C48725@3460@2D47@B13E@B446291896D3','1',1,'','',''),
	(14,'2015-08-09 11:55:10','2015-08-09 11:55:10','AF43D13A@5619@2CE2@AB6D@C7E27CACCCD8','1',1,'','',''),
	(15,'2015-08-09 11:55:10','2015-08-09 11:55:10','4F768DE1@77C8@99CD@8E40@AF5ED8F10375','1',1,'','',''),
	(16,'2015-08-09 11:55:11','2015-08-09 11:55:11','A56C128F@AF4A@7A2B@5DAB@6AAC9F2254F0','1',1,'','',''),
	(17,'2015-08-09 11:55:11','2015-08-09 11:55:11','0D48CF8C@0520@A824@65CE@392E574488CE','1',1,'','',''),
	(18,'2015-08-09 11:55:11','2015-08-09 11:55:11','202D93A5@5FC9@6754@BB41@2BCBE7822E7C','1',1,'','',''),
	(19,'2015-08-09 11:55:11','2015-08-09 11:55:11','C701D40B@7196@0A1C@3F9C@C1373559D60A','1',1,'','',''),
	(20,'2015-08-09 11:55:11','2015-08-09 11:55:11','1D01000E@0725@E9A2@DDD1@BA30C993AACE','1',1,'','',''),
	(21,'2015-08-09 11:55:11','2015-08-09 11:55:11','F84CCF50@66E0@EEBB@2D26@CDB40F98242F','1',1,'','',''),
	(22,'2015-08-09 11:55:11','2015-08-09 11:55:11','DDD44933@8B91@FD76@E29B@DB33FD733ACF','1',1,'','',''),
	(23,'2015-08-09 11:55:11','2015-08-09 11:55:11','B511AD65@3E93@1B32@4A77@6AB558F6E62C','1',1,'','',''),
	(24,'2015-08-09 11:55:11','2015-08-09 11:55:11','76C6A433@51CA@2D1E@DA9F@4067894CD3CE','1',1,'','',''),
	(25,'2015-08-09 11:55:11','2015-08-09 11:55:11','D05F23A6@E94B@6CA5@DBEE@8F7C2CE08890','1',1,'','',''),
	(26,'2015-08-09 11:55:11','2015-08-09 11:55:11','18058954@B6CD@8888@BA1C@2FF3218CC09E','1',1,'','',''),
	(27,'2015-08-09 11:55:12','2015-08-09 11:55:12','5344F2A8@09FC@7FB3@69C3@A178EE5E58A8','1',1,'','',''),
	(28,'2015-08-09 11:55:12','2015-08-09 11:55:12','480DB9DF@EDA8@26D1@A9C8@24AA269D8F3C','1',1,'','',''),
	(29,'2015-08-09 11:55:12','2015-08-09 11:55:12','948753A6@14DB@0190@903C@24724A1A5680','1',1,'','',''),
	(30,'2015-08-09 11:55:12','2015-08-09 11:55:12','72A073AA@98D4@C40A@3E73@B4E4F8BD8633','1',1,'','',''),
	(31,'2015-08-09 11:55:12','2015-08-09 11:55:12','1B225BE7@1EB8@C68F@09CB@3FB7CAC12ACE','1',1,'','',''),
	(32,'2015-08-09 11:55:12','2015-08-09 11:55:12','8F187139@B153@85BC@E5E9@2DBED70E2E34','1',1,'','',''),
	(33,'2015-08-09 11:55:12','2015-08-09 11:55:12','D3F46171@1082@3E00@30BC@8C9BD24648DA','1',1,'','',''),
	(34,'2015-08-09 11:55:13','2015-08-09 11:55:13','1E7EBC85@052A@BE3D@D6A2@C1EC9DE0D169','1',1,'','',''),
	(35,'2015-08-09 11:55:13','2015-08-09 11:55:13','55DA2912@B65C@8C38@B986@957CC8FCF96F','1',1,'','',''),
	(36,'2015-08-09 11:55:13','2015-08-09 11:55:13','9AE380C7@DA0C@4494@1CB0@1D243FF40FB5','1',1,'','',''),
	(37,'2015-08-09 11:55:13','2015-08-09 11:55:13','6BCAA1CC@0C3E@917F@0ED2@CBFF0CCE4C1F','1',1,'','',''),
	(38,'2015-08-09 11:55:13','2015-08-09 11:55:13','2D51CD2C@7544@5CBA@CB67@6D39E0DFADAD','1',1,'','',''),
	(39,'2015-08-09 11:55:13','2015-08-09 11:55:13','85DE5D77@F5E2@ED97@1337@2355A7D18AB0','1',1,'','',''),
	(40,'2015-08-09 11:55:13','2015-08-09 11:55:13','7574D446@5EE7@C971@699C@F8D3C7851923','1',1,'','',''),
	(41,'2015-08-09 11:55:13','2015-08-09 11:55:13','187C4892@717F@0FA4@D8B1@9DDA92A2F6C6','1',1,'','',''),
	(42,'2015-08-09 11:55:13','2015-08-09 11:55:13','026358C2@2ADD@0455@14B4@A6B19696B802','1',1,'','',''),
	(43,'2015-08-09 11:55:13','2015-08-09 11:55:13','31CCE3FB@7F7A@6243@E1BB@4D16F301C421','1',1,'','',''),
	(44,'2015-08-09 11:55:13','2015-08-09 11:55:13','2C21C268@88C6@2AA7@C67C@09E42668FE96','1',1,'','',''),
	(45,'2015-08-09 11:55:14','2015-08-09 11:55:14','850B4F3F@7687@9486@EF9C@585115074806','1',1,'','',''),
	(46,'2015-08-09 11:55:14','2015-08-09 11:55:14','0E693B60@C8B7@29E1@213C@EC93CB315ADA','1',1,'','',''),
	(47,'2015-08-09 11:55:14','2015-08-09 11:55:14','B845F858@651B@A5DB@F975@D0968161A880','1',1,'','',''),
	(48,'2015-08-09 11:55:14','2015-08-09 11:55:14','E502AE81@69AD@8E4B@4982@5E40F28791CE','1',1,'','',''),
	(49,'2015-08-09 11:55:14','2015-08-09 11:55:14','D4256CD5@3C57@0C9B@DCD0@C1DAB48EB23B','1',1,'','',''),
	(50,'2015-08-09 11:55:14','2015-08-09 11:55:14','6AC27E53@BB4A@C142@4DC8@5F2C11250E68','1',1,'','',''),
	(51,'2015-08-09 11:55:14','2015-08-09 11:55:14','4D59657C@4B59@7A58@A3A3@16EABBB94C20','1',1,'','',''),
	(52,'2015-08-09 11:55:14','2015-08-09 11:55:14','A5052B21@7A47@1755@95B7@F799E46A435D','1',1,'','',''),
	(53,'2015-08-09 11:55:14','2015-08-09 11:55:14','9A8FAF4E@FCFD@37A1@E9BE@0D4B6C4BFD20','1',1,'','',''),
	(54,'2015-08-09 11:55:14','2015-08-09 11:55:14','223F2540@8A46@3CA2@6E89@29980CA5D6CF','1',1,'','',''),
	(56,'2015-08-09 11:56:32','2015-08-09 11:56:32','746A54EC@9E13@E548@D3E3@5F7A7F59F193','1',1,'','',''),
	(57,'2015-08-09 11:56:32','2015-08-09 11:56:32','A4566FF8@0A11@F6DF@FF07@B7B973B708C4','1',1,'','',''),
	(58,'2015-08-09 11:56:32','2015-08-09 11:56:32','051FFF0A@0939@CFE1@0059@BABE9DDAE8B9','1',1,'','',''),
	(59,'2015-08-09 11:56:32','2015-08-09 11:56:32','503165F5@3BFF@382B@4E02@4C7DDE2B6D0D','1',1,'','',''),
	(60,'2015-08-09 11:56:32','2015-08-09 11:56:32','2F37F7C8@414B@246D@A716@AD74D2F90B3A','1',1,'','',''),
	(61,'2015-08-09 11:56:32','2015-08-09 11:56:32','AC1C94F8@AA03@31F0@004F@AE4E6494B9F7','1',1,'','',''),
	(62,'2015-08-09 11:56:32','2015-08-09 11:56:32','D085BF96@5CC8@4A91@6090@BDE2EF14F68A','1',1,'','',''),
	(63,'2015-08-09 11:56:32','2015-08-09 11:56:32','E77916A4@5E1C@1674@8D71@ECD89106F3FB','1',1,'','',''),
	(64,'2015-08-09 11:56:33','2015-08-09 11:56:33','C8D52360@4921@CFB2@7FBF@5E33BBE23C1F','1',1,'','',''),
	(65,'2015-08-09 11:56:33','2015-08-09 11:56:33','69E72D5B@59E0@2EF4@2B2C@CC1292B85B13','1',1,'','',''),
	(66,'2015-08-09 11:56:33','2015-08-09 11:56:33','C220E2B5@32D2@EF80@BD87@00A5EF2812C0','1',1,'','',''),
	(67,'2015-08-09 11:56:33','2015-08-09 11:56:33','0CD59F38@D340@F713@C728@68A1D77EE779','1',1,'','',''),
	(68,'2015-08-09 11:56:33','2015-08-09 11:56:33','2B9444A2@1455@D9DD@6719@5AEB31A33334','1',1,'','',''),
	(69,'2015-08-09 11:56:33','2015-08-09 11:56:33','0C0257A3@3254@77A1@67A6@76936C83CCA7','1',1,'','',''),
	(70,'2015-08-09 11:56:33','2015-08-09 11:56:33','6053D035@F827@330F@4FCC@CF3A3EA6B712','1',1,'','','');

/*!40000 ALTER TABLE `freightagent_user` ENABLE KEYS */;
UNLOCK TABLES;


# Dump of table group_function
# ------------------------------------------------------------

DROP TABLE IF EXISTS `group_function`;

CREATE TABLE `group_function` (
  `id` int(11) unsigned NOT NULL AUTO_INCREMENT,
  `groupid` int(11) NOT NULL,
  `functionid` int(11) NOT NULL,
  PRIMARY KEY (`id`)
) ENGINE=InnoDB DEFAULT CHARSET=utf8;

LOCK TABLES `group_function` WRITE;
/*!40000 ALTER TABLE `group_function` DISABLE KEYS */;

INSERT INTO `group_function` (`id`, `groupid`, `functionid`)
VALUES
	(1,1,1),
	(2,1,2),
	(3,1,3),
	(4,1,4),
	(5,2,5),
	(6,2,6),
	(7,2,7),
	(8,2,8),
	(9,3,9),
	(10,3,10),
	(11,3,11),
	(12,3,12),
	(13,4,13),
	(14,4,14),
	(15,4,15),
	(16,4,16),
	(17,5,17),
	(18,5,18),
	(19,5,19),
	(20,5,20),
	(21,6,21),
	(22,6,22),
	(23,6,23),
	(24,6,24),
	(25,1,32),
	(26,1,33),
	(27,1,34),
	(28,1,35),
	(29,2,36),
	(30,2,37),
	(31,2,38),
	(32,2,39),
	(33,3,40),
	(34,3,41),
	(35,3,42),
	(36,3,43),
	(37,4,44),
	(38,4,45),
	(39,4,46),
	(40,4,47),
	(41,5,48),
	(42,5,49),
	(43,5,50),
	(44,5,51),
	(45,6,52),
	(46,6,53),
	(47,6,54),
	(48,6,55);

/*!40000 ALTER TABLE `group_function` ENABLE KEYS */;
UNLOCK TABLES;


# Dump of table tb_enterprise
# ------------------------------------------------------------

DROP TABLE IF EXISTS `tb_enterprise`;

CREATE TABLE `tb_enterprise` (
  `id` int(11) unsigned NOT NULL AUTO_INCREMENT,
  `enterprise_id` varchar(64) CHARACTER SET utf8 COLLATE utf8_unicode_ci NOT NULL DEFAULT '',
  `enterprise_name` varchar(64) NOT NULL DEFAULT '' COMMENT '企业名字',
  `status` tinyint(4) NOT NULL,
  `admin_userid` varchar(64) CHARACTER SET utf8 COLLATE utf8_unicode_ci NOT NULL DEFAULT '' COMMENT '管理员userid',
  `enterprise_type` tinyint(4) NOT NULL COMMENT '类型(货代 车队)',
  `invite_token` varchar(64) NOT NULL DEFAULT '' COMMENT '企业邀请码',
  `updated_at` timestamp NULL DEFAULT NULL,
  `created_at` timestamp NULL DEFAULT NULL,
  PRIMARY KEY (`id`)
) ENGINE=InnoDB DEFAULT CHARSET=utf8;

LOCK TABLES `tb_enterprise` WRITE;
/*!40000 ALTER TABLE `tb_enterprise` DISABLE KEYS */;

INSERT INTO `tb_enterprise` (`id`, `enterprise_id`, `enterprise_name`, `status`, `admin_userid`, `enterprise_type`, `invite_token`, `updated_at`, `created_at`)
VALUES
	(1,'9E2BDAE1@C452@BB5C@9900@E8449F947476',' 天津船公司 ',1,'',1,'8722FB4C@5D6A@76CA@54B3@827574A23FD5','2015-08-09 11:16:54','2015-08-09 11:16:54');

/*!40000 ALTER TABLE `tb_enterprise` ENABLE KEYS */;
UNLOCK TABLES;


# Dump of table tb_function
# ------------------------------------------------------------

DROP TABLE IF EXISTS `tb_function`;

CREATE TABLE `tb_function` (
  `id` int(11) unsigned NOT NULL AUTO_INCREMENT,
  `function_code` varchar(64) NOT NULL DEFAULT '' COMMENT '功能code',
  `function_name` varchar(64) NOT NULL DEFAULT '' COMMENT '功能名字',
  `function_url` varchar(64) NOT NULL DEFAULT '' COMMENT '功能url入口',
  `description` varchar(1024) DEFAULT NULL,
  `enterprise_type` tinyint(4) NOT NULL COMMENT '企业类型',
  `created_at` timestamp NOT NULL DEFAULT CURRENT_TIMESTAMP,
  `updated_at` timestamp NOT NULL DEFAULT '0000-00-00 00:00:00',
  PRIMARY KEY (`id`)
) ENGINE=InnoDB DEFAULT CHARSET=utf8;

LOCK TABLES `tb_function` WRITE;
/*!40000 ALTER TABLE `tb_function` DISABLE KEYS */;

INSERT INTO `tb_function` (`id`, `function_code`, `function_name`, `function_url`, `description`, `enterprise_type`, `created_at`, `updated_at`)
VALUES
	(1,'BDB08B57@B024@29F8@C1C0@E1366DD3F4B4','fName31051','furl1982','desc',1,'2015-08-09 11:16:54','2015-08-09 11:16:54'),
	(2,'4AB49FD3@733B@634F@EB74@5C54E40DB85B','fName13049','furl1208','desc',1,'2015-08-09 11:16:54','2015-08-09 11:16:54'),
	(3,'72A96CBE@E000@43D7@ED8F@18818A3A3841','fName90094','furl1684','desc',1,'2015-08-09 11:16:54','2015-08-09 11:16:54'),
	(4,'C0FBCEA6@D1F4@3279@255E@AF776635C02D','fName50581','furl1875','desc',1,'2015-08-09 11:16:54','2015-08-09 11:16:54'),
	(5,'FB6D49C7@167A@D6DE@8291@236A169D1B8D','fName36795','furl1639','desc',1,'2015-08-09 11:16:54','2015-08-09 11:16:54'),
	(6,'78F62844@5C69@4EF1@3B94@0F1489DD63EE','fName81955','furl1580','desc',1,'2015-08-09 11:16:54','2015-08-09 11:16:54'),
	(7,'0D225235@A112@404F@EEAE@A31A9A72D05C','fName14509','furl133','desc',1,'2015-08-09 11:16:54','2015-08-09 11:16:54'),
	(8,'3BE877B0@5521@93E9@D07C@020E896495D2','fName74592','furl1240','desc',1,'2015-08-09 11:16:54','2015-08-09 11:16:54'),
	(9,'1E48F731@08CB@F043@2864@1792C8B7FF51','fName62636','furl164','desc',1,'2015-08-09 11:16:54','2015-08-09 11:16:54'),
	(10,'82E6F6D1@0961@85CA@43EA@5C30451836F0','fName35318','furl1807','desc',1,'2015-08-09 11:16:54','2015-08-09 11:16:54'),
	(11,'401AC39E@27B7@479F@419B@C98B00780AC3','fName86254','furl148','desc',1,'2015-08-09 11:16:54','2015-08-09 11:16:54'),
	(12,'C028DDF3@1F2E@F1E2@A2E7@E0C22A0CCE92','fName44957','furl181','desc',1,'2015-08-09 11:16:54','2015-08-09 11:16:54'),
	(13,'5F3BE6D4@91C3@09CF@1ADB@C7F7A0F9371D','fName14696','furl1963','desc',1,'2015-08-09 11:16:54','2015-08-09 11:16:54'),
	(14,'9C167475@7AA3@9814@A160@06966E08C534','fName85147','furl1419','desc',1,'2015-08-09 11:16:54','2015-08-09 11:16:54'),
	(15,'792E4E33@C789@400E@3826@57F98C480E8C','fName26375','furl1714','desc',1,'2015-08-09 11:16:54','2015-08-09 11:16:54'),
	(16,'B2DF3CA0@88B2@E795@7562@5CCF9988D723','fName58451','furl1515','desc',1,'2015-08-09 11:16:54','2015-08-09 11:16:54'),
	(17,'6F56583F@74AB@28EB@6D49@5C6EEA76E792','fName17849','furl1565','desc',1,'2015-08-09 11:16:54','2015-08-09 11:16:54'),
	(18,'8A741D28@D770@5226@1FAF@AFA94801A22F','fName66021','furl1285','desc',1,'2015-08-09 11:16:54','2015-08-09 11:16:54'),
	(19,'7E8F19A7@72DA@8692@A134@846D4F1745EC','fName44641','furl1865','desc',1,'2015-08-09 11:16:54','2015-08-09 11:16:54'),
	(20,'DDE7E4AB@69C6@FF49@3446@20E475CD0C35','fName67527','furl1153','desc',1,'2015-08-09 11:16:54','2015-08-09 11:16:54'),
	(21,'C07C7D4C@6BDB@E506@3BC2@8B2AB623473B','fName90795','furl1992','desc',1,'2015-08-09 11:16:54','2015-08-09 11:16:54'),
	(22,'FDA3E515@8B9F@700C@74AD@54F35E07BCD0','fName22416','furl1386','desc',1,'2015-08-09 11:16:54','2015-08-09 11:16:54'),
	(23,'FC49AB15@3358@BB33@1502@72D63811B1F1','fName62070','furl1438','desc',1,'2015-08-09 11:16:54','2015-08-09 11:16:54'),
	(24,'DFB9706C@759C@454B@DE70@27B57397F6BC','fName73001','furl1274','desc',1,'2015-08-09 11:16:55','2015-08-09 11:16:55'),
	(25,'7D8D95A9@34CD@ED39@AE9C@80770CA3F504','fName3','fUrl4','desc',1,'2015-08-09 11:16:55','2015-08-09 11:16:55'),
	(26,'30EF0414@B763@DF00@3059@BB6E5F9EDE78','fName4','furl1','desc',1,'2015-08-09 11:16:55','2015-08-09 11:16:55'),
	(27,'FBDB8CBD@829C@1038@8FE2@1EA015A069AD','fName5','fUrl3','desc',1,'2015-08-09 11:16:55','2015-08-09 11:16:55'),
	(28,'21FCE734@B17D@54E7@FA64@5C3987377588','fName6','fUrl4','desc',1,'2015-08-09 11:16:55','2015-08-09 11:16:55'),
	(29,'7A8833EC@E789@16F6@F3B1@C5A5EC3178F2','fName7','furl1','desc',1,'2015-08-09 11:16:55','2015-08-09 11:16:55'),
	(30,'7A50220F@738A@8B91@B878@026B319F3217','fName8','fUrl3','desc',1,'2015-08-09 11:16:55','2015-08-09 11:16:55'),
	(31,'52EC9E61@40D2@0129@ABC3@19E363C0FC85','fName9','fUrl4','desc',1,'2015-08-09 11:16:55','2015-08-09 11:16:55'),
	(32,'F74A99DB@2C58@40AA@ADDA@94DC622F8CF7','fName84034','furl1238','desc',1,'2015-08-09 11:44:31','2015-08-09 11:44:31'),
	(33,'924946B6@6B9F@0644@49A8@36B34A41749C','fName63723','furl1573','desc',1,'2015-08-09 11:45:45','2015-08-09 11:45:45'),
	(34,'DFDB51C4@318C@50C8@677D@D6F1E8F51196','fName91930','furl1232','desc',1,'2015-08-09 11:46:27','2015-08-09 11:46:27'),
	(35,'C4D6D58D@78E7@2382@EC94@B536B366F220','fName60315','furl1716','desc',1,'2015-08-09 11:46:30','2015-08-09 11:46:30'),
	(36,'8B4F387C@2211@85B4@0B76@EE5C1B3449ED','fName93173','furl1736','desc',1,'2015-08-09 11:46:36','2015-08-09 11:46:36'),
	(37,'E10CDD12@3EED@6F8D@963E@2C35457CCBC3','fName95470','furl1792','desc',1,'2015-08-09 11:46:36','2015-08-09 11:46:36'),
	(38,'CD6D1272@445E@F223@7A07@490CB7A6B942','fName22296','furl1432','desc',1,'2015-08-09 11:46:36','2015-08-09 11:46:36'),
	(39,'2F0F0CCD@C040@3DE4@D5BF@6FEBC009021D','fName74698','furl1186','desc',1,'2015-08-09 11:46:36','2015-08-09 11:46:36'),
	(40,'9DCFE3CD@0E0B@E65D@32B1@FD1D05B3662A','fName11374','furl1740','desc',1,'2015-08-09 11:46:37','2015-08-09 11:46:37'),
	(41,'0CA2A0F6@88F3@E622@7621@AFC6505DA434','fName81288','furl1164','desc',1,'2015-08-09 11:46:37','2015-08-09 11:46:37'),
	(42,'C495380C@EB94@5138@6FD7@CD94C653888E','fName25552','furl1979','desc',1,'2015-08-09 11:46:37','2015-08-09 11:46:37'),
	(43,'36130D39@04E1@0B0A@60EC@9B6AA3710038','fName97076','furl1580','desc',1,'2015-08-09 11:46:37','2015-08-09 11:46:37'),
	(44,'95D9EFE9@5B1B@EA79@F461@6CA273CBFD5A','fName62073','furl1491','desc',1,'2015-08-09 11:46:37','2015-08-09 11:46:37'),
	(45,'5AF05C49@0932@C9B3@4193@B3147677CA34','fName78914','furl154','desc',1,'2015-08-09 11:46:37','2015-08-09 11:46:37'),
	(46,'B1A4C9E2@3F6F@41CD@C4EB@93D546578155','fName31786','furl1970','desc',1,'2015-08-09 11:46:37','2015-08-09 11:46:37'),
	(47,'7DB8F984@A429@F764@C6B8@20B1353443D1','fName88945','furl1920','desc',1,'2015-08-09 11:46:37','2015-08-09 11:46:37'),
	(48,'C15E2FD3@74A6@2914@910B@1C2D5762F9A0','fName81718','furl165','desc',1,'2015-08-09 11:46:37','2015-08-09 11:46:37'),
	(49,'E9C61778@00F0@7A93@C23F@9983A4FF6F68','fName50906','furl1777','desc',1,'2015-08-09 11:46:37','2015-08-09 11:46:37'),
	(50,'6FCEE333@3F84@4C41@B70B@CE37BBA13975','fName36915','furl1792','desc',1,'2015-08-09 11:46:37','2015-08-09 11:46:37'),
	(51,'926BD2B2@E770@6165@AB32@2D88871DAD86','fName42321','furl1586','desc',1,'2015-08-09 11:46:37','2015-08-09 11:46:37'),
	(52,'E929805B@AE79@7276@3256@D1C0F0485173','fName23823','furl1757','desc',1,'2015-08-09 11:46:37','2015-08-09 11:46:37'),
	(53,'3F4792A9@5B74@F00D@4019@B98E7B5CA846','fName26102','furl1725','desc',1,'2015-08-09 11:46:37','2015-08-09 11:46:37'),
	(54,'5D1F50CC@00CF@C81E@8082@11874ACF85E5','fName79528','furl1307','desc',1,'2015-08-09 11:46:37','2015-08-09 11:46:37'),
	(55,'C3E2F8DB@7F63@00F8@3439@68625C080CB5','fName63116','furl175','desc',1,'2015-08-09 11:46:37','2015-08-09 11:46:37'),
	(56,'2DF2BFA9@9775@0808@77B3@62E8B4A871AA','fName3','fUrl4','desc',1,'2015-08-09 11:46:37','2015-08-09 11:46:37'),
	(57,'E9B2634D@B658@497B@FBD3@F9E12C58903B','fName4','furl1','desc',1,'2015-08-09 11:46:37','2015-08-09 11:46:37'),
	(58,'FA0E3C84@C26E@2D5D@9B39@5F3AD9C0F6AA','fName5','fUrl3','desc',1,'2015-08-09 11:46:37','2015-08-09 11:46:37'),
	(59,'D2FF677F@528D@8EE9@5738@AA789858B431','fName6','fUrl4','desc',1,'2015-08-09 11:46:37','2015-08-09 11:46:37'),
	(60,'9D66786D@30C9@CC08@1B82@030D23EBB522','fName7','furl1','desc',1,'2015-08-09 11:46:37','2015-08-09 11:46:37'),
	(61,'E8FC041D@42D1@6E1E@28F9@CA6E380FDA9E','fName8','fUrl3','desc',1,'2015-08-09 11:46:37','2015-08-09 11:46:37'),
	(62,'1935A170@238E@BA79@141A@7FF3C7F8D0D9','fName9','fUrl4','desc',1,'2015-08-09 11:46:37','2015-08-09 11:46:37');

/*!40000 ALTER TABLE `tb_function` ENABLE KEYS */;
UNLOCK TABLES;


# Dump of table users
# ------------------------------------------------------------

DROP TABLE IF EXISTS `users`;

CREATE TABLE `users` (
  `id` int(10) unsigned NOT NULL AUTO_INCREMENT,
  `user_id` varchar(64) COLLATE utf8_unicode_ci NOT NULL DEFAULT '',
  `created_at` timestamp NOT NULL DEFAULT '0000-00-00 00:00:00',
  `updated_at` timestamp NOT NULL DEFAULT '0000-00-00 00:00:00',
  `usertype` int(11) NOT NULL COMMENT '用户类型（货代 车队 司机）',
  `mobile` char(32) COLLATE utf8_unicode_ci NOT NULL,
  `telephone_number` varchar(48) COLLATE utf8_unicode_ci DEFAULT NULL COMMENT '座机电话',
  `contactName` varchar(64) COLLATE utf8_unicode_ci DEFAULT '' COMMENT '联系人',
  `contactNumber` varchar(32) COLLATE utf8_unicode_ci DEFAULT '' COMMENT '联系电话',
  `pwd` char(64) COLLATE utf8_unicode_ci NOT NULL,
  `salt` char(32) COLLATE utf8_unicode_ci NOT NULL,
  `enable` tinyint(1) NOT NULL DEFAULT '1' COMMENT '是否有效',
  `regist_platform` tinyint(4) DEFAULT NULL,
  `remember_token` varchar(64) COLLATE utf8_unicode_ci DEFAULT NULL,
  `regist_version` varchar(16) COLLATE utf8_unicode_ci NOT NULL,
  `username` varchar(32) COLLATE utf8_unicode_ci DEFAULT NULL COMMENT '用户名',
  `email` varchar(32) COLLATE utf8_unicode_ci DEFAULT NULL COMMENT '邮箱',
  `invite_userid` varchar(64) COLLATE utf8_unicode_ci DEFAULT '' COMMENT '邀请的userid',
  `avatarpicurl` varchar(128) COLLATE utf8_unicode_ci DEFAULT NULL COMMENT '头像',
  `enterprise_licence` varchar(64) COLLATE utf8_unicode_ci DEFAULT '' COMMENT '企业执照注册号',
  `enterpriseid` varchar(64) COLLATE utf8_unicode_ci DEFAULT '' COMMENT '企业id',
  `unverify_enterprisename` varchar(128) COLLATE utf8_unicode_ci DEFAULT '' COMMENT '待认证的企业名字',
  `enterprise_groupid` int(11) unsigned DEFAULT NULL COMMENT 'groupid',
  `invite_token` varchar(128) COLLATE utf8_unicode_ci DEFAULT NULL COMMENT '合作好友邀请码',
  `real_name` varchar(32) COLLATE utf8_unicode_ci DEFAULT NULL COMMENT '真实姓名',
  PRIMARY KEY (`id`),
  UNIQUE KEY `user_id` (`user_id`),
  UNIQUE KEY `uni_name` (`username`),
  UNIQUE KEY `uni_token` (`invite_token`)
) ENGINE=InnoDB DEFAULT CHARSET=utf8 COLLATE=utf8_unicode_ci;

LOCK TABLES `users` WRITE;
/*!40000 ALTER TABLE `users` DISABLE KEYS */;

INSERT INTO `users` (`id`, `user_id`, `created_at`, `updated_at`, `usertype`, `mobile`, `telephone_number`, `contactName`, `contactNumber`, `pwd`, `salt`, `enable`, `regist_platform`, `remember_token`, `regist_version`, `username`, `email`, `invite_userid`, `avatarpicurl`, `enterprise_licence`, `enterpriseid`, `unverify_enterprisename`, `enterprise_groupid`, `invite_token`, `real_name`)
VALUES
	(796209320,'8722FB4C@5D6A@76CA@54B3@827574A23FD5','0000-00-00 00:00:00','0000-00-00 00:00:00',1,'1364429932',NULL,NULL,'','8d421e892a47dff539f46142eb09e56b','1234',1,1,NULL,'1.0','who',NULL,'','http://7xjljc.com2.z0.glb.qiniucdn.com/FgPOIcjGnZiYC4z1j7yOed6eCS_V','','9E2BDAE1@C452@BB5C@9900@E8449F947476','',1,NULL,NULL),
	(866714683,'B30E3CDA@FC78@8240@BD10@15663A394E0A','0000-00-00 00:00:00','0000-00-00 00:00:00',1,'1363161932',NULL,'\"\"','','8d421e892a47dff539f46142eb09e56b','1234',1,1,NULL,'1.0','who37221',NULL,'','http://7xjljc.com2.z0.glb.qiniucdn.com/FgPOIcjGnZiYC4z1j7yOed6eCS_V','','9E2BDAE1@C452@BB5C@9900@E8449F947476','',2,NULL,NULL),
	(866714684,'13CD2B41@19FC@7457@813D@6EB8A80D58CD','2015-08-09 11:54:05','2015-08-09 11:54:05',1,'1369842932',NULL,'','','8d421e892a47dff539f46142eb09e56b','1234',1,0,'12387457','1.0','who92508','','','http://7xjljc.com2.z0.glb.qiniucdn.com/FgPOIcjGnZiYC4z1j7yOed6eCS_V','','9E2BDAE1@C452@BB5C@9900@E8449F947476','',2,'',''),
	(866714686,'18BF9B57@AFF5@D804@D400@FF2A30548D10','2015-08-09 11:55:09','2015-08-09 11:55:09',1,'1365357932',NULL,'','','8d421e892a47dff539f46142eb09e56b','1234',1,0,'12339442','1.0','who10550','','','http://7xjljc.com2.z0.glb.qiniucdn.com/FgPOIcjGnZiYC4z1j7yOed6eCS_V','','9E2BDAE1@C452@BB5C@9900@E8449F947476','',2,'C556309B@1D70@D1EA@A8E5@120EA50054DB',''),
	(866714687,'A063FB85@3123@818A@E2B1@949191501217','2015-08-09 11:55:09','2015-08-09 11:55:09',0,'1362208932',NULL,'','','8d421e892a47dff539f46142eb09e56b','1234',1,0,'123155637','1.0','who36659','','','http://7xjljc.com2.z0.glb.qiniucdn.com/FgPOIcjGnZiYC4z1j7yOed6eCS_V','','9E2BDAE1@C452@BB5C@9900@E8449F947476','',5,'r235EE599@D6F4@6E2F@1F99@A6451FF7C613',''),
	(866714688,'52E89BC4@EBAC@723D@42D8@5932FAE6A2FC','2015-08-09 11:55:09','2015-08-09 11:55:09',0,'1367056932',NULL,'','','8d421e892a47dff539f46142eb09e56b','1234',1,0,'123154734','1.0','who91616','','','http://7xjljc.com2.z0.glb.qiniucdn.com/FgPOIcjGnZiYC4z1j7yOed6eCS_V','','9E2BDAE1@C452@BB5C@9900@E8449F947476','',4,'r84B69340@12D6@8429@9D3D@4608F7A75DD5',''),
	(866714689,'284E1C11@4806@6E2B@0026@B867B5563185','2015-08-09 11:55:09','2015-08-09 11:55:09',0,'1368984932',NULL,'','','8d421e892a47dff539f46142eb09e56b','1234',1,0,'12353311','1.0','who37622','','','http://7xjljc.com2.z0.glb.qiniucdn.com/FgPOIcjGnZiYC4z1j7yOed6eCS_V','','9E2BDAE1@C452@BB5C@9900@E8449F947476','',1,'r0B2944D6@50BF@93E5@F1DD@6953B5C3C3E4',''),
	(866714690,'48CF32F2@F681@3AD5@51E9@FDBBE3A9358A','2015-08-09 11:55:09','2015-08-09 11:55:09',1,'1364198932',NULL,'','','8d421e892a47dff539f46142eb09e56b','1234',1,0,'12357441','1.0','who12617','','','http://7xjljc.com2.z0.glb.qiniucdn.com/FgPOIcjGnZiYC4z1j7yOed6eCS_V','','9E2BDAE1@C452@BB5C@9900@E8449F947476','',2,'rCFDF4661@AF24@0DA5@223F@6CF0997CD8F2',''),
	(866714691,'DBACBE53@7339@8120@3210@0B314C435602','2015-08-09 11:55:09','2015-08-09 11:55:09',1,'1368302932',NULL,'','','8d421e892a47dff539f46142eb09e56b','1234',1,0,'123163511','1.0','who87393','','','http://7xjljc.com2.z0.glb.qiniucdn.com/FgPOIcjGnZiYC4z1j7yOed6eCS_V','','9E2BDAE1@C452@BB5C@9900@E8449F947476','',4,'rF46571BF@3377@BA48@8B63@D76184D8B34B',''),
	(866714692,'7CEA6FD1@780F@C618@0AF3@9B68D3E863F2','2015-08-09 11:55:09','2015-08-09 11:55:09',0,'1365600932',NULL,'','','8d421e892a47dff539f46142eb09e56b','1234',1,0,'123161499','1.0','who22821','','','http://7xjljc.com2.z0.glb.qiniucdn.com/FgPOIcjGnZiYC4z1j7yOed6eCS_V','','9E2BDAE1@C452@BB5C@9900@E8449F947476','',6,'r559F92DC@1138@FA2B@D851@ECFB4C5CD3E5',''),
	(866714693,'D89374C3@FB43@52DD@3BB7@16F097B2ADBC','2015-08-09 11:55:09','2015-08-09 11:55:09',1,'1364371932',NULL,'','','8d421e892a47dff539f46142eb09e56b','1234',1,0,'12356373','1.0','who41027','','','http://7xjljc.com2.z0.glb.qiniucdn.com/FgPOIcjGnZiYC4z1j7yOed6eCS_V','','9E2BDAE1@C452@BB5C@9900@E8449F947476','',5,'r66609880@3C36@BCFE@2582@9C735C00B899',''),
	(866714694,'6548D60A@82F4@C4E1@7C3C@8CB8C20BEB98','2015-08-09 11:55:09','2015-08-09 11:55:09',0,'1361228932',NULL,'','','8d421e892a47dff539f46142eb09e56b','1234',1,0,'12366532','1.0','who14561','','','http://7xjljc.com2.z0.glb.qiniucdn.com/FgPOIcjGnZiYC4z1j7yOed6eCS_V','','9E2BDAE1@C452@BB5C@9900@E8449F947476','',2,'rDC916535@9272@CD5F@DA1C@2D60BEBDD27D',''),
	(866714695,'D5A15CF3@7608@90AA@C9EA@8C65195D974D','2015-08-09 11:55:09','2015-08-09 11:55:09',0,'1364968932',NULL,'','','8d421e892a47dff539f46142eb09e56b','1234',1,0,'12394048','1.0','who90891','','','http://7xjljc.com2.z0.glb.qiniucdn.com/FgPOIcjGnZiYC4z1j7yOed6eCS_V','','9E2BDAE1@C452@BB5C@9900@E8449F947476','',2,'r817FA8F6@7799@58F2@3E4D@CD30F046A4FE',''),
	(866714696,'0C3A72CF@9278@B8B6@97E0@1573E91FAAB1','2015-08-09 11:55:09','2015-08-09 11:55:09',0,'1367894932',NULL,'','','8d421e892a47dff539f46142eb09e56b','1234',1,0,'123125229','1.0','who44102','','','http://7xjljc.com2.z0.glb.qiniucdn.com/FgPOIcjGnZiYC4z1j7yOed6eCS_V','','9E2BDAE1@C452@BB5C@9900@E8449F947476','',1,'rEBF5E2E4@4067@B765@0535@D34D0FE52491',''),
	(866714697,'CE8F9D57@E2C2@B7AD@8ED6@8A5C4C7321BA','2015-08-09 11:55:09','2015-08-09 11:55:09',0,'1364395932',NULL,'','','8d421e892a47dff539f46142eb09e56b','1234',1,0,'123103987','1.0','who88396','','','http://7xjljc.com2.z0.glb.qiniucdn.com/FgPOIcjGnZiYC4z1j7yOed6eCS_V','','9E2BDAE1@C452@BB5C@9900@E8449F947476','',1,'r774B6497@E489@EC3C@934C@A0D299BF2B81',''),
	(866714698,'AF6C93ED@3CAE@6299@D22D@281FDBEEA71B','2015-08-09 11:55:09','2015-08-09 11:55:09',1,'1364309932',NULL,'','','8d421e892a47dff539f46142eb09e56b','1234',1,0,'123142529','1.0','who75398','','','http://7xjljc.com2.z0.glb.qiniucdn.com/FgPOIcjGnZiYC4z1j7yOed6eCS_V','','9E2BDAE1@C452@BB5C@9900@E8449F947476','',6,'rA28D6E9B@83CC@048E@A001@015C62539E23',''),
	(866714699,'ADBB70A9@2803@4E3B@F294@B1CEDD6670D2','2015-08-09 11:55:09','2015-08-09 11:55:09',1,'1366905932',NULL,'','','8d421e892a47dff539f46142eb09e56b','1234',1,0,'123141408','1.0','who72056','','','http://7xjljc.com2.z0.glb.qiniucdn.com/FgPOIcjGnZiYC4z1j7yOed6eCS_V','','9E2BDAE1@C452@BB5C@9900@E8449F947476','',2,'r784ACA50@4DD7@8B9B@15E3@67051E75501D',''),
	(866714700,'B87FB62E@D5D3@4330@E0F0@C32D9A391BFA','2015-08-09 11:55:10','2015-08-09 11:55:10',1,'1367814932',NULL,'','','8d421e892a47dff539f46142eb09e56b','1234',1,0,'123131226','1.0','who48461','','','http://7xjljc.com2.z0.glb.qiniucdn.com/FgPOIcjGnZiYC4z1j7yOed6eCS_V','','9E2BDAE1@C452@BB5C@9900@E8449F947476','',3,'r24C74B8A@9CF4@4E94@1280@7511C1C3A402',''),
	(866714701,'585F89F6@733F@4ACA@9F4D@FBFCA6585F2D','2015-08-09 11:55:10','2015-08-09 11:55:10',1,'1361474932',NULL,'','','8d421e892a47dff539f46142eb09e56b','1234',1,0,'12386389','1.0','who91504','','','http://7xjljc.com2.z0.glb.qiniucdn.com/FgPOIcjGnZiYC4z1j7yOed6eCS_V','','9E2BDAE1@C452@BB5C@9900@E8449F947476','',2,'r14CEA872@B9FA@8B8F@61A2@A0BCB8C35D72',''),
	(866714702,'06E57A95@7C7A@4938@603A@1BDF26401925','2015-08-09 11:55:10','2015-08-09 11:55:10',1,'1369905932',NULL,'','','8d421e892a47dff539f46142eb09e56b','1234',1,0,'123172130','1.0','who40717','','','http://7xjljc.com2.z0.glb.qiniucdn.com/FgPOIcjGnZiYC4z1j7yOed6eCS_V','','9E2BDAE1@C452@BB5C@9900@E8449F947476','',5,'rB5977EBF@72C0@B558@1A3B@B282BFC42910',''),
	(866714703,'84A338B4@7895@018B@B7F6@6F7C94B389D2','2015-08-09 11:55:10','2015-08-09 11:55:10',1,'1368406932',NULL,'','','8d421e892a47dff539f46142eb09e56b','1234',1,0,'123109966','1.0','who34987','','','http://7xjljc.com2.z0.glb.qiniucdn.com/FgPOIcjGnZiYC4z1j7yOed6eCS_V','','9E2BDAE1@C452@BB5C@9900@E8449F947476','',7,'r8C0941CD@D70F@186A@AF81@0BBC8491653D',''),
	(866714704,'E548B9FE@920A@86D7@F05A@C5E848E91E0E','2015-08-09 11:55:10','2015-08-09 11:55:10',0,'1368326932',NULL,'','','8d421e892a47dff539f46142eb09e56b','1234',1,0,'123100771','1.0','who25934','','','http://7xjljc.com2.z0.glb.qiniucdn.com/FgPOIcjGnZiYC4z1j7yOed6eCS_V','','9E2BDAE1@C452@BB5C@9900@E8449F947476','',6,'rA51801FB@7553@A3F4@A24D@8687DD637F54',''),
	(866714705,'7D8D4F4F@A134@5D58@97FB@3FBD8A5F5B24','2015-08-09 11:55:10','2015-08-09 11:55:10',1,'1368959932',NULL,'','','8d421e892a47dff539f46142eb09e56b','1234',1,0,'12362410','1.0','who28668','','','http://7xjljc.com2.z0.glb.qiniucdn.com/FgPOIcjGnZiYC4z1j7yOed6eCS_V','','9E2BDAE1@C452@BB5C@9900@E8449F947476','',2,'rE858F034@B934@3F24@28B6@0E466FB5E437',''),
	(866714706,'1351301C@18CC@27C3@14F0@AFC1CB4CE1D1','2015-08-09 11:55:10','2015-08-09 11:55:10',0,'1361652932',NULL,'','','8d421e892a47dff539f46142eb09e56b','1234',1,0,'123195626','1.0','who44620','','','http://7xjljc.com2.z0.glb.qiniucdn.com/FgPOIcjGnZiYC4z1j7yOed6eCS_V','','9E2BDAE1@C452@BB5C@9900@E8449F947476','',7,'rE003BE31@67BE@1562@0E9C@8D89DDAA422C',''),
	(866714707,'26054E07@1160@3BFD@B47B@F9A4C64E456D','2015-08-09 11:55:10','2015-08-09 11:55:10',1,'1368613932',NULL,'','','8d421e892a47dff539f46142eb09e56b','1234',1,0,'12337539','1.0','who96137','','','http://7xjljc.com2.z0.glb.qiniucdn.com/FgPOIcjGnZiYC4z1j7yOed6eCS_V','','9E2BDAE1@C452@BB5C@9900@E8449F947476','',5,'rAF479120@0C73@8C55@BAE4@EF43F70FCB99',''),
	(866714708,'D396908D@CF75@C280@BD5A@4DE195AAB9A1','2015-08-09 11:55:10','2015-08-09 11:55:10',1,'1368284932',NULL,'','','8d421e892a47dff539f46142eb09e56b','1234',1,0,'12317508','1.0','who38247','','','http://7xjljc.com2.z0.glb.qiniucdn.com/FgPOIcjGnZiYC4z1j7yOed6eCS_V','','9E2BDAE1@C452@BB5C@9900@E8449F947476','',4,'rE5C4FF57@5489@B5F8@BD8A@CBB0BF46332F',''),
	(866714709,'E594CC5D@36F6@2552@D94F@6404167228CD','2015-08-09 11:55:10','2015-08-09 11:55:10',1,'1363715932',NULL,'','','8d421e892a47dff539f46142eb09e56b','1234',1,0,'12395808','1.0','who20766','','','http://7xjljc.com2.z0.glb.qiniucdn.com/FgPOIcjGnZiYC4z1j7yOed6eCS_V','','9E2BDAE1@C452@BB5C@9900@E8449F947476','',3,'r3BE712E1@67FA@0E72@9E5E@9AD5D0C0E114',''),
	(866714710,'A15F0A22@574C@87E3@2E65@29D2BEFDED95','2015-08-09 11:55:10','2015-08-09 11:55:10',0,'1369555932',NULL,'','','8d421e892a47dff539f46142eb09e56b','1234',1,0,'12331683','1.0','who77727','','','http://7xjljc.com2.z0.glb.qiniucdn.com/FgPOIcjGnZiYC4z1j7yOed6eCS_V','','9E2BDAE1@C452@BB5C@9900@E8449F947476','',5,'r440005D8@1D59@8FC5@0948@EFFCC505F31C',''),
	(866714711,'9D184446@AFF3@D8BE@B3CD@FA5EB1FFF2E0','2015-08-09 11:55:10','2015-08-09 11:55:10',1,'1366139932',NULL,'','','8d421e892a47dff539f46142eb09e56b','1234',1,0,'123191144','1.0','who55652','','','http://7xjljc.com2.z0.glb.qiniucdn.com/FgPOIcjGnZiYC4z1j7yOed6eCS_V','','9E2BDAE1@C452@BB5C@9900@E8449F947476','',3,'rBCE1DA76@2516@5FBC@F9E5@17FE6046DC22',''),
	(866714712,'5FD95E72@24BE@5308@FAA7@349263D148AB','2015-08-09 11:55:10','2015-08-09 11:55:10',0,'1369441932',NULL,'','','8d421e892a47dff539f46142eb09e56b','1234',1,0,'123179018','1.0','who25079','','','http://7xjljc.com2.z0.glb.qiniucdn.com/FgPOIcjGnZiYC4z1j7yOed6eCS_V','','9E2BDAE1@C452@BB5C@9900@E8449F947476','',6,'r8BE324BA@E70F@BECF@C64B@8358180F7188',''),
	(866714713,'17C48725@3460@2D47@B13E@B446291896D3','2015-08-09 11:55:10','2015-08-09 11:55:10',0,'1364119932',NULL,'','','8d421e892a47dff539f46142eb09e56b','1234',1,0,'123132133','1.0','who42531','','','http://7xjljc.com2.z0.glb.qiniucdn.com/FgPOIcjGnZiYC4z1j7yOed6eCS_V','','9E2BDAE1@C452@BB5C@9900@E8449F947476','',1,'r2C87EF41@BB70@EDDA@E086@A89367D15DDC',''),
	(866714714,'EF3FDB6A@5BD5@1355@E43B@42A9BE0E810A','2015-08-09 11:55:10','2015-08-09 11:55:10',1,'1365942932',NULL,'','','8d421e892a47dff539f46142eb09e56b','1234',1,0,'123133785','1.0','who36246','','','http://7xjljc.com2.z0.glb.qiniucdn.com/FgPOIcjGnZiYC4z1j7yOed6eCS_V','','9E2BDAE1@C452@BB5C@9900@E8449F947476','',3,'r21DF290A@A2A6@FF82@E752@8356C8830391',''),
	(866714715,'AF43D13A@5619@2CE2@AB6D@C7E27CACCCD8','2015-08-09 11:55:10','2015-08-09 11:55:10',0,'1367536932',NULL,'','','8d421e892a47dff539f46142eb09e56b','1234',1,0,'12395809','1.0','who93470','','','http://7xjljc.com2.z0.glb.qiniucdn.com/FgPOIcjGnZiYC4z1j7yOed6eCS_V','','9E2BDAE1@C452@BB5C@9900@E8449F947476','',1,'r5E2B27F7@C4F8@D9DF@A9E9@12ADD4190D63',''),
	(866714716,'4F768DE1@77C8@99CD@8E40@AF5ED8F10375','2015-08-09 11:55:10','2015-08-09 11:55:10',0,'1366240932',NULL,'','','8d421e892a47dff539f46142eb09e56b','1234',1,0,'12318001','1.0','who22920','','','http://7xjljc.com2.z0.glb.qiniucdn.com/FgPOIcjGnZiYC4z1j7yOed6eCS_V','','9E2BDAE1@C452@BB5C@9900@E8449F947476','',2,'rB80EC020@E1DA@5B44@6026@72C70C716839',''),
	(866714717,'EB71A23B@FF00@4DAE@723D@2E523A3851F8','2015-08-09 11:55:10','2015-08-09 11:55:10',1,'1364889932',NULL,'','','8d421e892a47dff539f46142eb09e56b','1234',1,0,'123119989','1.0','who31096','','','http://7xjljc.com2.z0.glb.qiniucdn.com/FgPOIcjGnZiYC4z1j7yOed6eCS_V','','9E2BDAE1@C452@BB5C@9900@E8449F947476','',5,'r26188A09@05B3@2C69@E9E8@C383BF632C59',''),
	(866714718,'A56C128F@AF4A@7A2B@5DAB@6AAC9F2254F0','2015-08-09 11:55:10','2015-08-09 11:55:10',0,'1365074932',NULL,'','','8d421e892a47dff539f46142eb09e56b','1234',1,0,'123162865','1.0','who41973','','','http://7xjljc.com2.z0.glb.qiniucdn.com/FgPOIcjGnZiYC4z1j7yOed6eCS_V','','9E2BDAE1@C452@BB5C@9900@E8449F947476','',6,'r09C52575@58C1@F36F@0188@B69C9FD06244',''),
	(866714719,'0D48CF8C@0520@A824@65CE@392E574488CE','2015-08-09 11:55:11','2015-08-09 11:55:11',0,'1363103932',NULL,'','','8d421e892a47dff539f46142eb09e56b','1234',1,0,'123105120','1.0','who78531','','','http://7xjljc.com2.z0.glb.qiniucdn.com/FgPOIcjGnZiYC4z1j7yOed6eCS_V','','9E2BDAE1@C452@BB5C@9900@E8449F947476','',6,'rE834C5A2@C818@9E84@947E@0C2C5CAF602F',''),
	(866714720,'61858C09@B1AA@FF82@55B1@409F5DBCB971','2015-08-09 11:55:11','2015-08-09 11:55:11',1,'1362734932',NULL,'','','8d421e892a47dff539f46142eb09e56b','1234',1,0,'12324122','1.0','who43977','','','http://7xjljc.com2.z0.glb.qiniucdn.com/FgPOIcjGnZiYC4z1j7yOed6eCS_V','','9E2BDAE1@C452@BB5C@9900@E8449F947476','',6,'r67BB3D25@1224@83F2@650E@3547EADCC1A5',''),
	(866714721,'508C754A@FE48@8BF7@C335@D9CCC46154BA','2015-08-09 11:55:11','2015-08-09 11:55:11',1,'1366574932',NULL,'','','8d421e892a47dff539f46142eb09e56b','1234',1,0,'123152619','1.0','who84805','','','http://7xjljc.com2.z0.glb.qiniucdn.com/FgPOIcjGnZiYC4z1j7yOed6eCS_V','','9E2BDAE1@C452@BB5C@9900@E8449F947476','',7,'r1510FABD@6E26@884E@2285@AA4E376BA085',''),
	(866714722,'202D93A5@5FC9@6754@BB41@2BCBE7822E7C','2015-08-09 11:55:11','2015-08-09 11:55:11',0,'1365760932',NULL,'','','8d421e892a47dff539f46142eb09e56b','1234',1,0,'123152697','1.0','who73468','','','http://7xjljc.com2.z0.glb.qiniucdn.com/FgPOIcjGnZiYC4z1j7yOed6eCS_V','','9E2BDAE1@C452@BB5C@9900@E8449F947476','',3,'r3C8CB0B6@BA08@415B@DBB3@4B9C282ABB87',''),
	(866714723,'C701D40B@7196@0A1C@3F9C@C1373559D60A','2015-08-09 11:55:11','2015-08-09 11:55:11',0,'1366881932',NULL,'','','8d421e892a47dff539f46142eb09e56b','1234',1,0,'1231846','1.0','who68850','','','http://7xjljc.com2.z0.glb.qiniucdn.com/FgPOIcjGnZiYC4z1j7yOed6eCS_V','','9E2BDAE1@C452@BB5C@9900@E8449F947476','',4,'rBAEB5F23@7A98@3AE3@29AD@E8350BA90434',''),
	(866714724,'1D01000E@0725@E9A2@DDD1@BA30C993AACE','2015-08-09 11:55:11','2015-08-09 11:55:11',0,'1369246932',NULL,'','','8d421e892a47dff539f46142eb09e56b','1234',1,0,'123135571','1.0','who83739','','','http://7xjljc.com2.z0.glb.qiniucdn.com/FgPOIcjGnZiYC4z1j7yOed6eCS_V','','9E2BDAE1@C452@BB5C@9900@E8449F947476','',5,'r456CD8E0@1F41@859F@C2D4@D0B9EFFA5674',''),
	(866714725,'F84CCF50@66E0@EEBB@2D26@CDB40F98242F','2015-08-09 11:55:11','2015-08-09 11:55:11',0,'1367947932',NULL,'','','8d421e892a47dff539f46142eb09e56b','1234',1,0,'12329970','1.0','who63791','','','http://7xjljc.com2.z0.glb.qiniucdn.com/FgPOIcjGnZiYC4z1j7yOed6eCS_V','','9E2BDAE1@C452@BB5C@9900@E8449F947476','',4,'r06F83A3D@058A@62E9@0E54@6F6FF60A8903',''),
	(866714726,'E94E613A@E064@1DD4@287E@7CB26D10EBE4','2015-08-09 11:55:11','2015-08-09 11:55:11',1,'1369714932',NULL,'','','8d421e892a47dff539f46142eb09e56b','1234',1,0,'123159908','1.0','who67794','','','http://7xjljc.com2.z0.glb.qiniucdn.com/FgPOIcjGnZiYC4z1j7yOed6eCS_V','','9E2BDAE1@C452@BB5C@9900@E8449F947476','',6,'rB4162B89@28C5@F62F@876F@00F8FD3AEE7B',''),
	(866714727,'DDD44933@8B91@FD76@E29B@DB33FD733ACF','2015-08-09 11:55:11','2015-08-09 11:55:11',0,'1366387932',NULL,'','','8d421e892a47dff539f46142eb09e56b','1234',1,0,'12360841','1.0','who89221','','','http://7xjljc.com2.z0.glb.qiniucdn.com/FgPOIcjGnZiYC4z1j7yOed6eCS_V','','9E2BDAE1@C452@BB5C@9900@E8449F947476','',5,'r73B4DB25@1EC3@1F22@85B6@5A2808F7FF2B',''),
	(866714728,'B1E5DE42@7402@0B37@6BBD@C784471AF057','2015-08-09 11:55:11','2015-08-09 11:55:11',1,'1368290932',NULL,'','','8d421e892a47dff539f46142eb09e56b','1234',1,0,'12392850','1.0','who28249','','','http://7xjljc.com2.z0.glb.qiniucdn.com/FgPOIcjGnZiYC4z1j7yOed6eCS_V','','9E2BDAE1@C452@BB5C@9900@E8449F947476','',5,'rF2AE7B42@6829@CF1A@35B7@EE81C47ECBA0',''),
	(866714729,'C6139214@7800@493B@2AEB@F50AE657B817','2015-08-09 11:55:11','2015-08-09 11:55:11',1,'1369334932',NULL,'','','8d421e892a47dff539f46142eb09e56b','1234',1,0,'123149096','1.0','who85624','','','http://7xjljc.com2.z0.glb.qiniucdn.com/FgPOIcjGnZiYC4z1j7yOed6eCS_V','','9E2BDAE1@C452@BB5C@9900@E8449F947476','',4,'r9C71DBA4@4E88@428D@703C@7B176A9F48EE',''),
	(866714730,'C7E040C8@A77E@6461@F0F4@CFB0DC65AAE5','2015-08-09 11:55:11','2015-08-09 11:55:11',1,'1366316932',NULL,'','','8d421e892a47dff539f46142eb09e56b','1234',1,0,'12337762','1.0','who95946','','','http://7xjljc.com2.z0.glb.qiniucdn.com/FgPOIcjGnZiYC4z1j7yOed6eCS_V','','9E2BDAE1@C452@BB5C@9900@E8449F947476','',7,'rD0A75F5F@113B@DF24@DF06@44F3898FB5A2',''),
	(866714731,'B511AD65@3E93@1B32@4A77@6AB558F6E62C','2015-08-09 11:55:11','2015-08-09 11:55:11',0,'1361154932',NULL,'','','8d421e892a47dff539f46142eb09e56b','1234',1,0,'123131901','1.0','who20990','','','http://7xjljc.com2.z0.glb.qiniucdn.com/FgPOIcjGnZiYC4z1j7yOed6eCS_V','','9E2BDAE1@C452@BB5C@9900@E8449F947476','',7,'rE7EBC502@163C@7C3A@BEEC@48E79DF1B64B',''),
	(866714732,'76C6A433@51CA@2D1E@DA9F@4067894CD3CE','2015-08-09 11:55:11','2015-08-09 11:55:11',0,'1362839932',NULL,'','','8d421e892a47dff539f46142eb09e56b','1234',1,0,'12317024','1.0','who96724','','','http://7xjljc.com2.z0.glb.qiniucdn.com/FgPOIcjGnZiYC4z1j7yOed6eCS_V','','9E2BDAE1@C452@BB5C@9900@E8449F947476','',6,'r539B2FDE@AFAC@8292@5049@BFF926DD4452',''),
	(866714733,'B7B58586@200E@DFAD@87DA@63C3636D02BC','2015-08-09 11:55:11','2015-08-09 11:55:11',1,'1369098932',NULL,'','','8d421e892a47dff539f46142eb09e56b','1234',1,0,'12320600','1.0','who56284','','','http://7xjljc.com2.z0.glb.qiniucdn.com/FgPOIcjGnZiYC4z1j7yOed6eCS_V','','9E2BDAE1@C452@BB5C@9900@E8449F947476','',5,'r64B0D628@9BEA@C662@3DB5@8E3AB1B1C7BE',''),
	(866714734,'1567B8FD@B2E8@05AB@A0F0@95B876386ABC','2015-08-09 11:55:11','2015-08-09 11:55:11',1,'1365564932',NULL,'','','8d421e892a47dff539f46142eb09e56b','1234',1,0,'12369563','1.0','who68689','','','http://7xjljc.com2.z0.glb.qiniucdn.com/FgPOIcjGnZiYC4z1j7yOed6eCS_V','','9E2BDAE1@C452@BB5C@9900@E8449F947476','',6,'r180EC157@5687@C6DB@E75E@F4BB1783352A',''),
	(866714735,'D05F23A6@E94B@6CA5@DBEE@8F7C2CE08890','2015-08-09 11:55:11','2015-08-09 11:55:11',0,'1362338932',NULL,'','','8d421e892a47dff539f46142eb09e56b','1234',1,0,'12320830','1.0','who85012','','','http://7xjljc.com2.z0.glb.qiniucdn.com/FgPOIcjGnZiYC4z1j7yOed6eCS_V','','9E2BDAE1@C452@BB5C@9900@E8449F947476','',4,'r015A0F22@5824@C378@9DA5@60693CBC73A7',''),
	(866714736,'6285509B@DC12@9D29@56E4@15D08E483AE9','2015-08-09 11:55:11','2015-08-09 11:55:11',1,'1363992932',NULL,'','','8d421e892a47dff539f46142eb09e56b','1234',1,0,'12390985','1.0','who14846','','','http://7xjljc.com2.z0.glb.qiniucdn.com/FgPOIcjGnZiYC4z1j7yOed6eCS_V','','9E2BDAE1@C452@BB5C@9900@E8449F947476','',7,'r318F8859@9918@E32E@6DBA@F7EBD720776C',''),
	(866714737,'18058954@B6CD@8888@BA1C@2FF3218CC09E','2015-08-09 11:55:11','2015-08-09 11:55:11',0,'1363097932',NULL,'','','8d421e892a47dff539f46142eb09e56b','1234',1,0,'12339409','1.0','who49602','','','http://7xjljc.com2.z0.glb.qiniucdn.com/FgPOIcjGnZiYC4z1j7yOed6eCS_V','','9E2BDAE1@C452@BB5C@9900@E8449F947476','',5,'rEC97976F@595F@2218@0A2F@E3FEA1F21318',''),
	(866714738,'5344F2A8@09FC@7FB3@69C3@A178EE5E58A8','2015-08-09 11:55:12','2015-08-09 11:55:12',0,'1361979932',NULL,'','','8d421e892a47dff539f46142eb09e56b','1234',1,0,'123124661','1.0','who85839','','','http://7xjljc.com2.z0.glb.qiniucdn.com/FgPOIcjGnZiYC4z1j7yOed6eCS_V','','9E2BDAE1@C452@BB5C@9900@E8449F947476','',2,'r79144E3B@3072@B27D@4840@492FE0864871',''),
	(866714739,'66AF3228@5D5F@364A@E9A1@3583C74A7579','2015-08-09 11:55:12','2015-08-09 11:55:12',1,'1367733932',NULL,'','','8d421e892a47dff539f46142eb09e56b','1234',1,0,'12380119','1.0','who91843','','','http://7xjljc.com2.z0.glb.qiniucdn.com/FgPOIcjGnZiYC4z1j7yOed6eCS_V','','9E2BDAE1@C452@BB5C@9900@E8449F947476','',3,'rBA62B634@AC61@F08D@A42D@6D0E74061784',''),
	(866714740,'480DB9DF@EDA8@26D1@A9C8@24AA269D8F3C','2015-08-09 11:55:12','2015-08-09 11:55:12',0,'1363314932',NULL,'','','8d421e892a47dff539f46142eb09e56b','1234',1,0,'12318212','1.0','who98517','','','http://7xjljc.com2.z0.glb.qiniucdn.com/FgPOIcjGnZiYC4z1j7yOed6eCS_V','','9E2BDAE1@C452@BB5C@9900@E8449F947476','',1,'rD4717275@65D6@7237@E262@FA7FA6D97BC0',''),
	(866714741,'45BE9AA1@3D0E@8391@8164@52990DC66295','2015-08-09 11:55:12','2015-08-09 11:55:12',1,'1361451932',NULL,'','','8d421e892a47dff539f46142eb09e56b','1234',1,0,'12320886','1.0','who13816','','','http://7xjljc.com2.z0.glb.qiniucdn.com/FgPOIcjGnZiYC4z1j7yOed6eCS_V','','9E2BDAE1@C452@BB5C@9900@E8449F947476','',7,'rC80B979E@03B4@D8FF@E291@E69E2950A386',''),
	(866714742,'9FEC92AD@0946@E8EE@A1F6@7EB30775DC5C','2015-08-09 11:55:12','2015-08-09 11:55:12',1,'1361464932',NULL,'','','8d421e892a47dff539f46142eb09e56b','1234',1,0,'12398375','1.0','who67740','','','http://7xjljc.com2.z0.glb.qiniucdn.com/FgPOIcjGnZiYC4z1j7yOed6eCS_V','','9E2BDAE1@C452@BB5C@9900@E8449F947476','',5,'r79342E1B@2A29@743E@DBB9@05D6FCB9F7A9',''),
	(866714743,'B8CCF93C@3452@B402@9C0A@72C2B0AAC604','2015-08-09 11:55:12','2015-08-09 11:55:12',1,'1367551932',NULL,'','','8d421e892a47dff539f46142eb09e56b','1234',1,0,'123114160','1.0','who56283','','','http://7xjljc.com2.z0.glb.qiniucdn.com/FgPOIcjGnZiYC4z1j7yOed6eCS_V','','9E2BDAE1@C452@BB5C@9900@E8449F947476','',7,'r80109375@9741@3ECD@2442@FBAAE5EE4938',''),
	(866714744,'948753A6@14DB@0190@903C@24724A1A5680','2015-08-09 11:55:12','2015-08-09 11:55:12',0,'1365352932',NULL,'','','8d421e892a47dff539f46142eb09e56b','1234',1,0,'12378651','1.0','who99915','','','http://7xjljc.com2.z0.glb.qiniucdn.com/FgPOIcjGnZiYC4z1j7yOed6eCS_V','','9E2BDAE1@C452@BB5C@9900@E8449F947476','',7,'r312C9975@E6E3@A34B@B0C4@7A1BFB7966F5',''),
	(866714745,'5A123E6D@D215@9DC0@F2D2@87FDC0DFC27D','2015-08-09 11:55:12','2015-08-09 11:55:12',1,'1361396932',NULL,'','','8d421e892a47dff539f46142eb09e56b','1234',1,0,'1235610','1.0','who85131','','','http://7xjljc.com2.z0.glb.qiniucdn.com/FgPOIcjGnZiYC4z1j7yOed6eCS_V','','9E2BDAE1@C452@BB5C@9900@E8449F947476','',1,'r13334C79@4983@1C0D@5D47@B336510F555B',''),
	(866714746,'72A073AA@98D4@C40A@3E73@B4E4F8BD8633','2015-08-09 11:55:12','2015-08-09 11:55:12',0,'1365787932',NULL,'','','8d421e892a47dff539f46142eb09e56b','1234',1,0,'123114915','1.0','who42330','','','http://7xjljc.com2.z0.glb.qiniucdn.com/FgPOIcjGnZiYC4z1j7yOed6eCS_V','','9E2BDAE1@C452@BB5C@9900@E8449F947476','',1,'r7208D858@5E91@7864@8CB4@B7E987DB97B0',''),
	(866714747,'1B225BE7@1EB8@C68F@09CB@3FB7CAC12ACE','2015-08-09 11:55:12','2015-08-09 11:55:12',0,'1368327932',NULL,'','','8d421e892a47dff539f46142eb09e56b','1234',1,0,'12391193','1.0','who42267','','','http://7xjljc.com2.z0.glb.qiniucdn.com/FgPOIcjGnZiYC4z1j7yOed6eCS_V','','9E2BDAE1@C452@BB5C@9900@E8449F947476','',1,'r882EBEF3@C36C@C8EC@C038@3C255CA389CE',''),
	(866714748,'8F187139@B153@85BC@E5E9@2DBED70E2E34','2015-08-09 11:55:12','2015-08-09 11:55:12',0,'1366253932',NULL,'','','8d421e892a47dff539f46142eb09e56b','1234',1,0,'12319684','1.0','who18369','','','http://7xjljc.com2.z0.glb.qiniucdn.com/FgPOIcjGnZiYC4z1j7yOed6eCS_V','','9E2BDAE1@C452@BB5C@9900@E8449F947476','',5,'rBF24D2D6@EB43@4D8C@42FA@5DD72D77C2D9',''),
	(866714749,'D41FEF22@DC07@424C@4A00@13D392992130','2015-08-09 11:55:12','2015-08-09 11:55:12',1,'1361909932',NULL,'','','8d421e892a47dff539f46142eb09e56b','1234',1,0,'12320106','1.0','who93764','','','http://7xjljc.com2.z0.glb.qiniucdn.com/FgPOIcjGnZiYC4z1j7yOed6eCS_V','','9E2BDAE1@C452@BB5C@9900@E8449F947476','',6,'rF74E0459@33B7@8835@3503@D42F35DDC0D8',''),
	(866714750,'08F6C172@592F@1B8C@112A@4BC762D7BBA9','2015-08-09 11:55:12','2015-08-09 11:55:12',1,'1364983932',NULL,'','','8d421e892a47dff539f46142eb09e56b','1234',1,0,'12355560','1.0','who61692','','','http://7xjljc.com2.z0.glb.qiniucdn.com/FgPOIcjGnZiYC4z1j7yOed6eCS_V','','9E2BDAE1@C452@BB5C@9900@E8449F947476','',7,'r1C28E993@4ADF@D747@9000@F3DA24FDE8F2',''),
	(866714751,'97BBA79C@9DDD@124D@32F7@3EF7F136D5E8','2015-08-09 11:55:12','2015-08-09 11:55:12',1,'1367373932',NULL,'','','8d421e892a47dff539f46142eb09e56b','1234',1,0,'12313574','1.0','who73584','','','http://7xjljc.com2.z0.glb.qiniucdn.com/FgPOIcjGnZiYC4z1j7yOed6eCS_V','','9E2BDAE1@C452@BB5C@9900@E8449F947476','',3,'rA0B14066@7CEE@7318@C6A1@5B64C9E85E06',''),
	(866714752,'5FF53D10@26A9@27A4@088F@4EDD1BFD5240','2015-08-09 11:55:12','2015-08-09 11:55:12',1,'1368287932',NULL,'','','8d421e892a47dff539f46142eb09e56b','1234',1,0,'12333740','1.0','who23348','','','http://7xjljc.com2.z0.glb.qiniucdn.com/FgPOIcjGnZiYC4z1j7yOed6eCS_V','','9E2BDAE1@C452@BB5C@9900@E8449F947476','',5,'r77F53A9C@D183@EA89@D7CF@F313B3B1EE56',''),
	(866714753,'E87FDA1E@2564@9D8E@5598@E7FD385D1004','2015-08-09 11:55:12','2015-08-09 11:55:12',1,'1364056932',NULL,'','','8d421e892a47dff539f46142eb09e56b','1234',1,0,'12386580','1.0','who41761','','','http://7xjljc.com2.z0.glb.qiniucdn.com/FgPOIcjGnZiYC4z1j7yOed6eCS_V','','9E2BDAE1@C452@BB5C@9900@E8449F947476','',2,'r9FB41238@28FA@B1D7@EDF1@6DDA75C21D43',''),
	(866714754,'D3F46171@1082@3E00@30BC@8C9BD24648DA','2015-08-09 11:55:12','2015-08-09 11:55:12',0,'1361633932',NULL,'','','8d421e892a47dff539f46142eb09e56b','1234',1,0,'123319','1.0','who91915','','','http://7xjljc.com2.z0.glb.qiniucdn.com/FgPOIcjGnZiYC4z1j7yOed6eCS_V','','9E2BDAE1@C452@BB5C@9900@E8449F947476','',7,'rB957A7D4@C498@62EF@4C9A@3DEDA71601E3',''),
	(866714755,'832F2BD0@5DAA@4F15@CF0D@8DF94D5D021E','2015-08-09 11:55:12','2015-08-09 11:55:12',1,'1366625932',NULL,'','','8d421e892a47dff539f46142eb09e56b','1234',1,0,'12339968','1.0','who80286','','','http://7xjljc.com2.z0.glb.qiniucdn.com/FgPOIcjGnZiYC4z1j7yOed6eCS_V','','9E2BDAE1@C452@BB5C@9900@E8449F947476','',2,'rEFEBA259@9732@2BD3@D58F@C33EB0E30A82',''),
	(866714756,'DC5557F2@AD56@5EF8@8942@817A4BE47D0E','2015-08-09 11:55:12','2015-08-09 11:55:12',1,'1368333932',NULL,'','','8d421e892a47dff539f46142eb09e56b','1234',1,0,'123104307','1.0','who35457','','','http://7xjljc.com2.z0.glb.qiniucdn.com/FgPOIcjGnZiYC4z1j7yOed6eCS_V','','9E2BDAE1@C452@BB5C@9900@E8449F947476','',5,'r2F2277A2@731C@7C69@71B2@BD8EA8F9161E',''),
	(866714757,'BBFBFF76@598E@3E09@807D@106CE8824088','2015-08-09 11:55:13','2015-08-09 11:55:13',1,'1364806932',NULL,'','','8d421e892a47dff539f46142eb09e56b','1234',1,0,'123114287','1.0','who35161','','','http://7xjljc.com2.z0.glb.qiniucdn.com/FgPOIcjGnZiYC4z1j7yOed6eCS_V','','9E2BDAE1@C452@BB5C@9900@E8449F947476','',5,'rBFB8D8E0@27DF@25AC@6BBE@A5B7DAEADDE6',''),
	(866714758,'1E7EBC85@052A@BE3D@D6A2@C1EC9DE0D169','2015-08-09 11:55:13','2015-08-09 11:55:13',0,'1365120932',NULL,'','','8d421e892a47dff539f46142eb09e56b','1234',1,0,'123162175','1.0','who62695','','','http://7xjljc.com2.z0.glb.qiniucdn.com/FgPOIcjGnZiYC4z1j7yOed6eCS_V','','9E2BDAE1@C452@BB5C@9900@E8449F947476','',6,'r556CA820@30A0@2E93@F5BE@5EDDF76F6DEA',''),
	(866714759,'287B55C5@C63A@F22E@1FA6@366A0BF17B81','2015-08-09 11:55:13','2015-08-09 11:55:13',1,'1362804932',NULL,'','','8d421e892a47dff539f46142eb09e56b','1234',1,0,'12322228','1.0','who79489','','','http://7xjljc.com2.z0.glb.qiniucdn.com/FgPOIcjGnZiYC4z1j7yOed6eCS_V','','9E2BDAE1@C452@BB5C@9900@E8449F947476','',3,'rC43FF50D@9572@8EBD@0296@F75530024B17',''),
	(866714760,'55DA2912@B65C@8C38@B986@957CC8FCF96F','2015-08-09 11:55:13','2015-08-09 11:55:13',0,'1369408932',NULL,'','','8d421e892a47dff539f46142eb09e56b','1234',1,0,'123143069','1.0','who73228','','','http://7xjljc.com2.z0.glb.qiniucdn.com/FgPOIcjGnZiYC4z1j7yOed6eCS_V','','9E2BDAE1@C452@BB5C@9900@E8449F947476','',2,'rD25F71A7@26E6@186E@A320@0BA3F3F7ABD7',''),
	(866714761,'9AE380C7@DA0C@4494@1CB0@1D243FF40FB5','2015-08-09 11:55:13','2015-08-09 11:55:13',0,'1365330932',NULL,'','','8d421e892a47dff539f46142eb09e56b','1234',1,0,'123152825','1.0','who40480','','','http://7xjljc.com2.z0.glb.qiniucdn.com/FgPOIcjGnZiYC4z1j7yOed6eCS_V','','9E2BDAE1@C452@BB5C@9900@E8449F947476','',6,'rAC88923B@8979@BEB6@B371@E663BC72C060',''),
	(866714762,'6BCAA1CC@0C3E@917F@0ED2@CBFF0CCE4C1F','2015-08-09 11:55:13','2015-08-09 11:55:13',0,'1362243932',NULL,'','','8d421e892a47dff539f46142eb09e56b','1234',1,0,'12383605','1.0','who66479','','','http://7xjljc.com2.z0.glb.qiniucdn.com/FgPOIcjGnZiYC4z1j7yOed6eCS_V','','9E2BDAE1@C452@BB5C@9900@E8449F947476','',2,'r983D09E5@2382@2413@0B75@C70C447636D5',''),
	(866714763,'2D51CD2C@7544@5CBA@CB67@6D39E0DFADAD','2015-08-09 11:55:13','2015-08-09 11:55:13',0,'1361525932',NULL,'','','8d421e892a47dff539f46142eb09e56b','1234',1,0,'123128819','1.0','who46214','','','http://7xjljc.com2.z0.glb.qiniucdn.com/FgPOIcjGnZiYC4z1j7yOed6eCS_V','','9E2BDAE1@C452@BB5C@9900@E8449F947476','',7,'r4E9EB8DA@F75D@421D@DC9E@87E08001CB90',''),
	(866714764,'85DE5D77@F5E2@ED97@1337@2355A7D18AB0','2015-08-09 11:55:13','2015-08-09 11:55:13',0,'1363449932',NULL,'','','8d421e892a47dff539f46142eb09e56b','1234',1,0,'1238957','1.0','who50720','','','http://7xjljc.com2.z0.glb.qiniucdn.com/FgPOIcjGnZiYC4z1j7yOed6eCS_V','','9E2BDAE1@C452@BB5C@9900@E8449F947476','',3,'r459B9670@5F35@CC16@7A4C@9DCE7B9D1C56',''),
	(866714765,'7574D446@5EE7@C971@699C@F8D3C7851923','2015-08-09 11:55:13','2015-08-09 11:55:13',0,'1361542932',NULL,'','','8d421e892a47dff539f46142eb09e56b','1234',1,0,'123152593','1.0','who28015','','','http://7xjljc.com2.z0.glb.qiniucdn.com/FgPOIcjGnZiYC4z1j7yOed6eCS_V','','9E2BDAE1@C452@BB5C@9900@E8449F947476','',7,'r9DEB93AD@5C80@02C5@48B0@B2B97075D070',''),
	(866714766,'187C4892@717F@0FA4@D8B1@9DDA92A2F6C6','2015-08-09 11:55:13','2015-08-09 11:55:13',0,'1364864932',NULL,'','','8d421e892a47dff539f46142eb09e56b','1234',1,0,'123153628','1.0','who80798','','','http://7xjljc.com2.z0.glb.qiniucdn.com/FgPOIcjGnZiYC4z1j7yOed6eCS_V','','9E2BDAE1@C452@BB5C@9900@E8449F947476','',4,'rAA37AADB@3242@88D0@18A4@C632D84F09EC',''),
	(866714767,'026358C2@2ADD@0455@14B4@A6B19696B802','2015-08-09 11:55:13','2015-08-09 11:55:13',0,'1368616932',NULL,'','','8d421e892a47dff539f46142eb09e56b','1234',1,0,'12394813','1.0','who68807','','','http://7xjljc.com2.z0.glb.qiniucdn.com/FgPOIcjGnZiYC4z1j7yOed6eCS_V','','9E2BDAE1@C452@BB5C@9900@E8449F947476','',2,'rFD207CD0@487F@B411@A044@71BDE0F82877',''),
	(866714768,'35CBD336@4CA4@AB03@ABDC@8440C6854893','2015-08-09 11:55:13','2015-08-09 11:55:13',1,'1368370932',NULL,'','','8d421e892a47dff539f46142eb09e56b','1234',1,0,'12344347','1.0','who58906','','','http://7xjljc.com2.z0.glb.qiniucdn.com/FgPOIcjGnZiYC4z1j7yOed6eCS_V','','9E2BDAE1@C452@BB5C@9900@E8449F947476','',5,'r64896EA8@5680@2BBB@79FC@D2E965455467',''),
	(866714769,'D6DF4E15@ACB2@E456@BAF6@A9C59A4BD4F6','2015-08-09 11:55:13','2015-08-09 11:55:13',1,'1362022932',NULL,'','','8d421e892a47dff539f46142eb09e56b','1234',1,0,'123113249','1.0','who74201','','','http://7xjljc.com2.z0.glb.qiniucdn.com/FgPOIcjGnZiYC4z1j7yOed6eCS_V','','9E2BDAE1@C452@BB5C@9900@E8449F947476','',6,'rE2006B41@683F@DA33@295A@05A86DEEA780',''),
	(866714770,'188285F5@8B15@DA2A@F515@5550C62F15BB','2015-08-09 11:55:13','2015-08-09 11:55:13',1,'1366218932',NULL,'','','8d421e892a47dff539f46142eb09e56b','1234',1,0,'123156017','1.0','who31551','','','http://7xjljc.com2.z0.glb.qiniucdn.com/FgPOIcjGnZiYC4z1j7yOed6eCS_V','','9E2BDAE1@C452@BB5C@9900@E8449F947476','',4,'r1971BAE1@B978@B0C4@CAA8@C12F87C58006',''),
	(866714771,'31CCE3FB@7F7A@6243@E1BB@4D16F301C421','2015-08-09 11:55:13','2015-08-09 11:55:13',0,'1364293932',NULL,'','','8d421e892a47dff539f46142eb09e56b','1234',1,0,'12330610','1.0','who65022','','','http://7xjljc.com2.z0.glb.qiniucdn.com/FgPOIcjGnZiYC4z1j7yOed6eCS_V','','9E2BDAE1@C452@BB5C@9900@E8449F947476','',6,'r22B54528@7F1E@7CEF@87C5@1A866923F71B',''),
	(866714772,'EA1CC3D5@D855@D335@9F60@421887669853','2015-08-09 11:55:13','2015-08-09 11:55:13',1,'1366950932',NULL,'','','8d421e892a47dff539f46142eb09e56b','1234',1,0,'12362993','1.0','who21750','','','http://7xjljc.com2.z0.glb.qiniucdn.com/FgPOIcjGnZiYC4z1j7yOed6eCS_V','','9E2BDAE1@C452@BB5C@9900@E8449F947476','',5,'r485C6CD5@03DA@0C30@09E4@45FE518983E0',''),
	(866714773,'EF96A838@4657@6434@767D@54CCA81C01E6','2015-08-09 11:55:13','2015-08-09 11:55:13',1,'1367156932',NULL,'','','8d421e892a47dff539f46142eb09e56b','1234',1,0,'12345576','1.0','who71362','','','http://7xjljc.com2.z0.glb.qiniucdn.com/FgPOIcjGnZiYC4z1j7yOed6eCS_V','','9E2BDAE1@C452@BB5C@9900@E8449F947476','',2,'rCFCBE922@3261@47FD@75A0@99B3AB33841F',''),
	(866714774,'2C21C268@88C6@2AA7@C67C@09E42668FE96','2015-08-09 11:55:13','2015-08-09 11:55:13',0,'1367800932',NULL,'','','8d421e892a47dff539f46142eb09e56b','1234',1,0,'12393844','1.0','who86634','','','http://7xjljc.com2.z0.glb.qiniucdn.com/FgPOIcjGnZiYC4z1j7yOed6eCS_V','','9E2BDAE1@C452@BB5C@9900@E8449F947476','',6,'r3C1E02AA@775B@F04B@A23C@C6A47E68937D',''),
	(866714775,'850B4F3F@7687@9486@EF9C@585115074806','2015-08-09 11:55:13','2015-08-09 11:55:13',0,'1365304932',NULL,'','','8d421e892a47dff539f46142eb09e56b','1234',1,0,'123143569','1.0','who49808','','','http://7xjljc.com2.z0.glb.qiniucdn.com/FgPOIcjGnZiYC4z1j7yOed6eCS_V','','9E2BDAE1@C452@BB5C@9900@E8449F947476','',4,'r6E5FEAA5@7ED0@94C3@EA03@1EC4D8729A6E',''),
	(866714776,'1593D798@7498@3C97@741E@35C5F4EAB35D','2015-08-09 11:55:14','2015-08-09 11:55:14',1,'1369122932',NULL,'','','8d421e892a47dff539f46142eb09e56b','1234',1,0,'123102829','1.0','who14365','','','http://7xjljc.com2.z0.glb.qiniucdn.com/FgPOIcjGnZiYC4z1j7yOed6eCS_V','','9E2BDAE1@C452@BB5C@9900@E8449F947476','',2,'rC351742C@469C@DEAD@4B25@F8FA4BA29DB5',''),
	(866714777,'0E693B60@C8B7@29E1@213C@EC93CB315ADA','2015-08-09 11:55:14','2015-08-09 11:55:14',0,'1363842932',NULL,'','','8d421e892a47dff539f46142eb09e56b','1234',1,0,'12389324','1.0','who51971','','','http://7xjljc.com2.z0.glb.qiniucdn.com/FgPOIcjGnZiYC4z1j7yOed6eCS_V','','9E2BDAE1@C452@BB5C@9900@E8449F947476','',6,'r4C63F87B@47E8@C935@6766@FCB1A90CF669',''),
	(866714778,'B845F858@651B@A5DB@F975@D0968161A880','2015-08-09 11:55:14','2015-08-09 11:55:14',0,'1363909932',NULL,'','','8d421e892a47dff539f46142eb09e56b','1234',1,0,'1231123','1.0','who54731','','','http://7xjljc.com2.z0.glb.qiniucdn.com/FgPOIcjGnZiYC4z1j7yOed6eCS_V','','9E2BDAE1@C452@BB5C@9900@E8449F947476','',5,'r8912F383@6107@E157@0491@B034DFE15560',''),
	(866714779,'E502AE81@69AD@8E4B@4982@5E40F28791CE','2015-08-09 11:55:14','2015-08-09 11:55:14',0,'1362220932',NULL,'','','8d421e892a47dff539f46142eb09e56b','1234',1,0,'123197433','1.0','who91261','','','http://7xjljc.com2.z0.glb.qiniucdn.com/FgPOIcjGnZiYC4z1j7yOed6eCS_V','','9E2BDAE1@C452@BB5C@9900@E8449F947476','',7,'rD4B8D01D@8D08@4B61@67E1@105F07BAFE45',''),
	(866714780,'D4256CD5@3C57@0C9B@DCD0@C1DAB48EB23B','2015-08-09 11:55:14','2015-08-09 11:55:14',0,'1366435932',NULL,'','','8d421e892a47dff539f46142eb09e56b','1234',1,0,'1239341','1.0','who22081','','','http://7xjljc.com2.z0.glb.qiniucdn.com/FgPOIcjGnZiYC4z1j7yOed6eCS_V','','9E2BDAE1@C452@BB5C@9900@E8449F947476','',4,'r2CE4C576@10A6@070C@A7F4@FF925FF6E0ED',''),
	(866714781,'66E6CCA0@06FD@DBFC@9967@006DFDC395CA','2015-08-09 11:55:14','2015-08-09 11:55:14',1,'1361692932',NULL,'','','8d421e892a47dff539f46142eb09e56b','1234',1,0,'12325180','1.0','who88416','','','http://7xjljc.com2.z0.glb.qiniucdn.com/FgPOIcjGnZiYC4z1j7yOed6eCS_V','','9E2BDAE1@C452@BB5C@9900@E8449F947476','',4,'r23708F17@7E5B@E7C1@ECE3@66C73D5933D9',''),
	(866714782,'53C4C599@EB2A@25FF@97FC@7FB78FFD33A6','2015-08-09 11:55:14','2015-08-09 11:55:14',1,'1369637932',NULL,'','','8d421e892a47dff539f46142eb09e56b','1234',1,0,'12385280','1.0','who94671','','','http://7xjljc.com2.z0.glb.qiniucdn.com/FgPOIcjGnZiYC4z1j7yOed6eCS_V','','9E2BDAE1@C452@BB5C@9900@E8449F947476','',2,'rEA4F4CF9@7439@8843@E2E5@42798D795281',''),
	(866714783,'63FD8631@B28F@D962@F8D1@BB75FBA29887','2015-08-09 11:55:14','2015-08-09 11:55:14',1,'1369984932',NULL,'','','8d421e892a47dff539f46142eb09e56b','1234',1,0,'12399116','1.0','who98635','','','http://7xjljc.com2.z0.glb.qiniucdn.com/FgPOIcjGnZiYC4z1j7yOed6eCS_V','','9E2BDAE1@C452@BB5C@9900@E8449F947476','',1,'r8410A82F@8F2C@279F@7BAB@65088F812581',''),
	(866714784,'DB417071@80E5@4B91@C601@284A6339551D','2015-08-09 11:55:14','2015-08-09 11:55:14',1,'1362246932',NULL,'','','8d421e892a47dff539f46142eb09e56b','1234',1,0,'1238376','1.0','who93121','','','http://7xjljc.com2.z0.glb.qiniucdn.com/FgPOIcjGnZiYC4z1j7yOed6eCS_V','','9E2BDAE1@C452@BB5C@9900@E8449F947476','',NULL,'rC590A402@A70C@2610@F5CC@10CD52B32CAB',''),
	(866714785,'6AC27E53@BB4A@C142@4DC8@5F2C11250E68','2015-08-09 11:55:14','2015-08-09 11:55:14',0,'1367930932',NULL,'','','8d421e892a47dff539f46142eb09e56b','1234',1,0,'123180870','1.0','who13066','','','http://7xjljc.com2.z0.glb.qiniucdn.com/FgPOIcjGnZiYC4z1j7yOed6eCS_V','','9E2BDAE1@C452@BB5C@9900@E8449F947476','',NULL,'r2E70E2EA@DC8C@34B2@7132@6BC53C24EF17',''),
	(866714786,'4D59657C@4B59@7A58@A3A3@16EABBB94C20','2015-08-09 11:55:14','2015-08-09 11:55:14',0,'1363016932',NULL,'','','8d421e892a47dff539f46142eb09e56b','1234',1,0,'12319164','1.0','who96469','','','http://7xjljc.com2.z0.glb.qiniucdn.com/FgPOIcjGnZiYC4z1j7yOed6eCS_V','','9E2BDAE1@C452@BB5C@9900@E8449F947476','',NULL,'rDFE0FBCA@62ED@EC27@B626@37652145954E',''),
	(866714787,'A5052B21@7A47@1755@95B7@F799E46A435D','2015-08-09 11:55:14','2015-08-09 11:55:14',0,'1367037932',NULL,'','','8d421e892a47dff539f46142eb09e56b','1234',1,0,'123122361','1.0','who22024','','','http://7xjljc.com2.z0.glb.qiniucdn.com/FgPOIcjGnZiYC4z1j7yOed6eCS_V','','9E2BDAE1@C452@BB5C@9900@E8449F947476','',NULL,'r9EA12618@6FDB@3BAF@7141@18379E962FDF',''),
	(866714788,'E9100B6A@F9DE@1F66@41D6@D5B8828370DB','2015-08-09 11:55:14','2015-08-09 11:55:14',1,'1363091932',NULL,'','','8d421e892a47dff539f46142eb09e56b','1234',1,0,'12343522','1.0','who85441','','','http://7xjljc.com2.z0.glb.qiniucdn.com/FgPOIcjGnZiYC4z1j7yOed6eCS_V','','9E2BDAE1@C452@BB5C@9900@E8449F947476','',NULL,'rCF762AD9@F84D@2CA6@2CF9@D3872CAAA4BD',''),
	(866714789,'7BAA9E48@AB50@11D0@1C51@27781156B129','2015-08-09 11:55:14','2015-08-09 11:55:14',1,'1368142932',NULL,'','','8d421e892a47dff539f46142eb09e56b','1234',1,0,'123143469','1.0','who11087','','','http://7xjljc.com2.z0.glb.qiniucdn.com/FgPOIcjGnZiYC4z1j7yOed6eCS_V','','9E2BDAE1@C452@BB5C@9900@E8449F947476','',NULL,'r1EDBA3C6@F7EF@0911@94D2@0EC86AC3B4C9',''),
	(866714790,'9A8FAF4E@FCFD@37A1@E9BE@0D4B6C4BFD20','2015-08-09 11:55:14','2015-08-09 11:55:14',0,'1365112932',NULL,'','','8d421e892a47dff539f46142eb09e56b','1234',1,0,'12398247','1.0','who90984','','','http://7xjljc.com2.z0.glb.qiniucdn.com/FgPOIcjGnZiYC4z1j7yOed6eCS_V','','9E2BDAE1@C452@BB5C@9900@E8449F947476','',NULL,'r0FB40791@099F@97A6@A63E@F02CF089B63E',''),
	(866714791,'223F2540@8A46@3CA2@6E89@29980CA5D6CF','2015-08-09 11:55:14','2015-08-09 11:55:14',0,'1365834932',NULL,'','','8d421e892a47dff539f46142eb09e56b','1234',1,0,'12399631','1.0','who60481','','','http://7xjljc.com2.z0.glb.qiniucdn.com/FgPOIcjGnZiYC4z1j7yOed6eCS_V','','9E2BDAE1@C452@BB5C@9900@E8449F947476','',NULL,'r0F20216F@248A@9BD2@9322@CBC9C5BDFDF3',''),
	(866714793,'119B59A3@8C8A@687C@24E0@7BFF17BCB436','2015-08-09 11:56:32','2015-08-09 11:56:32',1,'1367538932',NULL,'','','8d421e892a47dff539f46142eb09e56b','1234',1,0,'12396255','1.0','who32390','','','http://7xjljc.com2.z0.glb.qiniucdn.com/FgPOIcjGnZiYC4z1j7yOed6eCS_V','','9E2BDAE1@C452@BB5C@9900@E8449F947476','',NULL,'6408712E@5C2A@A3F5@7265@C0E5028211A0',''),
	(866714794,'746A54EC@9E13@E548@D3E3@5F7A7F59F193','2015-08-09 11:56:32','2015-08-09 11:56:32',0,'1362827932',NULL,'','','8d421e892a47dff539f46142eb09e56b','1234',1,0,'123100798','1.0','who28021','','','http://7xjljc.com2.z0.glb.qiniucdn.com/FgPOIcjGnZiYC4z1j7yOed6eCS_V','','9E2BDAE1@C452@BB5C@9900@E8449F947476','',NULL,'rEE3F44C4@05D4@4435@18AC@85BB5FF01D73',''),
	(866714795,'A4566FF8@0A11@F6DF@FF07@B7B973B708C4','2015-08-09 11:56:32','2015-08-09 11:56:32',0,'1366131932',NULL,'','','8d421e892a47dff539f46142eb09e56b','1234',1,0,'123175727','1.0','who91974','','','http://7xjljc.com2.z0.glb.qiniucdn.com/FgPOIcjGnZiYC4z1j7yOed6eCS_V','','9E2BDAE1@C452@BB5C@9900@E8449F947476','',NULL,'r05D43F87@6F9F@4282@D3B5@A9ADB5F8DA12',''),
	(866714796,'889EFB68@AC38@644C@4C4F@3EEBC1630FEA','2015-08-09 11:56:32','2015-08-09 11:56:32',1,'1361577932',NULL,'','','8d421e892a47dff539f46142eb09e56b','1234',1,0,'1239432','1.0','who75863','','','http://7xjljc.com2.z0.glb.qiniucdn.com/FgPOIcjGnZiYC4z1j7yOed6eCS_V','','9E2BDAE1@C452@BB5C@9900@E8449F947476','',NULL,'r0329C5A9@5D6B@3923@2F21@A219AE7B7E7C',''),
	(866714797,'051FFF0A@0939@CFE1@0059@BABE9DDAE8B9','2015-08-09 11:56:32','2015-08-09 11:56:32',0,'1365353932',NULL,'','','8d421e892a47dff539f46142eb09e56b','1234',1,0,'12344028','1.0','who30116','','','http://7xjljc.com2.z0.glb.qiniucdn.com/FgPOIcjGnZiYC4z1j7yOed6eCS_V','','9E2BDAE1@C452@BB5C@9900@E8449F947476','',NULL,'r2C69B462@9C29@FB03@309A@F8F201309A28',''),
	(866714798,'503165F5@3BFF@382B@4E02@4C7DDE2B6D0D','2015-08-09 11:56:32','2015-08-09 11:56:32',0,'1363834932',NULL,'','','8d421e892a47dff539f46142eb09e56b','1234',1,0,'123112789','1.0','who74429','','','http://7xjljc.com2.z0.glb.qiniucdn.com/FgPOIcjGnZiYC4z1j7yOed6eCS_V','','9E2BDAE1@C452@BB5C@9900@E8449F947476','',NULL,'rCFC6D15F@6DA9@866D@E37F@9DFA380F4B36',''),
	(866714799,'2F37F7C8@414B@246D@A716@AD74D2F90B3A','2015-08-09 11:56:32','2015-08-09 11:56:32',0,'1369922932',NULL,'','','8d421e892a47dff539f46142eb09e56b','1234',1,0,'12338414','1.0','who93383','','','http://7xjljc.com2.z0.glb.qiniucdn.com/FgPOIcjGnZiYC4z1j7yOed6eCS_V','','9E2BDAE1@C452@BB5C@9900@E8449F947476','',NULL,'rC5C0FD34@5656@D3B3@7567@0DBA67E2FE08',''),
	(866714800,'AC1C94F8@AA03@31F0@004F@AE4E6494B9F7','2015-08-09 11:56:32','2015-08-09 11:56:32',0,'1369838932',NULL,'','','8d421e892a47dff539f46142eb09e56b','1234',1,0,'123178595','1.0','who15770','','','http://7xjljc.com2.z0.glb.qiniucdn.com/FgPOIcjGnZiYC4z1j7yOed6eCS_V','','9E2BDAE1@C452@BB5C@9900@E8449F947476','',NULL,'r227F9CF5@3246@64EB@407B@933C311D291E',''),
	(866714801,'D085BF96@5CC8@4A91@6090@BDE2EF14F68A','2015-08-09 11:56:32','2015-08-09 11:56:32',0,'1362688932',NULL,'','','8d421e892a47dff539f46142eb09e56b','1234',1,0,'123183889','1.0','who61888','','','http://7xjljc.com2.z0.glb.qiniucdn.com/FgPOIcjGnZiYC4z1j7yOed6eCS_V','','9E2BDAE1@C452@BB5C@9900@E8449F947476','',NULL,'rED718060@D1B1@25FA@C8C6@94C79C541ABA',''),
	(866714802,'6D20D306@4F33@B0D1@9D64@77E35FCD3398','2015-08-09 11:56:32','2015-08-09 11:56:32',1,'1366111932',NULL,'','','8d421e892a47dff539f46142eb09e56b','1234',1,0,'123158321','1.0','who21747','','','http://7xjljc.com2.z0.glb.qiniucdn.com/FgPOIcjGnZiYC4z1j7yOed6eCS_V','','9E2BDAE1@C452@BB5C@9900@E8449F947476','',NULL,'rC09542EF@D421@99AB@E650@172F0688A178',''),
	(866714803,'E77916A4@5E1C@1674@8D71@ECD89106F3FB','2015-08-09 11:56:32','2015-08-09 11:56:32',0,'1369868932',NULL,'','','8d421e892a47dff539f46142eb09e56b','1234',1,0,'123140289','1.0','who14991','','','http://7xjljc.com2.z0.glb.qiniucdn.com/FgPOIcjGnZiYC4z1j7yOed6eCS_V','','9E2BDAE1@C452@BB5C@9900@E8449F947476','',NULL,'rEEBF7386@777E@971C@D187@1027B80F7892',''),
	(866714804,'4313DDA3@3EA5@ABCD@581F@D4D8B1B07163','2015-08-09 11:56:32','2015-08-09 11:56:32',1,'1365225932',NULL,'','','8d421e892a47dff539f46142eb09e56b','1234',1,0,'12379253','1.0','who88477','','','http://7xjljc.com2.z0.glb.qiniucdn.com/FgPOIcjGnZiYC4z1j7yOed6eCS_V','','9E2BDAE1@C452@BB5C@9900@E8449F947476','',NULL,'rC94563E6@8908@74C6@11F3@B9FD5E9C7697',''),
	(866714805,'01615220@876F@FA5C@AACB@322098EC7D4E','2015-08-09 11:56:32','2015-08-09 11:56:32',1,'1361654932',NULL,'','','8d421e892a47dff539f46142eb09e56b','1234',1,0,'12327454','1.0','who52225','','','http://7xjljc.com2.z0.glb.qiniucdn.com/FgPOIcjGnZiYC4z1j7yOed6eCS_V','','9E2BDAE1@C452@BB5C@9900@E8449F947476','',NULL,'r9A6A37F6@31D5@4C81@D644@79AFFACC3091',''),
	(866714806,'6FFBC49B@2FC0@CBA4@554D@939FCBD6B96E','2015-08-09 11:56:33','2015-08-09 11:56:33',1,'1362751932',NULL,'','','8d421e892a47dff539f46142eb09e56b','1234',1,0,'123154246','1.0','who51206','','','http://7xjljc.com2.z0.glb.qiniucdn.com/FgPOIcjGnZiYC4z1j7yOed6eCS_V','','9E2BDAE1@C452@BB5C@9900@E8449F947476','',NULL,'rA386C963@431B@7FA7@5DC9@64F2A3153BD6',''),
	(866714807,'C8D52360@4921@CFB2@7FBF@5E33BBE23C1F','2015-08-09 11:56:33','2015-08-09 11:56:33',0,'1365024932',NULL,'','','8d421e892a47dff539f46142eb09e56b','1234',1,0,'123115571','1.0','who17899','','','http://7xjljc.com2.z0.glb.qiniucdn.com/FgPOIcjGnZiYC4z1j7yOed6eCS_V','','9E2BDAE1@C452@BB5C@9900@E8449F947476','',NULL,'rA725FBBE@8049@E938@B837@F2A43FC2A526',''),
	(866714808,'69E72D5B@59E0@2EF4@2B2C@CC1292B85B13','2015-08-09 11:56:33','2015-08-09 11:56:33',0,'1363766932',NULL,'','','8d421e892a47dff539f46142eb09e56b','1234',1,0,'12372637','1.0','who96024','','','http://7xjljc.com2.z0.glb.qiniucdn.com/FgPOIcjGnZiYC4z1j7yOed6eCS_V','','9E2BDAE1@C452@BB5C@9900@E8449F947476','',NULL,'r986D08FA@A488@135B@C386@A8418986DBCE',''),
	(866714809,'C220E2B5@32D2@EF80@BD87@00A5EF2812C0','2015-08-09 11:56:33','2015-08-09 11:56:33',0,'1363025932',NULL,'','','8d421e892a47dff539f46142eb09e56b','1234',1,0,'12319493','1.0','who33193','','','http://7xjljc.com2.z0.glb.qiniucdn.com/FgPOIcjGnZiYC4z1j7yOed6eCS_V','','9E2BDAE1@C452@BB5C@9900@E8449F947476','',NULL,'rA140F6A5@FD5D@43A8@6F01@6A04D68ECBC3',''),
	(866714810,'F551235B@8455@18FC@9EC6@4B43EF13D329','2015-08-09 11:56:33','2015-08-09 11:56:33',1,'1365342932',NULL,'','','8d421e892a47dff539f46142eb09e56b','1234',1,0,'123190345','1.0','who92479','','','http://7xjljc.com2.z0.glb.qiniucdn.com/FgPOIcjGnZiYC4z1j7yOed6eCS_V','','9E2BDAE1@C452@BB5C@9900@E8449F947476','',NULL,'r8C36AB96@2C8D@FFF7@C4C2@468A934D3A0E',''),
	(866714811,'0CD59F38@D340@F713@C728@68A1D77EE779','2015-08-09 11:56:33','2015-08-09 11:56:33',0,'1364447932',NULL,'','','8d421e892a47dff539f46142eb09e56b','1234',1,0,'123168207','1.0','who57760','','','http://7xjljc.com2.z0.glb.qiniucdn.com/FgPOIcjGnZiYC4z1j7yOed6eCS_V','','9E2BDAE1@C452@BB5C@9900@E8449F947476','',NULL,'r6BF17D57@A1A7@03C9@2389@833DB4594707',''),
	(866714812,'2B9444A2@1455@D9DD@6719@5AEB31A33334','2015-08-09 11:56:33','2015-08-09 11:56:33',0,'1364347932',NULL,'','','8d421e892a47dff539f46142eb09e56b','1234',1,0,'12391991','1.0','who76536','','','http://7xjljc.com2.z0.glb.qiniucdn.com/FgPOIcjGnZiYC4z1j7yOed6eCS_V','','9E2BDAE1@C452@BB5C@9900@E8449F947476','',NULL,'r9404FF8A@03D2@27AC@8B08@7F1C46F5B77E',''),
	(866714813,'0C0257A3@3254@77A1@67A6@76936C83CCA7','2015-08-09 11:56:33','2015-08-09 11:56:33',0,'1363916932',NULL,'','','8d421e892a47dff539f46142eb09e56b','1234',1,0,'12356040','1.0','who17586','','','http://7xjljc.com2.z0.glb.qiniucdn.com/FgPOIcjGnZiYC4z1j7yOed6eCS_V','','9E2BDAE1@C452@BB5C@9900@E8449F947476','',NULL,'r9C5B5286@7A9E@9BDF@7BAF@A95FA9F23AE0',''),
	(866714814,'41EE90DE@09DA@60A3@A0AC@392E33122ABB','2015-08-09 11:56:33','2015-08-09 11:56:33',1,'1369018932',NULL,'','','8d421e892a47dff539f46142eb09e56b','1234',1,0,'12329806','1.0','who35810','','','http://7xjljc.com2.z0.glb.qiniucdn.com/FgPOIcjGnZiYC4z1j7yOed6eCS_V','','9E2BDAE1@C452@BB5C@9900@E8449F947476','',NULL,'rB07CCE96@4994@4C1F@9C9E@04E966B90B2D',''),
	(866714815,'6053D035@F827@330F@4FCC@CF3A3EA6B712','2015-08-09 11:56:33','2015-08-09 11:56:33',0,'1363201932',NULL,'','','8d421e892a47dff539f46142eb09e56b','1234',1,0,'12332298','1.0','who84106','','','http://7xjljc.com2.z0.glb.qiniucdn.com/FgPOIcjGnZiYC4z1j7yOed6eCS_V','','9E2BDAE1@C452@BB5C@9900@E8449F947476','',NULL,'rC6775841@EF79@F911@FC77@810B9EA51C36',''),
	(866714816,'C208BA17@8D33@79C0@D735@3968A2E97621','2015-08-09 11:56:33','2015-08-09 11:56:33',1,'1368117932',NULL,'','','8d421e892a47dff539f46142eb09e56b','1234',1,0,'12364370','1.0','who91091','','','http://7xjljc.com2.z0.glb.qiniucdn.com/FgPOIcjGnZiYC4z1j7yOed6eCS_V','','9E2BDAE1@C452@BB5C@9900@E8449F947476','',NULL,'r4A9BA433@3276@0624@6ED8@F6B6AF16FEAA',''),
	(866714817,'5E3468D1@59F7@CC00@20AB@A904AD73E083','2015-08-09 11:56:33','2015-08-09 11:56:33',1,'1367052932',NULL,'','','8d421e892a47dff539f46142eb09e56b','1234',1,0,'12382419','1.0','who24630','','','http://7xjljc.com2.z0.glb.qiniucdn.com/FgPOIcjGnZiYC4z1j7yOed6eCS_V','','9E2BDAE1@C452@BB5C@9900@E8449F947476','',NULL,'r883FE3FB@E39C@90BB@CA61@1B411BA4ABD3',''),
	(866714818,'89330709@415D@05FB@8545@F91190AFA863','2015-08-09 11:56:33','2015-08-09 11:56:33',1,'1363978932',NULL,'','','8d421e892a47dff539f46142eb09e56b','1234',1,0,'12383096','1.0','who40052','','','http://7xjljc.com2.z0.glb.qiniucdn.com/FgPOIcjGnZiYC4z1j7yOed6eCS_V','','9E2BDAE1@C452@BB5C@9900@E8449F947476','',NULL,'rAF0BEB52@2F55@67AB@6E12@E082A2AF6C08','');

/*!40000 ALTER TABLE `users` ENABLE KEYS */;
UNLOCK TABLES;



/*!40111 SET SQL_NOTES=@OLD_SQL_NOTES */;
/*!40101 SET SQL_MODE=@OLD_SQL_MODE */;
/*!40014 SET FOREIGN_KEY_CHECKS=@OLD_FOREIGN_KEY_CHECKS */;
/*!40101 SET CHARACTER_SET_CLIENT=@OLD_CHARACTER_SET_CLIENT */;
/*!40101 SET CHARACTER_SET_RESULTS=@OLD_CHARACTER_SET_RESULTS */;
/*!40101 SET COLLATION_CONNECTION=@OLD_COLLATION_CONNECTION */;
